Time,RawSurprise,SurpriseAbs,SurprisePct,PairSide,AlignedSurprise,EventDirection,Impact,Importance,TimeOfDayMinutes,DayOfWeek,Open,High,Low,Close,Volume,Hour,RSI,ATR,MACD_Main,MACD_Signal,Bands_Upper,Bands_Lower,Stoch_Main,Stoch_Signal,ADX_Main,ADX_PlusDI,ADX_MinusDI,RSI_H4,MA_H4,RSI_M15,ATR_M15,Fam_growth,Fam_inflation,Fam_labor,Fam_monetary,Fam_other,Fam_sentiment,Fam_spending,Fam_trade,CC_EU
2018-01-02 12:00:00,0.10000000000000142,0.10000000000000142,0.0016260162601626248,1.0,1.0,1.0,1.0,2.0,720,2.0,135.495,135.556,135.324,135.34,8978.0,12.0,53.11,0.16,0.126,0.151,135.597,135.181,22.89,41.46,28.65,20.49,10.06,59.47,134.847,51.94,0.095,1,0,0,0,0,0,0,0,1
2018-01-04 12:00:00,0.6000000000000014,0.6000000000000014,0.01052631578947371,1.0,1.0,1.0,1.0,2.0,720,4.0,135.55,135.694,135.543,135.658,6740.0,12.0,69.27,0.11,0.092,0.055,135.625,134.977,78.18,64.7,59.24,32.18,3.56,73.78,135.225,65.81,0.079,1,0,0,0,0,0,0,0,1
2018-01-04 12:00:00,-0.29999999999999716,0.29999999999999716,-0.005050505050505002,1.0,-1.0,-1.0,2.0,2.0,720,4.0,135.55,135.694,135.543,135.658,6740.0,12.0,69.27,0.11,0.092,0.055,135.625,134.977,78.18,64.7,59.24,32.18,3.56,73.78,135.225,65.81,0.079,1,0,0,0,0,0,0,0,1
2018-01-05 13:00:00,0.5,0.5,0.45454545454545453,1.0,1.0,1.0,1.0,1.0,780,5.0,136.453,136.553,136.44,136.487,5008.0,13.0,70.0,0.127,0.196,0.2,136.539,135.957,58.21,61.9,52.95,31.76,10.41,75.18,135.589,63.42,0.07,0,1,0,0,0,0,0,0,1
2018-01-05 13:00:00,1.2999999999999998,1.2999999999999998,0.5199999999999999,1.0,1.0,1.0,1.0,1.0,780,5.0,136.453,136.553,136.44,136.487,5008.0,13.0,70.0,0.127,0.196,0.2,136.539,135.957,58.21,61.9,52.95,31.76,10.41,75.18,135.589,63.42,0.07,0,1,0,0,0,0,0,0,1
2018-01-05 13:00:00,-0.09999999999999998,0.09999999999999998,-0.04999999999999999,1.0,-1.0,-1.0,2.0,2.0,780,5.0,136.453,136.553,136.44,136.487,5008.0,13.0,70.0,0.127,0.196,0.2,136.539,135.957,58.21,61.9,52.95,31.76,10.41,75.18,135.589,63.42,0.07,0,1,0,0,0,0,0,0,1
2018-01-05 13:00:00,-0.10000000000000009,0.10000000000000009,-0.040000000000000036,1.0,-1.0,-1.0,2.0,3.0,780,5.0,136.453,136.553,136.44,136.487,5008.0,13.0,70.0,0.127,0.196,0.2,136.539,135.957,58.21,61.9,52.95,31.76,10.41,75.18,135.589,63.42,0.07,0,1,0,0,0,0,0,0,1
2018-01-08 13:00:00,0.5,0.5,0.25,1.0,1.0,1.0,1.0,1.0,780,1.0,135.792,135.813,135.566,135.571,5285.0,13.0,29.45,0.15,-0.121,-0.042,136.517,135.649,16.03,15.42,48.8,4.85,35.35,40.24,135.728,35.52,0.08,0,0,0,0,0,0,1,0,1
2018-01-08 13:00:00,0.11999999999999988,0.11999999999999988,0.04724409448818893,1.0,1.0,1.0,1.0,1.0,780,1.0,135.792,135.813,135.566,135.571,5285.0,13.0,29.45,0.15,-0.121,-0.042,136.517,135.649,16.03,15.42,48.8,4.85,35.35,40.24,135.728,35.52,0.08,0,0,0,0,1,0,0,0,1
2018-01-08 13:00:00,-0.4,0.4,-0.2105263157894737,1.0,-1.0,-1.0,2.0,1.0,780,1.0,135.792,135.813,135.566,135.571,5285.0,13.0,29.45,0.15,-0.121,-0.042,136.517,135.649,16.03,15.42,48.8,4.85,35.35,40.24,135.728,35.52,0.08,0,0,0,0,0,1,0,0,1
2018-01-08 13:00:00,0.3999999999999999,0.3999999999999999,0.11764705882352938,1.0,1.0,1.0,1.0,1.0,780,1.0,135.792,135.813,135.566,135.571,5285.0,13.0,29.45,0.15,-0.121,-0.042,136.517,135.649,16.03,15.42,48.8,4.85,35.35,40.24,135.728,35.52,0.08,0,0,0,0,0,0,1,0,1
2018-01-08 13:00:00,1.5999999999999979,1.5999999999999979,0.08988764044943807,1.0,1.0,1.0,1.0,1.0,780,1.0,135.792,135.813,135.566,135.571,5285.0,13.0,29.45,0.15,-0.121,-0.042,136.517,135.649,16.03,15.42,48.8,4.85,35.35,40.24,135.728,35.52,0.08,0,0,0,0,0,1,0,0,1
2018-01-08 13:00:00,1.5,1.5,0.1744186046511628,1.0,1.0,1.0,1.0,1.0,780,1.0,135.792,135.813,135.566,135.571,5285.0,13.0,29.45,0.15,-0.121,-0.042,136.517,135.649,16.03,15.42,48.8,4.85,35.35,40.24,135.728,35.52,0.08,0,0,0,0,0,1,0,0,1
2018-01-08 13:00:00,1.2999999999999972,1.2999999999999972,0.01123595505617975,1.0,1.0,1.0,1.0,2.0,780,1.0,135.792,135.813,135.566,135.571,5285.0,13.0,29.45,0.15,-0.121,-0.042,136.517,135.649,16.03,15.42,48.8,4.85,35.35,40.24,135.728,35.52,0.08,0,0,0,0,0,1,0,0,1
2018-01-09 13:00:00,-0.10000000000000142,0.10000000000000142,-0.010204081632653206,1.0,1.0,1.0,1.0,2.0,780,2.0,134.569,134.573,134.357,134.395,6062.0,13.0,23.65,0.202,-0.293,-0.271,135.675,134.365,12.06,24.21,28.65,11.47,34.37,30.21,135.638,28.83,0.105,0,0,1,0,0,0,0,0,1
2018-01-11 13:00:00,1.0,1.0,1.0,1.0,1.0,1.0,1.0,2.0,780,4.0,133.362,133.46,133.296,133.311,6249.0,13.0,39.42,0.175,-0.106,-0.129,133.632,133.063,24.49,27.0,22.67,13.2,13.04,47.34,134.586,49.0,0.102,1,0,0,0,0,0,0,0,1
2018-01-11 13:00:00,0.10000000000000009,0.10000000000000009,0.02439024390243905,1.0,1.0,1.0,1.0,1.0,780,4.0,133.362,133.46,133.296,133.311,6249.0,13.0,39.42,0.175,-0.106,-0.129,133.632,133.063,24.49,27.0,22.67,13.2,13.04,47.34,134.586,49.0,0.102,1,0,0,0,0,0,0,0,1
2018-01-15 13:00:00,-1.8999999999999986,1.8999999999999986,-0.06506849315068489,1.0,-1.0,-1.0,2.0,2.0,780,1.0,135.796,135.841,135.611,135.642,8367.0,13.0,65.83,0.243,0.25,0.231,135.759,134.825,72.27,76.51,39.96,28.06,9.26,62.34,134.3,63.12,0.142,0,0,0,0,0,0,0,1,1
2018-01-15 13:00:00,0.1999999999999993,0.1999999999999993,0.008583690987124432,1.0,1.0,1.0,1.0,2.0,780,1.0,135.796,135.841,135.611,135.642,8367.0,13.0,65.83,0.243,0.25,0.231,135.759,134.825,72.27,76.51,39.96,28.06,9.26,62.34,134.3,63.12,0.142,0,0,0,0,0,0,0,1,1
2018-01-17 13:00:00,-0.09999999999999998,0.09999999999999998,-0.062499999999999986,1.0,-1.0,-1.0,2.0,1.0,780,3.0,135.382,135.431,135.171,135.188,7141.0,13.0,39.23,0.241,-0.033,0.02,135.857,135.184,26.95,32.4,18.18,13.21,23.95,52.02,135.203,42.8,0.124,1,0,0,0,0,0,0,0,1
2018-01-17 13:00:00,-0.09999999999999964,0.09999999999999964,-0.02631578947368412,1.0,-1.0,-1.0,2.0,1.0,780,3.0,135.382,135.431,135.171,135.188,7141.0,13.0,39.23,0.241,-0.033,0.02,135.857,135.184,26.95,32.4,18.18,13.21,23.95,52.02,135.203,42.8,0.124,1,0,0,0,0,0,0,0,1
2018-01-17 13:00:00,0.3,0.3,0.25,1.0,1.0,1.0,1.0,1.0,780,3.0,135.382,135.431,135.171,135.188,7141.0,13.0,39.23,0.241,-0.033,0.02,135.857,135.184,26.95,32.4,18.18,13.21,23.95,52.02,135.203,42.8,0.124,0,1,0,0,0,0,0,0,1
2018-01-17 13:00:00,0.5,0.5,0.45454545454545453,1.0,1.0,1.0,1.0,1.0,780,3.0,135.382,135.431,135.171,135.188,7141.0,13.0,39.23,0.241,-0.033,0.02,135.857,135.184,26.95,32.4,18.18,13.21,23.95,52.02,135.203,42.8,0.124,0,1,0,0,0,0,0,0,1
2018-01-17 13:00:00,-0.3999999999999999,0.3999999999999999,-0.1481481481481481,1.0,-1.0,-1.0,2.0,1.0,780,3.0,135.382,135.431,135.171,135.188,7141.0,13.0,39.23,0.241,-0.033,0.02,135.857,135.184,26.95,32.4,18.18,13.21,23.95,52.02,135.203,42.8,0.124,0,1,0,0,0,0,0,0,1
2018-01-23 13:00:00,1.8000000000000007,1.8000000000000007,0.05806451612903228,1.0,1.0,1.0,1.0,2.0,780,2.0,135.498,135.507,135.199,135.201,9025.0,13.0,32.42,0.246,-0.073,0.034,136.378,135.357,10.68,18.29,19.93,14.08,22.54,43.67,135.716,34.72,0.146,0,0,0,0,0,1,0,0,1
2018-01-23 18:00:00,0.6000000000000001,0.6000000000000001,0.3529411764705883,1.0,1.0,1.0,1.0,1.0,1080,2.0,135.635,135.716,135.458,135.595,8902.0,18.0,47.75,0.276,-0.085,-0.063,136.307,135.161,79.38,59.82,19.98,19.85,11.85,49.34,135.711,58.23,0.104,0,0,0,0,0,1,0,0,1
2018-01-24 12:00:00,0.30000000000000426,0.30000000000000426,0.005059021922428402,1.0,1.0,1.0,1.0,2.0,720,3.0,135.292,135.322,135.086,135.107,8591.0,12.0,31.69,0.161,-0.103,-0.075,135.758,135.207,13.92,25.51,35.14,5.07,23.19,46.83,135.639,40.1,0.129,1,0,0,0,0,0,0,0,1
2018-01-24 12:00:00,1.3000000000000043,1.3000000000000043,0.022687609075043705,1.0,1.0,1.0,1.0,2.0,720,3.0,135.292,135.322,135.086,135.107,8591.0,12.0,31.69,0.161,-0.103,-0.075,135.758,135.207,13.92,25.51,35.14,5.07,23.19,46.83,135.639,40.1,0.129,1,0,0,0,0,0,0,0,1
2018-01-24 12:00:00,-1.1000000000000014,1.1000000000000014,-0.017828200972447347,1.0,-1.0,-1.0,2.0,2.0,720,3.0,135.292,135.322,135.086,135.107,8591.0,12.0,31.69,0.161,-0.103,-0.075,135.758,135.207,13.92,25.51,35.14,5.07,23.19,46.83,135.639,40.1,0.129,1,0,0,0,0,0,0,0,1
2018-01-30 13:00:00,0.20000000000000018,0.20000000000000018,0.0571428571428572,1.0,1.0,1.0,1.0,2.0,780,2.0,134.783,135.123,134.711,135.105,8770.0,13.0,60.0,0.24,-0.062,-0.111,135.205,134.332,89.8,76.26,27.9,26.86,21.53,48.95,135.278,61.31,0.157,1,0,0,0,0,0,0,0,1
2018-01-30 13:00:00,-1.4000000000000021,1.4000000000000021,-0.07329842931937183,1.0,-1.0,-1.0,2.0,1.0,780,2.0,134.783,135.123,134.711,135.105,8770.0,13.0,60.0,0.24,-0.062,-0.111,135.205,134.332,89.8,76.26,27.9,26.86,21.53,48.95,135.278,61.31,0.157,0,0,0,0,0,1,0,0,1
2018-01-30 13:00:00,-2.3999999999999915,2.3999999999999915,-0.020321761219305602,1.0,-1.0,-1.0,2.0,2.0,780,2.0,134.783,135.123,134.711,135.105,8770.0,13.0,60.0,0.24,-0.062,-0.111,135.205,134.332,89.8,76.26,27.9,26.86,21.53,48.95,135.278,61.31,0.157,0,0,0,0,0,1,0,0,1
2018-01-30 13:00:00,0.3000000000000007,0.3000000000000007,0.03157894736842113,1.0,1.0,1.0,1.0,1.0,780,2.0,134.783,135.123,134.711,135.105,8770.0,13.0,60.0,0.24,-0.062,-0.111,135.205,134.332,89.8,76.26,27.9,26.86,21.53,48.95,135.278,61.31,0.157,0,0,0,0,0,1,0,0,1
2018-01-30 13:00:00,0.10000000000000009,0.10000000000000009,0.04545454545454549,1.0,1.0,1.0,1.0,1.0,780,2.0,134.783,135.123,134.711,135.105,8770.0,13.0,60.0,0.24,-0.062,-0.111,135.205,134.332,89.8,76.26,27.9,26.86,21.53,48.95,135.278,61.31,0.157,0,0,0,0,0,1,0,0,1
2018-01-30 13:00:00,-0.24,0.24,-0.08633093525179855,1.0,-1.0,-1.0,2.0,1.0,780,2.0,134.783,135.123,134.711,135.105,8770.0,13.0,60.0,0.24,-0.062,-0.111,135.205,134.332,89.8,76.26,27.9,26.86,21.53,48.95,135.278,61.31,0.157,0,0,0,0,1,0,0,0,1
2018-01-31 13:00:00,0.09999999999999964,0.09999999999999964,0.01041666666666663,1.0,-1.0,-1.0,2.0,2.0,780,3.0,135.413,135.486,135.398,135.469,6741.0,13.0,69.67,0.181,0.132,0.101,135.488,134.741,86.38,77.28,24.42,22.22,8.28,59.91,135.189,64.99,0.112,0,0,1,0,0,0,0,0,1
2018-01-31 13:00:00,0.09999999999999998,0.09999999999999998,0.05263157894736841,1.0,1.0,1.0,1.0,2.0,780,3.0,135.413,135.486,135.398,135.469,6741.0,13.0,69.67,0.181,0.132,0.101,135.488,134.741,86.38,77.28,24.42,22.22,8.28,59.91,135.189,64.99,0.112,0,1,0,0,0,0,0,0,1
2018-01-31 13:00:00,0.10000000000000009,0.10000000000000009,0.04545454545454549,1.0,1.0,1.0,1.0,3.0,780,3.0,135.413,135.486,135.398,135.469,6741.0,13.0,69.67,0.181,0.132,0.101,135.488,134.741,86.38,77.28,24.42,22.22,8.28,59.91,135.189,64.99,0.112,0,1,0,0,0,0,0,0,1
2018-02-01 12:00:00,-0.6000000000000014,0.6000000000000014,-0.009803921568627473,1.0,-1.0,-1.0,2.0,2.0,720,4.0,136.446,136.511,136.293,136.311,8578.0,12.0,68.48,0.2,0.221,0.16,136.322,135.272,82.32,80.84,44.15,30.06,5.26,62.3,135.209,82.52,0.136,1,0,0,0,0,0,0,0,1
2018-02-02 13:00:00,0.1,0.1,0.09090909090909091,1.0,1.0,1.0,1.0,1.0,780,5.0,137.233,137.356,137.193,137.228,7795.0,13.0,67.97,0.201,0.276,0.287,137.339,136.575,59.53,58.09,55.67,26.85,5.12,72.48,135.729,63.52,0.133,0,1,0,0,0,0,0,0,1
2018-02-02 13:00:00,-1.0,1.0,-0.23809523809523808,1.0,-1.0,-1.0,2.0,1.0,780,5.0,137.233,137.356,137.193,137.228,7795.0,13.0,67.97,0.201,0.276,0.287,137.339,136.575,59.53,58.09,55.67,26.85,5.12,72.48,135.729,63.52,0.133,0,1,0,0,0,0,0,0,1
2018-02-05 12:00:00,0.09999999999999432,0.09999999999999432,0.0016750418760468058,1.0,1.0,1.0,1.0,2.0,720,1.0,136.926,137.01,136.874,136.894,7619.0,12.0,46.91,0.214,-0.024,0.008,137.456,136.65,55.14,42.36,29.11,11.71,20.57,54.88,136.275,52.47,0.139,1,0,0,0,0,0,0,0,1
2018-02-05 12:00:00,0.7999999999999972,0.7999999999999972,0.013745704467353903,1.0,1.0,1.0,1.0,2.0,720,1.0,136.926,137.01,136.874,136.894,7619.0,12.0,46.91,0.214,-0.024,0.008,137.456,136.65,55.14,42.36,29.11,11.71,20.57,54.88,136.275,52.47,0.139,1,0,0,0,0,0,0,0,1
2018-02-05 13:00:00,-0.30000000000000004,0.30000000000000004,-0.16666666666666669,1.0,-1.0,-1.0,2.0,1.0,780,1.0,136.895,136.902,136.565,136.62,9291.0,13.0,37.49,0.228,-0.048,-0.002,137.452,136.589,46.07,46.3,31.83,10.15,30.05,54.88,136.275,48.56,0.127,0,0,0,0,0,0,1,0,1
2018-02-05 13:00:00,0.2999999999999998,0.2999999999999998,0.11538461538461531,1.0,1.0,1.0,1.0,1.0,780,1.0,136.895,136.902,136.565,136.62,9291.0,13.0,37.49,0.228,-0.048,-0.002,137.452,136.589,46.07,46.3,31.83,10.15,30.05,54.88,136.275,48.56,0.127,0,0,0,0,0,0,1,0,1
2018-02-14 13:00:00,0.10000000000000009,0.10000000000000009,0.0277777777777778,1.0,1.0,1.0,1.0,2.0,780,3.0,132.713,132.778,132.526,132.536,6553.0,13.0,38.98,0.241,-0.12,-0.117,133.353,132.406,27.17,52.74,18.25,14.08,21.45,33.66,133.143,45.2,0.108,1,0,0,0,0,0,0,0,1
2018-02-14 13:00:00,0.4,0.4,0.4,1.0,1.0,1.0,1.0,2.0,780,3.0,132.713,132.778,132.526,132.536,6553.0,13.0,38.98,0.241,-0.12,-0.117,133.353,132.406,27.17,52.74,18.25,14.08,21.45,33.66,133.143,45.2,0.108,1,0,0,0,0,0,0,0,1
2018-02-14 13:00:00,2.0,2.0,0.47619047619047616,1.0,1.0,1.0,1.0,1.0,780,3.0,132.713,132.778,132.526,132.536,6553.0,13.0,38.98,0.241,-0.12,-0.117,133.353,132.406,27.17,52.74,18.25,14.08,21.45,33.66,133.143,45.2,0.108,1,0,0,0,0,0,0,0,1
2018-02-15 13:00:00,-4.800000000000001,4.800000000000001,-0.15384615384615388,1.0,-1.0,-1.0,2.0,2.0,780,4.0,133.007,133.112,132.95,133.069,8698.0,13.0,55.92,0.275,0.031,0.008,133.289,132.577,78.77,72.39,15.72,25.49,15.92,45.59,133.011,60.97,0.128,0,0,0,0,0,0,0,1,1
2018-02-15 13:00:00,2.6999999999999993,2.6999999999999993,0.12217194570135742,1.0,1.0,1.0,1.0,2.0,780,4.0,133.007,133.112,132.95,133.069,8698.0,13.0,55.92,0.275,0.031,0.008,133.289,132.577,78.77,72.39,15.72,25.49,15.92,45.59,133.011,60.97,0.128,0,0,0,0,0,0,0,1,1
2018-02-19 13:00:00,0.7999999999999999,0.7999999999999999,0.47058823529411764,1.0,1.0,1.0,1.0,1.0,780,1.0,132.336,132.34,132.218,132.301,6024.0,13.0,52.58,0.171,-0.032,-0.106,132.382,131.744,85.42,82.16,34.33,17.72,12.51,39.9,132.613,52.54,0.089,1,0,0,0,0,0,0,0,1
2018-02-19 13:00:00,-2.2,2.2,-0.5945945945945946,1.0,-1.0,-1.0,2.0,1.0,780,1.0,132.336,132.34,132.218,132.301,6024.0,13.0,52.58,0.171,-0.032,-0.106,132.382,131.744,85.42,82.16,34.33,17.72,12.51,39.9,132.613,52.54,0.089,1,0,0,0,0,0,0,0,1
2018-02-20 13:00:00,-1.1999999999999993,1.1999999999999993,-0.03809523809523807,1.0,-1.0,-1.0,2.0,2.0,780,2.0,132.228,132.246,132.114,132.194,8847.0,13.0,46.95,0.159,0.011,0.021,132.403,132.132,31.58,44.83,24.8,14.94,20.61,44.49,132.491,40.45,0.114,0,0,0,0,0,1,0,0,1
2018-02-20 18:00:00,-1.2999999999999998,1.2999999999999998,-0.5416666666666666,1.0,-1.0,-1.0,2.0,1.0,1080,2.0,132.181,132.43,132.149,132.407,12367.0,18.0,56.47,0.172,0.017,0.016,132.428,132.143,56.16,50.94,19.56,21.31,14.0,47.48,132.469,52.48,0.11,0,0,0,0,0,1,0,0,1
2018-02-21 12:00:00,-1.1999999999999957,1.1999999999999957,-0.020373514431239317,1.0,-1.0,-1.0,2.0,2.0,720,3.0,132.569,132.615,132.344,132.374,8534.0,12.0,44.4,0.203,0.075,0.131,133.023,132.1,19.7,20.03,27.29,15.03,21.78,47.22,132.399,44.01,0.122,1,0,0,0,0,0,0,0,1
2018-02-21 12:00:00,-1.5,1.5,-0.025,1.0,-1.0,-1.0,2.0,2.0,720,3.0,132.569,132.615,132.344,132.374,8534.0,12.0,44.4,0.203,0.075,0.131,133.023,132.1,19.7,20.03,27.29,15.03,21.78,47.22,132.399,44.01,0.122,1,0,0,0,0,0,0,0,1
2018-02-21 12:00:00,-1.2000000000000028,1.2000000000000028,-0.01976935749588143,1.0,-1.0,-1.0,2.0,2.0,720,3.0,132.569,132.615,132.344,132.374,8534.0,12.0,44.4,0.203,0.075,0.131,133.023,132.1,19.7,20.03,27.29,15.03,21.78,47.22,132.399,44.01,0.122,1,0,0,0,0,0,0,0,1
2018-02-23 13:00:00,-1.4,1.4,-1.0769230769230769,1.0,-1.0,-1.0,2.0,1.0,780,5.0,131.487,131.515,131.363,131.437,8882.0,13.0,37.53,0.152,-0.098,-0.102,131.799,131.412,40.79,47.83,15.91,14.33,25.57,34.19,132.113,34.18,0.102,0,1,0,0,0,0,0,0,1
2018-02-23 13:00:00,0.09999999999999998,0.09999999999999998,0.04999999999999999,1.0,1.0,1.0,1.0,2.0,780,5.0,131.487,131.515,131.363,131.437,8882.0,13.0,37.53,0.152,-0.098,-0.102,131.799,131.412,40.79,47.83,15.91,14.33,25.57,34.19,132.113,34.18,0.102,0,1,0,0,0,0,0,0,1
2018-02-23 13:00:00,0.09999999999999998,0.09999999999999998,0.05263157894736841,1.0,1.0,1.0,1.0,2.0,780,5.0,131.487,131.515,131.363,131.437,8882.0,13.0,37.53,0.152,-0.098,-0.102,131.799,131.412,40.79,47.83,15.91,14.33,25.57,34.19,132.113,34.18,0.102,0,1,0,0,0,0,0,0,1
2018-02-23 13:00:00,-0.4,0.4,-0.26666666666666666,1.0,-1.0,-1.0,2.0,1.0,780,5.0,131.487,131.515,131.363,131.437,8882.0,13.0,37.53,0.152,-0.098,-0.102,131.799,131.412,40.79,47.83,15.91,14.33,25.57,34.19,132.113,34.18,0.102,0,1,0,0,0,0,0,0,1
2018-02-23 13:00:00,-0.30000000000000004,0.30000000000000004,-0.12000000000000002,1.0,-1.0,-1.0,2.0,1.0,780,5.0,131.487,131.515,131.363,131.437,8882.0,13.0,37.53,0.152,-0.098,-0.102,131.799,131.412,40.79,47.83,15.91,14.33,25.57,34.19,132.113,34.18,0.102,0,1,0,0,0,0,0,0,1
2018-02-27 13:00:00,-0.3999999999999986,0.3999999999999986,-0.02116402116402109,1.0,-1.0,-1.0,2.0,1.0,780,2.0,131.925,131.979,131.685,131.747,8242.0,13.0,50.04,0.194,0.099,0.109,132.097,131.496,42.59,59.62,17.95,17.45,25.39,46.26,131.682,41.4,0.116,0,0,0,0,0,1,0,0,1
2018-02-27 13:00:00,-0.6000000000000085,0.6000000000000085,-0.005185825410544585,1.0,-1.0,-1.0,2.0,2.0,780,2.0,131.925,131.979,131.685,131.747,8242.0,13.0,50.04,0.194,0.099,0.109,132.097,131.496,42.59,59.62,17.95,17.45,25.39,46.26,131.682,41.4,0.116,0,0,0,0,0,1,0,0,1
2018-02-27 13:00:00,-0.9000000000000004,0.9000000000000004,-0.09090909090909094,1.0,-1.0,-1.0,2.0,1.0,780,2.0,131.925,131.979,131.685,131.747,8242.0,13.0,50.04,0.194,0.099,0.109,132.097,131.496,42.59,59.62,17.95,17.45,25.39,46.26,131.682,41.4,0.116,0,0,0,0,0,1,0,0,1
2018-02-27 13:00:00,-0.30000000000000004,0.30000000000000004,-0.21428571428571433,1.0,-1.0,-1.0,2.0,1.0,780,2.0,131.925,131.979,131.685,131.747,8242.0,13.0,50.04,0.194,0.099,0.109,132.097,131.496,42.59,59.62,17.95,17.45,25.39,46.26,131.682,41.4,0.116,0,0,0,0,0,1,0,0,1
2018-02-27 13:00:00,-0.25,0.25,-0.09157509157509157,1.0,-1.0,-1.0,2.0,1.0,780,2.0,131.925,131.979,131.685,131.747,8242.0,13.0,50.04,0.194,0.099,0.109,132.097,131.496,42.59,59.62,17.95,17.45,25.39,46.26,131.682,41.4,0.116,0,0,0,0,1,0,0,0,1
2018-02-28 13:00:00,0.09999999999999998,0.09999999999999998,0.05263157894736841,1.0,1.0,1.0,1.0,2.0,780,3.0,130.879,130.961,130.829,130.863,8861.0,13.0,31.62,0.184,-0.199,-0.187,131.606,130.677,36.76,34.42,52.19,9.02,20.03,34.44,131.439,45.67,0.107,0,1,0,0,0,0,0,0,1
2018-02-28 13:00:00,-0.10000000000000009,0.10000000000000009,-0.04347826086956526,1.0,-1.0,-1.0,2.0,3.0,780,3.0,130.879,130.961,130.829,130.863,8861.0,13.0,31.62,0.184,-0.199,-0.187,131.606,130.677,36.76,34.42,52.19,9.02,20.03,34.44,131.439,45.67,0.107,0,1,0,0,0,0,0,0,1
2018-03-01 12:00:00,-0.5,0.5,-0.008319467554076539,1.0,-1.0,-1.0,2.0,2.0,720,4.0,130.046,130.215,130.012,130.119,8998.0,12.0,37.09,0.189,-0.172,-0.224,130.363,129.958,22.1,38.89,33.52,14.35,21.51,36.0,131.087,46.71,0.13,1,0,0,0,0,0,0,0,1
2018-03-01 13:00:00,0.09999999999999964,0.09999999999999964,0.010526315789473648,1.0,-1.0,-1.0,2.0,2.0,780,4.0,130.118,130.137,129.94,129.978,8059.0,13.0,32.51,0.192,-0.176,-0.209,130.369,129.934,14.48,23.0,33.16,12.43,23.51,36.0,131.087,45.33,0.117,0,0,1,0,0,0,0,0,1
2018-03-02 13:00:00,0.30000000000000004,0.30000000000000004,0.27272727272727276,1.0,1.0,1.0,1.0,1.0,780,5.0,129.709,129.823,129.657,129.713,14847.0,13.0,39.36,0.238,-0.152,-0.098,130.623,129.54,37.49,27.77,18.75,12.51,21.99,29.87,130.766,41.2,0.139,0,1,0,0,0,0,0,0,1
2018-03-02 13:00:00,0.10000000000000009,0.10000000000000009,0.041666666666666706,1.0,1.0,1.0,1.0,1.0,780,5.0,129.709,129.823,129.657,129.713,14847.0,13.0,39.36,0.238,-0.152,-0.098,130.623,129.54,37.49,27.77,18.75,12.51,21.99,29.87,130.766,41.2,0.139,0,1,0,0,0,0,0,0,1
2018-03-05 12:00:00,-1.1999999999999957,1.1999999999999957,-0.020547945205479378,1.0,-1.0,-1.0,2.0,2.0,720,1.0,130.095,130.264,129.955,130.034,10469.0,12.0,50.76,0.34,-0.026,-0.021,130.425,129.636,83.32,63.55,25.66,15.1,18.5,39.66,130.339,60.52,0.181,1,0,0,0,0,0,0,0,1
2018-03-05 12:00:00,-0.7999999999999972,0.7999999999999972,-0.013582342954159544,1.0,-1.0,-1.0,2.0,2.0,720,1.0,130.095,130.264,129.955,130.034,10469.0,12.0,50.76,0.34,-0.026,-0.021,130.425,129.636,83.32,63.55,25.66,15.1,18.5,39.66,130.339,60.52,0.181,1,0,0,0,0,0,0,0,1
2018-03-05 13:00:00,-0.4,0.4,-0.3076923076923077,1.0,-1.0,-1.0,2.0,1.0,780,1.0,130.033,130.049,129.821,129.981,9592.0,13.0,49.51,0.341,-0.023,-0.024,130.422,129.655,77.53,75.06,26.13,13.09,23.87,39.66,130.339,49.54,0.176,0,0,0,0,0,0,1,0,1
2018-03-05 13:00:00,0.09999999999999964,0.09999999999999964,0.03124999999999989,1.0,1.0,1.0,1.0,1.0,780,1.0,130.033,130.049,129.821,129.981,9592.0,13.0,49.51,0.341,-0.023,-0.024,130.422,129.655,77.53,75.06,26.13,13.09,23.87,39.66,130.339,49.54,0.176,0,0,0,0,0,0,1,0,1
2018-03-14 13:00:00,-0.2,0.2,-0.13333333333333333,1.0,-1.0,-1.0,2.0,1.0,780,3.0,131.775,131.815,131.695,131.785,8037.0,13.0,42.52,0.173,0.007,0.074,132.277,131.758,16.17,17.09,23.53,9.53,19.12,50.33,131.512,34.0,0.119,0,0,1,0,0,0,0,0,1
2018-03-14 13:00:00,-1.0,1.0,-1.0,1.0,-1.0,-1.0,2.0,2.0,780,3.0,131.775,131.815,131.695,131.785,8037.0,13.0,42.52,0.173,0.007,0.074,132.277,131.758,16.17,17.09,23.53,9.53,19.12,50.33,131.512,34.0,0.119,1,0,0,0,0,0,0,0,1
2018-03-14 13:00:00,-0.7999999999999998,0.7999999999999998,-0.17777777777777773,1.0,-1.0,-1.0,2.0,1.0,780,3.0,131.775,131.815,131.695,131.785,8037.0,13.0,42.52,0.173,0.007,0.074,132.277,131.758,16.17,17.09,23.53,9.53,19.12,50.33,131.512,34.0,0.119,1,0,0,0,0,0,0,0,1
2018-03-16 13:00:00,-0.2999999999999998,0.2999999999999998,-0.12499999999999993,1.0,-1.0,-1.0,2.0,1.0,780,5.0,130.239,130.25,130.14,130.212,7756.0,13.0,34.45,0.18,-0.216,-0.217,130.996,130.04,25.98,28.16,21.65,12.01,22.39,31.26,131.294,39.1,0.091,0,1,0,0,0,0,0,0,1
2018-03-16 13:00:00,0.2,0.2,0.2,1.0,1.0,1.0,1.0,1.0,780,5.0,130.239,130.25,130.14,130.212,7756.0,13.0,34.45,0.18,-0.216,-0.217,130.996,130.04,25.98,28.16,21.65,12.01,22.39,31.26,131.294,39.1,0.091,0,1,0,0,0,0,0,0,1
2018-03-16 13:00:00,-0.09999999999999987,0.09999999999999987,-0.04545454545454539,1.0,-1.0,-1.0,2.0,3.0,780,5.0,130.239,130.25,130.14,130.212,7756.0,13.0,34.45,0.18,-0.216,-0.217,130.996,130.04,25.98,28.16,21.65,12.01,22.39,31.26,131.294,39.1,0.091,0,1,0,0,0,0,0,0,1
2018-03-16 13:00:00,0.09999999999999998,0.09999999999999998,0.05263157894736841,1.0,1.0,1.0,1.0,2.0,780,5.0,130.239,130.25,130.14,130.212,7756.0,13.0,34.45,0.18,-0.216,-0.217,130.996,130.04,25.98,28.16,21.65,12.01,22.39,31.26,131.294,39.1,0.091,0,1,0,0,0,0,0,0,1
2018-03-16 13:00:00,-0.2,0.2,-0.14285714285714288,1.0,-1.0,-1.0,2.0,2.0,780,5.0,130.239,130.25,130.14,130.212,7756.0,13.0,34.45,0.18,-0.216,-0.217,130.996,130.04,25.98,28.16,21.65,12.01,22.39,31.26,131.294,39.1,0.091,0,1,0,0,0,0,0,0,1
2018-03-16 13:00:00,0.5,0.5,0.45454545454545453,1.0,1.0,1.0,1.0,1.0,780,5.0,130.239,130.25,130.14,130.212,7756.0,13.0,34.45,0.18,-0.216,-0.217,130.996,130.04,25.98,28.16,21.65,12.01,22.39,31.26,131.294,39.1,0.091,0,1,0,0,0,0,0,0,1
2018-03-16 13:00:00,0.09999999999999987,0.09999999999999987,0.03846153846153841,1.0,1.0,1.0,1.0,2.0,780,5.0,130.239,130.25,130.14,130.212,7756.0,13.0,34.45,0.18,-0.216,-0.217,130.996,130.04,25.98,28.16,21.65,12.01,22.39,31.26,131.294,39.1,0.091,0,0,1,0,0,0,0,0,1
2018-03-16 13:00:00,-0.30000000000000004,0.30000000000000004,-0.10714285714285716,1.0,-1.0,-1.0,2.0,1.0,780,5.0,130.239,130.25,130.14,130.212,7756.0,13.0,34.45,0.18,-0.216,-0.217,130.996,130.04,25.98,28.16,21.65,12.01,22.39,31.26,131.294,39.1,0.091,0,0,0,0,1,0,0,0,1
2018-03-19 13:00:00,-2.8000000000000003,2.8000000000000003,-1.75,1.0,-1.0,-1.0,2.0,1.0,780,1.0,130.494,130.502,130.285,130.47,10299.0,13.0,60.84,0.21,-0.052,-0.166,130.621,129.567,91.77,92.3,40.05,27.86,14.3,48.48,130.923,74.0,0.12,1,0,0,0,0,0,0,0,1
2018-03-19 13:00:00,2.4000000000000004,2.4000000000000004,1.0434782608695654,1.0,1.0,1.0,1.0,1.0,780,1.0,130.494,130.502,130.285,130.47,10299.0,13.0,60.84,0.21,-0.052,-0.166,130.621,129.567,91.77,92.3,40.05,27.86,14.3,48.48,130.923,74.0,0.12,1,0,0,0,0,0,0,0,1
2018-03-19 13:00:00,9.8,9.8,1.3066666666666669,1.0,1.0,1.0,1.0,2.0,780,1.0,130.494,130.502,130.285,130.47,10299.0,13.0,60.84,0.21,-0.052,-0.166,130.621,129.567,91.77,92.3,40.05,27.86,14.3,48.48,130.923,74.0,0.12,0,0,0,0,0,0,0,1,1
2018-03-19 13:00:00,-3.700000000000003,3.700000000000003,-0.15040650406504075,1.0,-1.0,-1.0,2.0,2.0,780,1.0,130.494,130.502,130.285,130.47,10299.0,13.0,60.84,0.21,-0.052,-0.166,130.621,129.567,91.77,92.3,40.05,27.86,14.3,48.48,130.923,74.0,0.12,0,0,0,0,0,0,0,1,1
2018-03-20 13:00:00,-17.200000000000003,17.200000000000003,-0.5443037974683544,1.0,-1.0,-1.0,2.0,2.0,780,2.0,131.002,131.123,130.947,130.979,8256.0,13.0,53.45,0.242,0.17,0.216,131.425,130.585,15.01,26.42,40.15,23.53,10.76,46.03,130.666,43.53,0.142,0,0,0,0,0,1,0,0,1
2018-03-20 18:00:00,0.4,0.4,0.3076923076923077,1.0,1.0,1.0,1.0,1.0,1080,2.0,130.589,130.604,130.339,130.405,11034.0,18.0,37.53,0.245,-0.008,0.125,131.489,130.41,13.7,10.83,28.39,18.9,32.14,44.11,130.618,31.39,0.117,0,0,0,0,0,1,0,0,1
2018-03-22 12:00:00,-2.0,2.0,-0.03355704697986577,1.0,-1.0,-1.0,2.0,2.0,720,4.0,130.273,130.305,129.977,130.093,11042.0,12.0,29.86,0.201,-0.044,0.023,131.044,130.214,11.53,22.9,24.4,16.37,29.59,37.08,130.504,25.4,0.14,1,0,0,0,0,0,0,0,1
2018-03-22 12:00:00,-1.5,1.5,-0.02608695652173913,1.0,-1.0,-1.0,2.0,2.0,720,4.0,130.273,130.305,129.977,130.093,11042.0,12.0,29.86,0.201,-0.044,0.023,131.044,130.214,11.53,22.9,24.4,16.37,29.59,37.08,130.504,25.4,0.14,1,0,0,0,0,0,0,0,1
2018-03-22 12:00:00,-1.4000000000000057,1.4000000000000057,-0.024263431542461102,1.0,-1.0,-1.0,2.0,2.0,720,4.0,130.273,130.305,129.977,130.093,11042.0,12.0,29.86,0.201,-0.044,0.023,131.044,130.214,11.53,22.9,24.4,16.37,29.59,37.08,130.504,25.4,0.14,1,0,0,0,0,0,0,0,1
2018-03-27 12:00:00,-0.42999999999999994,0.42999999999999994,-0.15523465703971118,1.0,-1.0,-1.0,2.0,1.0,720,2.0,131.213,131.279,131.121,131.211,8543.0,12.0,56.58,0.192,0.291,0.377,131.841,130.67,10.67,23.88,53.51,18.17,17.52,57.2,130.27,37.89,0.136,0,0,0,0,1,0,0,0,1
2018-03-27 12:00:00,0.4,0.4,0.3076923076923077,1.0,1.0,1.0,1.0,1.0,720,2.0,131.213,131.279,131.121,131.211,8543.0,12.0,56.58,0.192,0.291,0.377,131.841,130.67,10.67,23.88,53.51,18.17,17.52,57.2,130.27,37.89,0.136,0,0,0,0,0,1,0,0,1
2018-03-27 12:00:00,-1.8999999999999986,1.8999999999999986,-0.09895833333333326,1.0,-1.0,-1.0,2.0,1.0,720,2.0,131.213,131.279,131.121,131.211,8543.0,12.0,56.58,0.192,0.291,0.377,131.841,130.67,10.67,23.88,53.51,18.17,17.52,57.2,130.27,37.89,0.136,0,0,0,0,0,1,0,0,1
2018-03-27 12:00:00,-0.6000000000000085,0.6000000000000085,-0.005253940455341581,1.0,-1.0,-1.0,2.0,2.0,720,2.0,131.213,131.279,131.121,131.211,8543.0,12.0,56.58,0.192,0.291,0.377,131.841,130.67,10.67,23.88,53.51,18.17,17.52,57.2,130.27,37.89,0.136,0,0,0,0,0,1,0,0,1
2018-03-27 12:00:00,-2.1999999999999993,2.1999999999999993,-0.2291666666666666,1.0,-1.0,-1.0,2.0,1.0,720,2.0,131.213,131.279,131.121,131.211,8543.0,12.0,56.58,0.192,0.291,0.377,131.841,130.67,10.67,23.88,53.51,18.17,17.52,57.2,130.27,37.89,0.136,0,0,0,0,0,1,0,0,1
2018-04-03 11:00:00,-1.0,1.0,-0.017064846416382253,1.0,-1.0,-1.0,2.0,2.0,660,2.0,130.68,130.919,130.659,130.673,9869.0,11.0,55.88,0.189,-0.059,-0.152,130.871,129.87,65.63,72.18,31.33,29.23,8.23,48.26,130.927,72.02,0.137,1,0,0,0,0,0,0,0,1
2018-04-04 12:00:00,0.09999999999999998,0.09999999999999998,0.05263157894736841,1.0,1.0,1.0,1.0,2.0,720,3.0,130.506,130.551,130.317,130.339,9157.0,12.0,35.48,0.149,-0.01,0.045,130.96,130.441,18.54,32.5,21.22,8.99,21.82,48.04,130.734,32.89,0.111,0,1,0,0,0,0,0,0,1
2018-04-04 12:00:00,0.3999999999999999,0.3999999999999999,0.19999999999999996,1.0,1.0,1.0,1.0,3.0,720,3.0,130.506,130.551,130.317,130.339,9157.0,12.0,35.48,0.149,-0.01,0.045,130.96,130.441,18.54,32.5,21.22,8.99,21.82,48.04,130.734,32.89,0.111,0,1,0,0,0,0,0,0,1
2018-04-05 11:00:00,-0.7000000000000028,0.7000000000000028,-0.012367491166077788,1.0,-1.0,-1.0,2.0,2.0,660,4.0,131.23,131.44,131.151,131.374,8607.0,11.0,63.93,0.155,0.145,0.157,131.481,130.847,57.8,47.61,26.34,17.15,15.09,61.81,130.818,47.9,0.117,1,0,0,0,0,0,0,0,1
2018-04-05 11:00:00,0.6000000000000014,0.6000000000000014,0.010791366906474845,1.0,1.0,1.0,1.0,2.0,660,4.0,131.23,131.44,131.151,131.374,8607.0,11.0,63.93,0.155,0.145,0.157,131.481,130.847,57.8,47.61,26.34,17.15,15.09,61.81,130.818,47.9,0.117,1,0,0,0,0,0,0,0,1
2018-04-05 12:00:00,-0.1,0.1,-0.08333333333333334,1.0,-1.0,-1.0,2.0,1.0,720,4.0,131.375,131.471,131.333,131.415,8928.0,12.0,65.29,0.153,0.148,0.157,131.474,130.919,67.6,55.02,24.89,17.86,13.08,56.28,130.831,59.81,0.126,0,0,0,0,0,0,1,0,1
2018-04-05 12:00:00,0.2,0.2,0.18181818181818182,1.0,1.0,1.0,1.0,1.0,720,4.0,131.375,131.471,131.333,131.415,8928.0,12.0,65.29,0.153,0.148,0.157,131.474,130.919,67.6,55.02,24.89,17.86,13.08,56.28,130.831,59.81,0.126,0,1,0,0,0,0,0,0,1
2018-04-05 12:00:00,1.9000000000000001,1.9000000000000001,1.4615384615384617,1.0,1.0,1.0,1.0,1.0,720,4.0,131.375,131.471,131.333,131.415,8928.0,12.0,65.29,0.153,0.148,0.157,131.474,130.919,67.6,55.02,24.89,17.86,13.08,56.28,130.831,59.81,0.126,0,1,0,0,0,0,0,0,1
2018-04-05 12:00:00,-0.30000000000000004,0.30000000000000004,-0.09677419354838711,1.0,-1.0,-1.0,2.0,1.0,720,4.0,131.375,131.471,131.333,131.415,8928.0,12.0,65.29,0.153,0.148,0.157,131.474,130.919,67.6,55.02,24.89,17.86,13.08,56.28,130.831,59.81,0.126,0,0,0,0,0,0,1,0,1
2018-04-12 12:00:00,-0.8,0.8,-0.8,1.0,-1.0,-1.0,2.0,2.0,720,4.0,131.88,132.007,131.8,131.942,10727.0,12.0,38.93,0.146,-0.051,-0.028,132.311,131.952,27.7,30.62,16.46,10.8,19.53,54.85,131.916,26.53,0.096,1,0,0,0,0,0,0,0,1
2018-04-12 12:00:00,-0.8000000000000003,0.8000000000000003,-0.17021276595744686,1.0,-1.0,-1.0,2.0,1.0,720,4.0,131.88,132.007,131.8,131.942,10727.0,12.0,38.93,0.146,-0.051,-0.028,132.311,131.952,27.7,30.62,16.46,10.8,19.53,54.85,131.916,26.53,0.096,1,0,0,0,0,0,0,0,1
2018-04-13 12:00:00,-1.1000000000000014,1.1000000000000014,-0.04761904761904768,1.0,-1.0,-1.0,2.0,2.0,720,5.0,132.735,132.756,132.626,132.709,8038.0,12.0,68.27,0.147,0.139,0.081,132.766,131.954,77.24,83.63,39.35,33.34,11.82,65.05,132.166,60.59,0.098,0,0,0,0,0,0,0,1,1
2018-04-13 12:00:00,2.299999999999997,2.299999999999997,0.130681818181818,1.0,1.0,1.0,1.0,2.0,720,5.0,132.735,132.756,132.626,132.709,8038.0,12.0,68.27,0.147,0.139,0.081,132.766,131.954,77.24,83.63,39.35,33.34,11.82,65.05,132.166,60.59,0.098,0,0,0,0,0,0,0,1,1
2018-04-17 12:00:00,-19.400000000000002,19.400000000000002,-0.8699551569506727,1.0,-1.0,-1.0,2.0,2.0,720,2.0,132.469,132.566,132.36,132.453,8511.0,12.0,44.16,0.121,-0.001,0.011,132.711,132.444,31.41,51.39,15.81,15.5,21.3,48.95,132.392,42.91,0.091,0,0,0,0,0,1,0,0,1
2018-04-18 12:00:00,-0.7,0.7,-0.5833333333333334,1.0,-1.0,-1.0,2.0,1.0,720,3.0,132.59,132.732,132.423,132.626,10418.0,12.0,53.06,0.154,0.064,0.063,132.971,132.07,30.46,30.93,31.54,21.87,23.19,58.83,132.508,39.22,0.102,1,0,0,0,0,0,0,0,1
2018-04-18 12:00:00,-1.9,1.9,-0.5757575757575758,1.0,-1.0,-1.0,2.0,1.0,720,3.0,132.59,132.732,132.423,132.626,10418.0,12.0,53.06,0.154,0.064,0.063,132.971,132.07,30.46,30.93,31.54,21.87,23.19,58.83,132.508,39.22,0.102,1,0,0,0,0,0,0,0,1
2018-04-18 12:00:00,-0.10000000000000009,0.10000000000000009,-0.040000000000000036,1.0,-1.0,-1.0,2.0,1.0,720,3.0,132.59,132.732,132.423,132.626,10418.0,12.0,53.06,0.154,0.064,0.063,132.971,132.07,30.46,30.93,31.54,21.87,23.19,58.83,132.508,39.22,0.102,0,1,0,0,0,0,0,0,1
2018-04-18 12:00:00,0.09999999999999998,0.09999999999999998,0.05263157894736841,1.0,1.0,1.0,1.0,2.0,720,3.0,132.59,132.732,132.423,132.626,10418.0,12.0,53.06,0.154,0.064,0.063,132.971,132.07,30.46,30.93,31.54,21.87,23.19,58.83,132.508,39.22,0.102,0,1,0,0,0,0,0,0,1
2018-04-18 12:00:00,0.09999999999999998,0.09999999999999998,0.05263157894736841,1.0,1.0,1.0,1.0,2.0,720,3.0,132.59,132.732,132.423,132.626,10418.0,12.0,53.06,0.154,0.064,0.063,132.971,132.07,30.46,30.93,31.54,21.87,23.19,58.83,132.508,39.22,0.102,0,1,0,0,0,0,0,0,1
2018-04-18 12:00:00,-0.30000000000000004,0.30000000000000004,-0.11538461538461539,1.0,-1.0,-1.0,2.0,3.0,720,3.0,132.59,132.732,132.423,132.626,10418.0,12.0,53.06,0.154,0.064,0.063,132.971,132.07,30.46,30.93,31.54,21.87,23.19,58.83,132.508,39.22,0.102,0,1,0,0,0,0,0,0,1
2018-04-18 12:00:00,0.5,0.5,0.3333333333333333,1.0,1.0,1.0,1.0,1.0,720,3.0,132.59,132.732,132.423,132.626,10418.0,12.0,53.06,0.154,0.064,0.063,132.971,132.07,30.46,30.93,31.54,21.87,23.19,58.83,132.508,39.22,0.102,0,1,0,0,0,0,0,0,1
2018-04-18 12:00:00,0.29999999999999993,0.29999999999999993,0.15789473684210523,1.0,1.0,1.0,1.0,1.0,720,3.0,132.59,132.732,132.423,132.626,10418.0,12.0,53.06,0.154,0.064,0.063,132.971,132.07,30.46,30.93,31.54,21.87,23.19,58.83,132.508,39.22,0.102,0,1,0,0,0,0,0,0,1
2018-04-20 17:00:00,0.4,0.4,0.4,1.0,1.0,1.0,1.0,1.0,1020,5.0,132.223,132.307,132.036,132.241,14776.0,17.0,30.54,0.167,-0.11,-0.05,132.975,132.188,22.74,15.58,45.61,5.61,35.4,43.0,132.6,26.45,0.073,0,0,0,0,0,1,0,0,1
2018-04-23 11:00:00,-0.6000000000000014,0.6000000000000014,-0.01041666666666669,1.0,-1.0,-1.0,2.0,2.0,660,1.0,132.339,132.393,132.103,132.174,11150.0,11.0,37.53,0.145,-0.058,-0.067,132.426,132.119,36.7,45.67,18.77,20.11,24.28,42.73,132.55,38.72,0.107,1,0,0,0,0,0,0,0,1
2018-04-23 11:00:00,1.0,1.0,0.018115942028985508,1.0,1.0,1.0,1.0,2.0,660,1.0,132.339,132.393,132.103,132.174,11150.0,11.0,37.53,0.145,-0.058,-0.067,132.426,132.119,36.7,45.67,18.77,20.11,24.28,42.73,132.55,38.72,0.107,1,0,0,0,0,0,0,0,1
2018-04-27 12:00:00,-0.04999999999999982,0.04999999999999982,-0.02083333333333326,1.0,-1.0,-1.0,2.0,1.0,720,5.0,132.034,132.128,132.006,132.06,8561.0,12.0,30.21,0.124,-0.2,-0.203,132.523,132.027,27.44,27.7,41.55,10.49,24.65,33.72,132.823,38.26,0.094,0,0,0,0,1,0,0,0,1
2018-04-27 12:00:00,0.4,0.4,0.4,1.0,1.0,1.0,1.0,1.0,720,5.0,132.034,132.128,132.006,132.06,8561.0,12.0,30.21,0.124,-0.2,-0.203,132.523,132.027,27.44,27.7,41.55,10.49,24.65,33.72,132.823,38.26,0.094,0,0,0,0,0,1,0,0,1
2018-04-27 12:00:00,-2.4999999999999982,2.4999999999999982,-0.1358695652173912,1.0,-1.0,-1.0,2.0,1.0,720,5.0,132.034,132.128,132.006,132.06,8561.0,12.0,30.21,0.124,-0.2,-0.203,132.523,132.027,27.44,27.7,41.55,10.49,24.65,33.72,132.823,38.26,0.094,0,0,0,0,0,1,0,0,1
2018-04-27 12:00:00,1.2999999999999972,1.2999999999999972,0.01156583629893236,1.0,1.0,1.0,1.0,2.0,720,5.0,132.034,132.128,132.006,132.06,8561.0,12.0,30.21,0.124,-0.2,-0.203,132.523,132.027,27.44,27.7,41.55,10.49,24.65,33.72,132.823,38.26,0.094,0,0,0,0,0,1,0,0,1
2018-04-27 12:00:00,-0.5,0.5,-0.05813953488372093,1.0,-1.0,-1.0,2.0,1.0,720,5.0,132.034,132.128,132.006,132.06,8561.0,12.0,30.21,0.124,-0.2,-0.203,132.523,132.027,27.44,27.7,41.55,10.49,24.65,33.72,132.823,38.26,0.094,0,0,0,0,0,1,0,0,1
2018-05-02 11:00:00,-0.3999999999999986,0.3999999999999986,-0.00694444444444442,1.0,-1.0,-1.0,2.0,2.0,660,3.0,131.956,132.0,131.742,131.778,8279.0,11.0,46.21,0.127,-0.027,-0.061,131.924,131.591,57.89,70.36,17.02,20.21,18.9,34.68,132.113,58.18,0.091,1,0,0,0,0,0,0,0,1
2018-05-02 12:00:00,-0.19999999999999996,0.19999999999999996,-0.12499999999999997,1.0,-1.0,-1.0,2.0,2.0,720,3.0,131.776,131.909,131.749,131.84,6703.0,12.0,50.05,0.129,-0.023,-0.055,131.931,131.591,42.88,58.02,15.19,17.51,16.38,40.41,132.059,49.6,0.107,1,0,0,0,0,0,0,0,1
2018-05-02 12:00:00,-0.10000000000000009,0.10000000000000009,-0.0277777777777778,1.0,-1.0,-1.0,2.0,2.0,720,3.0,131.776,131.909,131.749,131.84,6703.0,12.0,50.05,0.129,-0.023,-0.055,131.931,131.591,42.88,58.02,15.19,17.51,16.38,40.41,132.059,49.6,0.107,1,0,0,0,0,0,0,0,1
2018-05-03 12:00:00,0.1,0.1,0.1,1.0,1.0,1.0,1.0,1.0,720,4.0,131.399,131.429,131.207,131.33,12801.0,12.0,42.57,0.135,-0.074,-0.106,131.609,131.184,42.37,55.66,21.9,18.79,21.83,25.04,131.826,36.89,0.112,0,1,0,0,0,0,0,0,1
2018-05-03 12:00:00,0.9000000000000001,0.9000000000000001,0.4090909090909091,1.0,1.0,1.0,1.0,1.0,720,4.0,131.399,131.429,131.207,131.33,12801.0,12.0,42.57,0.135,-0.074,-0.106,131.609,131.184,42.37,55.66,21.9,18.79,21.83,25.04,131.826,36.89,0.112,0,1,0,0,0,0,0,0,1
2018-05-03 12:00:00,-0.30000000000000004,0.30000000000000004,-0.15000000000000002,1.0,-1.0,-1.0,2.0,2.0,720,4.0,131.399,131.429,131.207,131.33,12801.0,12.0,42.57,0.135,-0.074,-0.106,131.609,131.184,42.37,55.66,21.9,18.79,21.83,25.04,131.826,36.89,0.112,0,1,0,0,0,0,0,0,1
2018-05-03 12:00:00,-0.19999999999999996,0.19999999999999996,-0.08333333333333331,1.0,-1.0,-1.0,2.0,3.0,720,4.0,131.399,131.429,131.207,131.33,12801.0,12.0,42.57,0.135,-0.074,-0.106,131.609,131.184,42.37,55.66,21.9,18.79,21.83,25.04,131.826,36.89,0.112,0,1,0,0,0,0,0,0,1
2018-05-04 11:00:00,-0.29999999999999716,0.29999999999999716,-0.005357142857142806,1.0,-1.0,-1.0,2.0,2.0,660,5.0,130.496,130.582,130.453,130.455,8079.0,11.0,32.09,0.116,-0.172,-0.158,131.08,130.396,9.04,22.16,25.78,11.13,27.89,20.47,131.514,31.29,0.07,1,0,0,0,0,0,0,0,1
2018-05-04 11:00:00,0.5,0.5,0.008992805755395683,1.0,1.0,1.0,1.0,2.0,660,5.0,130.496,130.582,130.453,130.455,8079.0,11.0,32.09,0.116,-0.172,-0.158,131.08,130.396,9.04,22.16,25.78,11.13,27.89,20.47,131.514,31.29,0.07,1,0,0,0,0,0,0,0,1
2018-05-04 12:00:00,-1.3,1.3,-0.41935483870967744,1.0,-1.0,-1.0,2.0,1.0,720,5.0,130.452,130.527,130.389,130.496,6293.0,12.0,34.46,0.115,-0.173,-0.159,131.062,130.371,14.32,14.78,29.25,9.64,30.36,17.91,131.434,34.94,0.082,0,0,0,0,0,0,1,0,1
2018-05-04 12:00:00,0.30000000000000004,0.30000000000000004,0.25000000000000006,1.0,1.0,1.0,1.0,1.0,720,5.0,130.452,130.527,130.389,130.496,6293.0,12.0,34.46,0.115,-0.173,-0.159,131.062,130.371,14.32,14.78,29.25,9.64,30.36,17.91,131.434,34.94,0.082,0,0,0,0,0,0,1,0,1
2018-05-15 12:00:00,-5.199999999999999,5.199999999999999,-0.6046511627906976,1.0,-1.0,-1.0,2.0,2.0,720,2.0,131.042,131.113,131.025,131.075,6852.0,12.0,57.18,0.096,0.032,0.024,131.182,130.79,59.68,59.45,27.13,24.97,12.86,47.61,130.594,58.29,0.077,0,0,0,0,0,1,0,0,1
2018-05-15 12:00:00,-0.09999999999999998,0.09999999999999998,-0.06666666666666665,1.0,-1.0,-1.0,2.0,2.0,720,2.0,131.042,131.113,131.025,131.075,6852.0,12.0,57.18,0.096,0.032,0.024,131.182,130.79,59.68,59.45,27.13,24.97,12.86,47.61,130.594,58.29,0.077,1,0,0,0,0,0,0,0,1
2018-05-15 12:00:00,0.20000000000000018,0.20000000000000018,0.06060606060606066,1.0,1.0,1.0,1.0,2.0,720,2.0,131.042,131.113,131.025,131.075,6852.0,12.0,57.18,0.096,0.032,0.024,131.182,130.79,59.68,59.45,27.13,24.97,12.86,47.61,130.594,58.29,0.077,1,0,0,0,0,0,0,0,1
2018-05-15 12:00:00,0.5,0.5,0.5,1.0,1.0,1.0,1.0,2.0,720,2.0,131.042,131.113,131.025,131.075,6852.0,12.0,57.18,0.096,0.032,0.024,131.182,130.79,59.68,59.45,27.13,24.97,12.86,47.61,130.594,58.29,0.077,1,0,0,0,0,0,0,0,1
2018-05-15 12:00:00,-0.6000000000000001,0.6000000000000001,-0.13043478260869568,1.0,-1.0,-1.0,2.0,1.0,720,2.0,131.042,131.113,131.025,131.075,6852.0,12.0,57.18,0.096,0.032,0.024,131.182,130.79,59.68,59.45,27.13,24.97,12.86,47.61,130.594,58.29,0.077,1,0,0,0,0,0,0,0,1
2018-05-16 12:00:00,-1.3,1.3,-0.52,1.0,-1.0,-1.0,2.0,1.0,720,3.0,130.397,130.397,129.982,130.065,12853.0,12.0,30.81,0.181,-0.132,-0.119,130.938,130.159,36.72,60.9,25.51,10.15,24.87,32.49,130.641,32.24,0.112,0,1,0,0,0,0,0,0,1
2018-05-16 12:00:00,-0.6000000000000001,0.6000000000000001,-0.31578947368421056,1.0,-1.0,-1.0,2.0,2.0,720,3.0,130.397,130.397,129.982,130.065,12853.0,12.0,30.81,0.181,-0.132,-0.119,130.938,130.159,36.72,60.9,25.51,10.15,24.87,32.49,130.641,32.24,0.112,0,1,0,0,0,0,0,0,1
2018-05-16 12:00:00,-0.20000000000000007,0.20000000000000007,-0.10526315789473688,1.0,-1.0,-1.0,2.0,2.0,720,3.0,130.397,130.397,129.982,130.065,12853.0,12.0,30.81,0.181,-0.132,-0.119,130.938,130.159,36.72,60.9,25.51,10.15,24.87,32.49,130.641,32.24,0.112,0,1,0,0,0,0,0,0,1
2018-05-16 12:00:00,0.09999999999999987,0.09999999999999987,0.047619047619047554,1.0,1.0,1.0,1.0,3.0,720,3.0,130.397,130.397,129.982,130.065,12853.0,12.0,30.81,0.181,-0.132,-0.119,130.938,130.159,36.72,60.9,25.51,10.15,24.87,32.49,130.641,32.24,0.112,0,1,0,0,0,0,0,0,1
2018-05-16 12:00:00,0.19999999999999998,0.19999999999999998,0.1818181818181818,1.0,1.0,1.0,1.0,1.0,720,3.0,130.397,130.397,129.982,130.065,12853.0,12.0,30.81,0.181,-0.132,-0.119,130.938,130.159,36.72,60.9,25.51,10.15,24.87,32.49,130.641,32.24,0.112,0,1,0,0,0,0,0,0,1
2018-05-16 12:00:00,0.20000000000000007,0.20000000000000007,0.10526315789473688,1.0,1.0,1.0,1.0,1.0,720,3.0,130.397,130.397,129.982,130.065,12853.0,12.0,30.81,0.181,-0.132,-0.119,130.938,130.159,36.72,60.9,25.51,10.15,24.87,32.49,130.641,32.24,0.112,0,1,0,0,0,0,0,0,1
2018-05-17 12:00:00,-1.4000000000000001,1.4000000000000001,-0.4375,1.0,-1.0,-1.0,2.0,1.0,720,4.0,130.756,130.844,130.615,130.642,9745.0,12.0,59.16,0.171,0.074,0.008,130.739,129.897,74.0,69.41,54.36,24.77,5.14,54.18,130.656,70.73,0.139,1,0,0,0,0,0,0,0,1
2018-05-17 12:00:00,-0.19999999999999998,0.19999999999999998,-0.1818181818181818,1.0,-1.0,-1.0,2.0,1.0,720,4.0,130.756,130.844,130.615,130.642,9745.0,12.0,59.16,0.171,0.074,0.008,130.739,129.897,74.0,69.41,54.36,24.77,5.14,54.18,130.656,70.73,0.139,1,0,0,0,0,0,0,0,1
2018-05-18 12:00:00,-1.0,1.0,-0.03460207612456748,1.0,-1.0,-1.0,2.0,2.0,720,5.0,131.009,131.081,130.683,130.712,11003.0,12.0,47.93,0.127,0.112,0.129,131.117,130.477,31.13,49.79,37.87,23.68,15.6,49.72,130.628,53.01,0.085,0,0,0,0,0,0,0,1,1
2018-05-18 12:00:00,0.5,0.5,0.02304147465437788,1.0,1.0,1.0,1.0,2.0,720,5.0,131.009,131.081,130.683,130.712,11003.0,12.0,47.93,0.127,0.112,0.129,131.117,130.477,31.13,49.79,37.87,23.68,15.6,49.72,130.628,53.01,0.085,0,0,0,0,0,0,0,1,1
2018-05-23 11:00:00,-0.6000000000000014,0.6000000000000014,-0.010507880910683037,1.0,-1.0,-1.0,2.0,2.0,660,3.0,128.812,128.895,128.47,128.836,17650.0,11.0,17.56,0.287,-0.392,-0.207,131.427,129.092,17.58,22.18,56.29,4.32,38.63,27.21,130.612,15.17,0.214,1,0,0,0,0,0,0,0,1
2018-05-23 11:00:00,-1.0,1.0,-0.017889087656529516,1.0,-1.0,-1.0,2.0,2.0,660,3.0,128.812,128.895,128.47,128.836,17650.0,11.0,17.56,0.287,-0.392,-0.207,131.427,129.092,17.58,22.18,56.29,4.32,38.63,27.21,130.612,15.17,0.214,1,0,0,0,0,0,0,0,1
2018-05-23 11:00:00,-1.0,1.0,-0.017825311942959002,1.0,-1.0,-1.0,2.0,2.0,660,3.0,128.812,128.895,128.47,128.836,17650.0,11.0,17.56,0.287,-0.392,-0.207,131.427,129.092,17.58,22.18,56.29,4.32,38.63,27.21,130.612,15.17,0.214,1,0,0,0,0,0,0,0,1
2018-05-23 17:00:00,-0.49999999999999994,0.49999999999999994,-0.2941176470588235,1.0,-1.0,-1.0,2.0,1.0,1020,3.0,128.829,129.035,128.579,128.662,14951.0,17.0,28.73,0.428,-0.559,-0.468,131.307,127.918,61.69,38.74,57.31,12.12,24.09,31.47,130.45,55.96,0.206,0,0,0,0,0,1,0,0,1
2018-05-30 12:00:00,-3.099999999999998,3.099999999999998,-0.1684782608695651,1.0,-1.0,-1.0,2.0,1.0,720,3.0,126.144,126.365,125.868,126.344,18380.0,12.0,60.89,0.363,-0.046,-0.273,126.286,124.677,92.49,93.21,31.33,24.92,9.07,44.47,127.018,59.14,0.286,0,0,0,0,0,1,0,0,1
2018-05-30 12:00:00,1.0999999999999943,1.0999999999999943,0.009786476868327352,1.0,1.0,1.0,1.0,2.0,720,3.0,126.144,126.365,125.868,126.344,18380.0,12.0,60.89,0.363,-0.046,-0.273,126.286,124.677,92.49,93.21,31.33,24.92,9.07,44.47,127.018,59.14,0.286,0,0,0,0,0,1,0,0,1
2018-05-30 12:00:00,-0.7999999999999998,0.7999999999999998,-0.09302325581395347,1.0,-1.0,-1.0,2.0,1.0,720,3.0,126.144,126.365,125.868,126.344,18380.0,12.0,60.89,0.363,-0.046,-0.273,126.286,124.677,92.49,93.21,31.33,24.92,9.07,44.47,127.018,59.14,0.286,0,0,0,0,0,1,0,0,1
2018-05-30 12:00:00,-0.6000000000000001,0.6000000000000001,-0.33333333333333337,1.0,-1.0,-1.0,2.0,1.0,720,3.0,126.144,126.365,125.868,126.344,18380.0,12.0,60.89,0.363,-0.046,-0.273,126.286,124.677,92.49,93.21,31.33,24.92,9.07,44.47,127.018,59.14,0.286,0,0,0,0,0,1,0,0,1
2018-05-30 12:00:00,0.050000000000000044,0.050000000000000044,0.020833333333333353,1.0,1.0,1.0,1.0,1.0,720,3.0,126.144,126.365,125.868,126.344,18380.0,12.0,60.89,0.363,-0.046,-0.273,126.286,124.677,92.49,93.21,31.33,24.92,9.07,44.47,127.018,59.14,0.286,0,0,0,0,1,0,0,0,1
2018-05-31 12:00:00,0.09999999999999964,0.09999999999999964,0.010638297872340387,1.0,-1.0,-1.0,2.0,2.0,720,4.0,127.671,127.719,127.241,127.375,14680.0,12.0,61.0,0.312,0.273,0.215,127.525,126.392,84.76,82.79,27.08,23.16,9.62,49.36,126.742,63.71,0.225,0,0,1,0,0,0,0,0,1
2018-05-31 12:00:00,0.20000000000000007,0.20000000000000007,0.10526315789473688,1.0,1.0,1.0,1.0,2.0,720,4.0,127.671,127.719,127.241,127.375,14680.0,12.0,61.0,0.312,0.273,0.215,127.525,126.392,84.76,82.79,27.08,23.16,9.62,49.36,126.742,63.71,0.225,0,1,0,0,0,0,0,0,1
2018-05-31 12:00:00,0.7,0.7,0.3181818181818181,1.0,1.0,1.0,1.0,3.0,720,4.0,127.671,127.719,127.241,127.375,14680.0,12.0,61.0,0.312,0.273,0.215,127.525,126.392,84.76,82.79,27.08,23.16,9.62,49.36,126.742,63.71,0.225,0,1,0,0,0,0,0,0,1
2018-06-01 11:00:00,-0.3999999999999986,0.3999999999999986,-0.007029876977152875,1.0,-1.0,-1.0,2.0,2.0,660,5.0,127.578,127.66,127.466,127.574,11267.0,11.0,60.3,0.225,0.18,0.167,127.851,126.56,67.72,60.15,28.81,25.88,16.92,54.98,126.635,58.18,0.152,1,0,0,0,0,0,0,0,1
2018-06-04 12:00:00,-0.3999999999999999,0.3999999999999999,-0.11764705882352938,1.0,-1.0,-1.0,2.0,1.0,720,1.0,128.254,128.645,128.219,128.57,12218.0,12.0,75.28,0.217,0.216,0.188,128.47,127.47,73.81,59.07,35.8,29.33,10.0,61.7,127.035,60.48,0.175,0,1,0,0,0,0,0,0,1
2018-06-04 12:00:00,-0.1,0.1,-0.09090909090909091,1.0,-1.0,-1.0,2.0,1.0,720,1.0,128.254,128.645,128.219,128.57,12218.0,12.0,75.28,0.217,0.216,0.188,128.47,127.47,73.81,59.07,35.8,29.33,10.0,61.7,127.035,60.48,0.175,0,1,0,0,0,0,0,0,1
2018-06-05 11:00:00,-0.5,0.5,-0.009041591320072333,1.0,-1.0,-1.0,2.0,2.0,660,2.0,128.441,128.676,128.372,128.455,12053.0,11.0,55.6,0.168,0.096,0.129,128.646,128.208,51.21,55.71,18.06,18.1,10.96,62.38,127.636,54.22,0.12,1,0,0,0,0,0,0,0,1
2018-06-05 11:00:00,-0.10000000000000142,0.10000000000000142,-0.0018115942028985763,1.0,-1.0,-1.0,2.0,2.0,660,2.0,128.441,128.676,128.372,128.455,12053.0,11.0,55.6,0.168,0.096,0.129,128.646,128.208,51.21,55.71,18.06,18.1,10.96,62.38,127.636,54.22,0.12,1,0,0,0,0,0,0,0,1
2018-06-05 12:00:00,0.5,0.5,0.35714285714285715,1.0,1.0,1.0,1.0,1.0,720,2.0,128.456,128.502,128.335,128.44,10070.0,12.0,54.73,0.169,0.088,0.121,128.648,128.211,34.67,48.08,17.19,15.69,12.46,52.4,127.696,46.5,0.129,0,0,0,0,0,0,1,0,1
2018-06-05 12:00:00,-0.19999999999999996,0.19999999999999996,-0.0689655172413793,1.0,-1.0,-1.0,2.0,1.0,720,2.0,128.456,128.502,128.335,128.44,10070.0,12.0,54.73,0.169,0.088,0.121,128.648,128.211,34.67,48.08,17.19,15.69,12.46,52.4,127.696,46.5,0.129,0,0,0,0,0,0,1,0,1
2018-06-07 12:00:00,0.20000000000000018,0.20000000000000018,0.06060606060606066,1.0,1.0,1.0,1.0,2.0,720,4.0,129.96,130.025,129.888,129.915,7310.0,12.0,64.39,0.164,0.192,0.197,130.001,129.472,68.17,74.51,33.09,25.69,12.71,72.96,128.773,59.94,0.122,1,0,0,0,0,0,0,0,1
2018-06-12 12:00:00,-14.7,14.7,-4.741935483870967,1.0,-1.0,-1.0,2.0,2.0,720,2.0,129.991,130.066,129.847,129.913,11019.0,12.0,56.57,0.244,0.126,0.117,130.034,129.536,57.23,63.73,24.83,20.09,9.62,66.27,129.546,52.49,0.147,0,0,0,0,0,1,0,0,1
2018-06-13 12:00:00,-0.09999999999999998,0.09999999999999998,-0.06666666666666665,1.0,-1.0,-1.0,2.0,1.0,720,3.0,129.909,130.087,129.867,129.99,7508.0,12.0,58.6,0.145,0.045,0.027,130.076,129.563,75.18,67.74,22.45,21.41,14.28,61.72,129.549,56.21,0.105,0,0,1,0,0,0,0,0,1
2018-06-13 12:00:00,-0.20000000000000018,0.20000000000000018,-0.07692307692307698,1.0,-1.0,-1.0,2.0,1.0,720,3.0,129.909,130.087,129.867,129.99,7508.0,12.0,58.6,0.145,0.045,0.027,130.076,129.563,75.18,67.74,22.45,21.41,14.28,61.72,129.549,56.21,0.105,0,0,1,0,0,0,0,0,1
2018-06-13 12:00:00,2.7,2.7,0.5869565217391305,1.0,1.0,1.0,1.0,2.0,720,3.0,129.909,130.087,129.867,129.99,7508.0,12.0,58.6,0.145,0.045,0.027,130.076,129.563,75.18,67.74,22.45,21.41,14.28,61.72,129.549,56.21,0.105,1,0,0,0,0,0,0,0,1
2018-06-13 12:00:00,-1.3,1.3,-0.325,1.0,-1.0,-1.0,2.0,1.0,720,3.0,129.909,130.087,129.867,129.99,7508.0,12.0,58.6,0.145,0.045,0.027,130.076,129.563,75.18,67.74,22.45,21.41,14.28,61.72,129.549,56.21,0.105,1,0,0,0,0,0,0,0,1
2018-06-15 12:00:00,0.8,0.8,0.4,1.0,1.0,1.0,1.0,1.0,720,5.0,128.099,128.35,128.039,128.263,11628.0,12.0,41.51,0.218,-0.303,-0.414,128.496,127.773,61.39,58.85,27.86,24.51,19.29,34.51,129.415,61.6,0.161,0,1,0,0,0,0,0,0,1
2018-06-15 12:00:00,0.5,0.5,0.5,1.0,1.0,1.0,1.0,1.0,720,5.0,128.099,128.35,128.039,128.263,11628.0,12.0,41.51,0.218,-0.303,-0.414,128.496,127.773,61.39,58.85,27.86,24.51,19.29,34.51,129.415,61.6,0.161,0,1,0,0,0,0,0,0,1
2018-06-15 12:00:00,0.2999999999999998,0.2999999999999998,0.11538461538461531,1.0,1.0,1.0,1.0,3.0,720,5.0,128.099,128.35,128.039,128.263,11628.0,12.0,41.51,0.218,-0.303,-0.414,128.496,127.773,61.39,58.85,27.86,24.51,19.29,34.51,129.415,61.6,0.161,0,1,0,0,0,0,0,0,1
2018-06-15 12:00:00,0.20000000000000007,0.20000000000000007,0.10526315789473688,1.0,1.0,1.0,1.0,2.0,720,5.0,128.099,128.35,128.039,128.263,11628.0,12.0,41.51,0.218,-0.303,-0.414,128.496,127.773,61.39,58.85,27.86,24.51,19.29,34.51,129.415,61.6,0.161,0,1,0,0,0,0,0,0,1
2018-06-15 12:00:00,-0.7,0.7,-0.35,1.0,-1.0,-1.0,2.0,1.0,720,5.0,128.099,128.35,128.039,128.263,11628.0,12.0,41.51,0.218,-0.303,-0.414,128.496,127.773,61.39,58.85,27.86,24.51,19.29,34.51,129.415,61.6,0.161,0,1,0,0,0,0,0,0,1
2018-06-15 12:00:00,-3.0,3.0,-0.13574660633484162,1.0,-1.0,-1.0,2.0,2.0,720,5.0,128.099,128.35,128.039,128.263,11628.0,12.0,41.51,0.218,-0.303,-0.414,128.496,127.773,61.39,58.85,27.86,24.51,19.29,34.51,129.415,61.6,0.161,0,0,0,0,0,0,0,1,1
2018-06-15 12:00:00,2.5,2.5,0.16447368421052633,1.0,1.0,1.0,1.0,2.0,720,5.0,128.099,128.35,128.039,128.263,11628.0,12.0,41.51,0.218,-0.303,-0.414,128.496,127.773,61.39,58.85,27.86,24.51,19.29,34.51,129.415,61.6,0.161,0,0,0,0,0,0,0,1,1
2018-06-15 12:00:00,0.10000000000000009,0.10000000000000009,0.03448275862068969,1.0,1.0,1.0,1.0,1.0,720,5.0,128.099,128.35,128.039,128.263,11628.0,12.0,41.51,0.218,-0.303,-0.414,128.496,127.773,61.39,58.85,27.86,24.51,19.29,34.51,129.415,61.6,0.161,0,0,0,0,1,0,0,0,1
2018-06-15 12:00:00,0.3,0.3,0.25,1.0,1.0,1.0,1.0,2.0,720,5.0,128.099,128.35,128.039,128.263,11628.0,12.0,41.51,0.218,-0.303,-0.414,128.496,127.773,61.39,58.85,27.86,24.51,19.29,34.51,129.415,61.6,0.161,0,1,0,0,0,0,0,0,1
2018-06-19 12:00:00,2.6,2.6,1.4444444444444444,1.0,1.0,1.0,1.0,1.0,720,2.0,126.902,127.024,126.693,126.865,13124.0,12.0,20.99,0.273,-0.328,-0.166,128.967,126.794,24.6,18.1,51.1,5.35,36.82,28.33,128.468,30.36,0.242,1,0,0,0,0,0,0,0,1
2018-06-19 12:00:00,-0.19999999999999996,0.19999999999999996,-0.06666666666666665,1.0,-1.0,-1.0,2.0,1.0,720,2.0,126.902,127.024,126.693,126.865,13124.0,12.0,20.99,0.273,-0.328,-0.166,128.967,126.794,24.6,18.1,51.1,5.35,36.82,28.33,128.468,30.36,0.242,1,0,0,0,0,0,0,0,1
2018-06-21 17:00:00,-1.1,1.1,-0.6875,1.0,-1.0,-1.0,2.0,1.0,1020,4.0,127.639,127.853,127.379,127.661,19911.0,17.0,50.37,0.32,-0.002,0.017,128.119,127.31,69.83,69.52,17.48,21.44,20.65,46.21,127.713,44.03,0.18,0,0,0,0,0,1,0,0,1
2018-06-22 11:00:00,-0.5,0.5,-0.008849557522123894,1.0,-1.0,-1.0,2.0,2.0,660,5.0,128.335,128.553,128.245,128.523,13192.0,11.0,74.5,0.204,0.138,0.036,128.247,127.276,79.56,77.11,33.49,30.54,7.26,59.52,127.672,73.91,0.169,1,0,0,0,0,0,0,0,1
2018-06-22 11:00:00,1.1000000000000014,1.1000000000000014,0.020036429872495473,1.0,1.0,1.0,1.0,2.0,660,5.0,128.335,128.553,128.245,128.523,13192.0,11.0,74.5,0.204,0.138,0.036,128.247,127.276,79.56,77.11,33.49,30.54,7.26,59.52,127.672,73.91,0.169,1,0,0,0,0,0,0,0,1
2018-06-22 11:00:00,1.1999999999999957,1.1999999999999957,0.0219780219780219,1.0,1.0,1.0,1.0,2.0,660,5.0,128.335,128.553,128.245,128.523,13192.0,11.0,74.5,0.204,0.138,0.036,128.247,127.276,79.56,77.11,33.49,30.54,7.26,59.52,127.672,73.91,0.169,1,0,0,0,0,0,0,0,1
2018-06-28 12:00:00,0.18999999999999995,0.18999999999999995,0.08636363636363634,1.0,1.0,1.0,1.0,1.0,720,4.0,127.463,127.615,127.368,127.601,11306.0,12.0,49.45,0.202,-0.108,-0.154,127.906,127.122,75.37,62.66,17.79,16.85,17.57,41.49,127.891,53.07,0.142,0,0,0,0,1,0,0,0,1
2018-06-28 12:00:00,-0.4,0.4,-0.36363636363636365,1.0,-1.0,-1.0,2.0,1.0,720,4.0,127.463,127.615,127.368,127.601,11306.0,12.0,49.45,0.202,-0.108,-0.154,127.906,127.122,75.37,62.66,17.79,16.85,17.57,41.49,127.891,53.07,0.142,0,0,0,0,0,1,0,0,1
2018-06-28 12:00:00,0.20000000000000284,0.20000000000000284,0.0017683465959328281,1.0,1.0,1.0,1.0,2.0,720,4.0,127.463,127.615,127.368,127.601,11306.0,12.0,49.45,0.202,-0.108,-0.154,127.906,127.122,75.37,62.66,17.79,16.85,17.57,41.49,127.891,53.07,0.142,0,0,0,0,0,1,0,0,1
2018-06-28 12:00:00,-1.5,1.5,-0.08875739644970415,1.0,-1.0,-1.0,2.0,1.0,720,4.0,127.463,127.615,127.368,127.601,11306.0,12.0,49.45,0.202,-0.108,-0.154,127.906,127.122,75.37,62.66,17.79,16.85,17.57,41.49,127.891,53.07,0.142,0,0,0,0,0,1,0,0,1
2018-06-28 12:00:00,0.40000000000000036,0.40000000000000036,0.05333333333333338,1.0,1.0,1.0,1.0,1.0,720,4.0,127.463,127.615,127.368,127.601,11306.0,12.0,49.45,0.202,-0.108,-0.154,127.906,127.122,75.37,62.66,17.79,16.85,17.57,41.49,127.891,53.07,0.142,0,0,0,0,0,1,0,0,1
2018-06-29 12:00:00,0.09999999999999998,0.09999999999999998,0.05263157894736841,1.0,1.0,1.0,1.0,2.0,720,5.0,128.997,129.165,128.816,128.923,11558.0,12.0,67.14,0.311,0.324,0.232,129.269,127.181,49.84,55.98,27.92,22.0,12.73,62.62,128.012,69.77,0.178,0,1,0,0,0,0,0,0,1
2018-06-29 12:00:00,0.10000000000000009,0.10000000000000009,0.03448275862068969,1.0,1.0,1.0,1.0,3.0,720,5.0,128.997,129.165,128.816,128.923,11558.0,12.0,67.14,0.311,0.324,0.232,129.269,127.181,49.84,55.98,27.92,22.0,12.73,62.62,128.012,69.77,0.178,0,1,0,0,0,0,0,0,1
2018-07-02 11:00:00,-0.3999999999999986,0.3999999999999986,-0.007104795737122533,1.0,-1.0,-1.0,2.0,2.0,660,1.0,128.805,129.085,128.77,129.016,12314.0,11.0,51.25,0.209,0.095,0.202,129.563,128.838,36.08,23.48,31.98,12.47,29.81,61.13,128.222,42.77,0.134,1,0,0,0,0,0,0,0,1
2018-07-03 12:00:00,-0.1,0.1,-0.09090909090909091,1.0,-1.0,-1.0,2.0,1.0,720,2.0,129.339,129.375,129.223,129.269,8653.0,12.0,58.28,0.229,0.114,0.059,129.512,128.426,73.86,83.49,40.9,24.12,13.42,55.7,128.491,54.28,0.155,0,0,0,0,0,0,1,0,1
2018-07-03 12:00:00,-0.5,0.5,-0.1724137931034483,1.0,-1.0,-1.0,2.0,1.0,720,2.0,129.339,129.375,129.223,129.269,8653.0,12.0,58.28,0.229,0.114,0.059,129.512,128.426,73.86,83.49,40.9,24.12,13.42,55.7,128.491,54.28,0.155,0,0,0,0,0,0,1,0,1
2018-07-03 12:00:00,0.7000000000000001,0.7000000000000001,0.6363636363636364,1.0,1.0,1.0,1.0,1.0,720,2.0,129.339,129.375,129.223,129.269,8653.0,12.0,58.28,0.229,0.114,0.059,129.512,128.426,73.86,83.49,40.9,24.12,13.42,55.7,128.491,54.28,0.155,0,1,0,0,0,0,0,0,1
2018-07-03 12:00:00,0.8999999999999999,0.8999999999999999,0.29032258064516125,1.0,1.0,1.0,1.0,1.0,720,2.0,129.339,129.375,129.223,129.269,8653.0,12.0,58.28,0.229,0.114,0.059,129.512,128.426,73.86,83.49,40.9,24.12,13.42,55.7,128.491,54.28,0.155,0,1,0,0,0,0,0,0,1
2018-07-04 11:00:00,0.8000000000000043,0.8000000000000043,0.014440433212996467,1.0,1.0,1.0,1.0,2.0,660,3.0,128.713,128.74,128.607,128.65,7579.0,11.0,39.76,0.147,-0.061,-0.053,128.993,128.668,35.0,46.2,16.67,8.13,16.58,49.6,128.758,34.22,0.096,1,0,0,0,0,0,0,0,1
2018-07-04 11:00:00,0.3999999999999986,0.3999999999999986,0.007207207207207181,1.0,1.0,1.0,1.0,2.0,660,3.0,128.713,128.74,128.607,128.65,7579.0,11.0,39.76,0.147,-0.061,-0.053,128.993,128.668,35.0,46.2,16.67,8.13,16.58,49.6,128.758,34.22,0.096,1,0,0,0,0,0,0,0,1
2018-07-10 12:00:00,-13.6,13.6,-2.2295081967213117,1.0,-1.0,-1.0,2.0,2.0,720,2.0,130.343,130.426,130.225,130.416,8324.0,12.0,59.63,0.139,0.126,0.155,130.634,130.064,39.47,41.97,38.88,20.4,20.46,65.57,129.682,34.26,0.108,0,0,0,0,0,1,0,0,1
2018-07-12 12:00:00,-0.6000000000000001,0.6000000000000001,-0.15000000000000002,1.0,-1.0,-1.0,2.0,1.0,720,4.0,131.206,131.359,131.194,131.292,8233.0,12.0,70.26,0.156,0.211,0.186,131.385,130.473,61.0,68.0,56.2,21.68,3.3,70.85,130.399,62.83,0.116,1,0,0,0,0,0,0,0,1
2018-07-12 12:00:00,2.0,2.0,1.1764705882352942,1.0,1.0,1.0,1.0,2.0,720,4.0,131.206,131.359,131.194,131.292,8233.0,12.0,70.26,0.156,0.211,0.186,131.385,130.473,61.0,68.0,56.2,21.68,3.3,70.85,130.399,62.83,0.116,1,0,0,0,0,0,0,0,1
2018-07-16 12:00:00,-4.399999999999999,4.399999999999999,-0.20091324200913238,1.0,-1.0,-1.0,2.0,2.0,720,1.0,131.559,131.625,131.52,131.574,10270.0,12.0,65.03,0.132,0.098,0.075,131.635,131.071,77.46,70.88,40.17,21.9,5.67,68.34,131.008,58.81,0.083,0,0,0,0,0,0,0,1,1
2018-07-16 12:00:00,-2.8000000000000007,2.8000000000000007,-0.13526570048309183,1.0,-1.0,-1.0,2.0,2.0,720,1.0,131.559,131.625,131.52,131.574,10270.0,12.0,65.03,0.132,0.098,0.075,131.635,131.071,77.46,70.88,40.17,21.9,5.67,68.34,131.008,58.81,0.083,0,0,0,0,0,0,0,1,1
2018-07-18 12:00:00,0.6,0.6,0.4615384615384615,1.0,1.0,1.0,1.0,1.0,720,3.0,131.367,131.4,131.279,131.327,9517.0,12.0,30.7,0.114,-0.063,-0.019,131.814,131.356,26.32,26.02,39.39,6.3,28.18,45.27,131.464,34.85,0.101,1,0,0,0,0,0,0,0,1
2018-07-18 12:00:00,0.10000000000000009,0.10000000000000009,0.03703703703703707,1.0,1.0,1.0,1.0,1.0,720,3.0,131.367,131.4,131.279,131.327,9517.0,12.0,30.7,0.114,-0.063,-0.019,131.814,131.356,26.32,26.02,39.39,6.3,28.18,45.27,131.464,34.85,0.101,1,0,0,0,0,0,0,0,1
2018-07-18 12:00:00,-12.5,12.5,-0.9259259259259259,1.0,-1.0,-1.0,2.0,1.0,720,3.0,131.367,131.4,131.279,131.327,9517.0,12.0,30.7,0.114,-0.063,-0.019,131.814,131.356,26.32,26.02,39.39,6.3,28.18,45.27,131.464,34.85,0.101,0,1,0,0,0,0,0,0,1
2018-07-18 12:00:00,0.1,0.1,0.1,1.0,1.0,1.0,1.0,2.0,720,3.0,131.367,131.4,131.279,131.327,9517.0,12.0,30.7,0.114,-0.063,-0.019,131.814,131.356,26.32,26.02,39.39,6.3,28.18,45.27,131.464,34.85,0.101,0,1,0,0,0,0,0,0,1
2018-07-18 12:00:00,-0.1,0.1,-0.08333333333333334,1.0,-1.0,-1.0,2.0,1.0,720,3.0,131.367,131.4,131.279,131.327,9517.0,12.0,30.7,0.114,-0.063,-0.019,131.814,131.356,26.32,26.02,39.39,6.3,28.18,45.27,131.464,34.85,0.101,0,1,0,0,0,0,0,0,1
2018-07-18 12:00:00,0.7999999999999998,0.7999999999999998,0.3809523809523809,1.0,1.0,1.0,1.0,1.0,720,3.0,131.367,131.4,131.279,131.327,9517.0,12.0,30.7,0.114,-0.063,-0.019,131.814,131.356,26.32,26.02,39.39,6.3,28.18,45.27,131.464,34.85,0.101,0,1,0,0,0,0,0,0,1
2018-07-23 17:00:00,0.20000000000000007,0.20000000000000007,0.11111111111111115,1.0,1.0,1.0,1.0,1.0,1020,1.0,130.238,130.451,130.238,130.377,9469.0,17.0,48.84,0.173,-0.139,-0.199,130.702,129.873,81.51,77.53,36.71,21.96,16.21,37.18,130.975,60.17,0.076,0,0,0,0,0,1,0,0,1
2018-07-24 11:00:00,-0.7000000000000028,0.7000000000000028,-0.012477718360071352,1.0,-1.0,-1.0,2.0,2.0,660,2.0,130.071,130.075,129.904,129.98,8846.0,11.0,42.39,0.175,-0.108,-0.099,130.456,129.866,52.71,48.23,32.48,7.59,22.94,30.33,130.722,47.18,0.1,1,0,0,0,0,0,0,0,1
2018-07-24 11:00:00,0.20000000000000284,0.20000000000000284,0.003577817531305954,1.0,1.0,1.0,1.0,2.0,660,2.0,130.071,130.075,129.904,129.98,8846.0,11.0,42.39,0.175,-0.108,-0.099,130.456,129.866,52.71,48.23,32.48,7.59,22.94,30.33,130.722,47.18,0.1,1,0,0,0,0,0,0,0,1
2018-07-24 11:00:00,-0.6000000000000014,0.6000000000000014,-0.010733452593917735,1.0,-1.0,-1.0,2.0,2.0,660,2.0,130.071,130.075,129.904,129.98,8846.0,11.0,42.39,0.175,-0.108,-0.099,130.456,129.866,52.71,48.23,32.48,7.59,22.94,30.33,130.722,47.18,0.1,1,0,0,0,0,0,0,0,1
2018-07-30 12:00:00,-0.030000000000000027,0.030000000000000027,-0.012931034482758631,1.0,-1.0,-1.0,2.0,1.0,720,1.0,129.694,129.841,129.672,129.773,6939.0,12.0,69.36,0.131,0.064,0.018,129.692,129.183,84.73,80.14,36.94,30.78,4.83,53.63,129.676,73.37,0.077,0,0,0,0,1,0,0,0,1
2018-07-30 12:00:00,0.20000000000000007,0.20000000000000007,0.11111111111111115,1.0,1.0,1.0,1.0,1.0,720,1.0,129.694,129.841,129.672,129.773,6939.0,12.0,69.36,0.131,0.064,0.018,129.692,129.183,84.73,80.14,36.94,30.78,4.83,53.63,129.676,73.37,0.077,0,0,0,0,0,1,0,0,1
2018-07-30 12:00:00,0.40000000000000036,0.40000000000000036,0.025157232704402538,1.0,1.0,1.0,1.0,1.0,720,1.0,129.694,129.841,129.672,129.773,6939.0,12.0,69.36,0.131,0.064,0.018,129.692,129.183,84.73,80.14,36.94,30.78,4.83,53.63,129.676,73.37,0.077,0,0,0,0,0,1,0,0,1
2018-07-30 12:00:00,-0.4000000000000057,0.4000000000000057,-0.003524229074889918,1.0,-1.0,-1.0,2.0,2.0,720,1.0,129.694,129.841,129.672,129.773,6939.0,12.0,69.36,0.131,0.064,0.018,129.692,129.183,84.73,80.14,36.94,30.78,4.83,53.63,129.676,73.37,0.077,0,0,0,0,0,1,0,0,1
2018-07-30 12:00:00,0.20000000000000018,0.20000000000000018,0.03030303030303033,1.0,1.0,1.0,1.0,1.0,720,1.0,129.694,129.841,129.672,129.773,6939.0,12.0,69.36,0.131,0.064,0.018,129.692,129.183,84.73,80.14,36.94,30.78,4.83,53.63,129.676,73.37,0.077,0,0,0,0,0,1,0,0,1
2018-07-31 12:00:00,-0.10000000000000003,0.10000000000000003,-0.07142857142857145,1.0,-1.0,-1.0,2.0,2.0,720,2.0,130.8,130.831,130.677,130.735,5829.0,12.0,75.88,0.256,0.231,0.145,130.643,129.585,90.82,86.44,28.68,21.94,8.18,71.15,129.744,73.29,0.162,1,0,0,0,0,0,0,0,1
2018-07-31 12:00:00,-0.2999999999999998,0.2999999999999998,-0.08823529411764701,1.0,-1.0,-1.0,2.0,2.0,720,2.0,130.8,130.831,130.677,130.735,5829.0,12.0,75.88,0.256,0.231,0.145,130.643,129.585,90.82,86.44,28.68,21.94,8.18,71.15,129.744,73.29,0.162,1,0,0,0,0,0,0,0,1
2018-07-31 12:00:00,-0.09999999999999964,0.09999999999999964,-0.010638297872340387,1.0,1.0,1.0,1.0,2.0,720,2.0,130.8,130.831,130.677,130.735,5829.0,12.0,75.88,0.256,0.231,0.145,130.643,129.585,90.82,86.44,28.68,21.94,8.18,71.15,129.744,73.29,0.162,0,0,1,0,0,0,0,0,1
2018-07-31 12:00:00,0.20000000000000007,0.20000000000000007,0.10526315789473688,1.0,1.0,1.0,1.0,2.0,720,2.0,130.8,130.831,130.677,130.735,5829.0,12.0,75.88,0.256,0.231,0.145,130.643,129.585,90.82,86.44,28.68,21.94,8.18,71.15,129.744,73.29,0.162,0,1,0,0,0,0,0,0,1
2018-07-31 12:00:00,0.10000000000000009,0.10000000000000009,0.03333333333333336,1.0,1.0,1.0,1.0,3.0,720,2.0,130.8,130.831,130.677,130.735,5829.0,12.0,75.88,0.256,0.231,0.145,130.643,129.585,90.82,86.44,28.68,21.94,8.18,71.15,129.744,73.29,0.162,0,1,0,0,0,0,0,0,1
2018-08-01 11:00:00,0.10000000000000142,0.10000000000000142,0.001785714285714311,1.0,1.0,1.0,1.0,2.0,660,3.0,131.038,131.043,130.844,130.844,5818.0,11.0,57.52,0.153,0.132,0.134,131.065,130.578,71.89,86.62,28.11,23.93,13.58,69.24,129.937,63.4,0.082,1,0,0,0,0,0,0,0,1
2018-08-02 12:00:00,0.30000000000000004,0.30000000000000004,0.27272727272727276,1.0,1.0,1.0,1.0,1.0,720,4.0,129.624,129.641,129.446,129.492,7327.0,12.0,19.1,0.147,-0.234,-0.174,130.617,129.568,6.08,8.11,62.41,3.83,43.63,33.9,130.138,20.92,0.089,0,1,0,0,0,0,0,0,1
2018-08-02 12:00:00,0.30000000000000027,0.30000000000000027,0.06976744186046518,1.0,1.0,1.0,1.0,1.0,720,4.0,129.624,129.641,129.446,129.492,7327.0,12.0,19.1,0.147,-0.234,-0.174,130.617,129.568,6.08,8.11,62.41,3.83,43.63,33.9,130.138,20.92,0.089,0,1,0,0,0,0,0,0,1
2018-08-03 11:00:00,-0.5999999999999943,0.5999999999999943,-0.01075268817204291,1.0,-1.0,-1.0,2.0,2.0,660,5.0,129.321,129.373,129.189,129.334,6984.0,11.0,36.73,0.121,-0.135,-0.163,129.547,129.253,33.7,39.28,27.7,13.99,23.1,34.08,130.134,40.27,0.086,1,0,0,0,0,0,0,0,1
2018-08-03 11:00:00,-0.4000000000000057,0.4000000000000057,-0.007181328545781071,1.0,-1.0,-1.0,2.0,2.0,660,5.0,129.321,129.373,129.189,129.334,6984.0,11.0,36.73,0.121,-0.135,-0.163,129.547,129.253,33.7,39.28,27.7,13.99,23.1,34.08,130.134,40.27,0.086,1,0,0,0,0,0,0,0,1
2018-08-03 12:00:00,0.3,0.3,0.3,1.0,1.0,1.0,1.0,1.0,720,5.0,129.335,129.398,129.256,129.269,4756.0,12.0,33.77,0.123,-0.134,-0.155,129.533,129.241,34.81,34.94,26.15,14.47,20.02,31.98,130.106,51.05,0.095,0,0,0,0,0,0,1,0,1
2018-08-03 12:00:00,-0.5,0.5,-0.18518518518518517,1.0,-1.0,-1.0,2.0,1.0,720,5.0,129.335,129.398,129.256,129.269,4756.0,12.0,33.77,0.123,-0.134,-0.155,129.533,129.241,34.81,34.94,26.15,14.47,20.02,31.98,130.106,51.05,0.095,0,0,0,0,0,0,1,0,1
2018-08-14 12:00:00,-0.3999999999999999,0.3999999999999999,-0.10256410256410255,1.0,-1.0,-1.0,2.0,1.0,720,2.0,126.408,126.63,126.251,126.502,10150.0,12.0,53.25,0.274,0.109,0.069,126.797,125.903,48.24,68.11,14.66,19.32,19.85,38.28,127.152,41.68,0.189,1,0,0,0,0,0,0,0,1
2018-08-14 12:00:00,-1.1,1.1,-0.7857142857142858,1.0,-1.0,-1.0,2.0,2.0,720,2.0,126.408,126.63,126.251,126.502,10150.0,12.0,53.25,0.274,0.109,0.069,126.797,125.903,48.24,68.11,14.66,19.32,19.85,38.28,127.152,41.68,0.189,1,0,0,0,0,0,0,0,1
2018-08-14 12:00:00,4.5,4.5,0.2710843373493976,1.0,1.0,1.0,1.0,2.0,720,2.0,126.408,126.63,126.251,126.502,10150.0,12.0,53.25,0.274,0.109,0.069,126.797,125.903,48.24,68.11,14.66,19.32,19.85,38.28,127.152,41.68,0.189,0,0,0,0,0,1,0,0,1
2018-08-14 12:00:00,0.10000000000000003,0.10000000000000003,0.07692307692307694,1.0,1.0,1.0,1.0,2.0,720,2.0,126.408,126.63,126.251,126.502,10150.0,12.0,53.25,0.274,0.109,0.069,126.797,125.903,48.24,68.11,14.66,19.32,19.85,38.28,127.152,41.68,0.189,1,0,0,0,0,0,0,0,1
2018-08-14 12:00:00,0.30000000000000027,0.30000000000000027,0.10344827586206906,1.0,1.0,1.0,1.0,2.0,720,2.0,126.408,126.63,126.251,126.502,10150.0,12.0,53.25,0.274,0.109,0.069,126.797,125.903,48.24,68.11,14.66,19.32,19.85,38.28,127.152,41.68,0.189,1,0,0,0,0,0,0,0,1
2018-08-16 12:00:00,-0.6999999999999993,0.6999999999999993,-0.028925619834710717,1.0,-1.0,-1.0,2.0,2.0,720,4.0,126.104,126.121,125.929,126.0,6765.0,12.0,53.44,0.275,0.068,0.01,126.419,125.015,29.27,39.03,11.93,16.14,15.37,40.37,125.99,49.02,0.14,0,0,0,0,0,0,0,1,1
2018-08-16 12:00:00,-1.5,1.5,-0.078125,1.0,-1.0,-1.0,2.0,2.0,720,4.0,126.104,126.121,125.929,126.0,6765.0,12.0,53.44,0.275,0.068,0.01,126.419,125.015,29.27,39.03,11.93,16.14,15.37,40.37,125.99,49.02,0.14,0,0,0,0,0,0,0,1,1
2018-08-17 12:00:00,0.8,0.8,0.3478260869565218,1.0,1.0,1.0,1.0,1.0,720,5.0,126.172,126.198,125.809,125.812,9993.0,12.0,41.6,0.165,0.021,0.059,126.322,125.906,18.26,31.51,15.28,15.18,21.68,43.28,126.024,49.24,0.11,0,1,0,0,0,0,0,0,1
2018-08-17 12:00:00,-0.3,0.3,-0.3,1.0,-1.0,-1.0,2.0,2.0,720,5.0,126.172,126.198,125.809,125.812,9993.0,12.0,41.6,0.165,0.021,0.059,126.322,125.906,18.26,31.51,15.28,15.18,21.68,43.28,126.024,49.24,0.11,0,1,0,0,0,0,0,0,1
2018-08-17 12:00:00,0.10000000000000009,0.10000000000000009,0.050000000000000044,1.0,1.0,1.0,1.0,2.0,720,5.0,126.172,126.198,125.809,125.812,9993.0,12.0,41.6,0.165,0.021,0.059,126.322,125.906,18.26,31.51,15.28,15.18,21.68,43.28,126.024,49.24,0.11,0,1,0,0,0,0,0,0,1
2018-08-17 12:00:00,-0.3,0.3,-0.3,1.0,-1.0,-1.0,2.0,1.0,720,5.0,126.172,126.198,125.809,125.812,9993.0,12.0,41.6,0.165,0.021,0.059,126.322,125.906,18.26,31.51,15.28,15.18,21.68,43.28,126.024,49.24,0.11,0,1,0,0,0,0,0,0,1
2018-08-17 12:00:00,-0.19999999999999973,0.19999999999999973,-0.06060606060606053,1.0,-1.0,-1.0,2.0,1.0,720,5.0,126.172,126.198,125.809,125.812,9993.0,12.0,41.6,0.165,0.021,0.059,126.322,125.906,18.26,31.51,15.28,15.18,21.68,43.28,126.024,49.24,0.11,0,1,0,0,0,0,0,0,1
2018-08-20 12:00:00,1.0,1.0,0.3846153846153846,1.0,1.0,1.0,1.0,1.0,720,1.0,126.207,126.262,126.143,126.244,5168.0,12.0,50.58,0.14,0.045,0.072,126.611,125.954,38.44,39.12,28.32,9.2,21.13,47.82,126.006,38.48,0.1,1,0,0,0,0,0,0,0,1
2018-08-23 11:00:00,0.10000000000000142,0.10000000000000142,0.0018083182640144923,1.0,1.0,1.0,1.0,2.0,660,4.0,128.171,128.242,128.002,128.197,7038.0,11.0,62.69,0.159,0.109,0.134,128.238,128.023,75.88,69.18,17.47,14.48,18.17,69.12,127.112,44.37,0.106,1,0,0,0,0,0,0,0,1
2018-08-23 11:00:00,-0.5,0.5,-0.008912655971479501,1.0,-1.0,-1.0,2.0,2.0,660,4.0,128.171,128.242,128.002,128.197,7038.0,11.0,62.69,0.159,0.109,0.134,128.238,128.023,75.88,69.18,17.47,14.48,18.17,69.12,127.112,44.37,0.106,1,0,0,0,0,0,0,0,1
2018-08-23 17:00:00,-1.2999999999999998,1.2999999999999998,-0.8124999999999999,1.0,-1.0,-1.0,2.0,1.0,1020,4.0,128.597,128.768,128.473,128.746,11261.0,17.0,76.93,0.208,0.169,0.123,128.572,127.879,86.22,80.32,22.8,23.42,9.03,73.47,127.323,70.29,0.129,0,0,0,0,0,1,0,0,1
2018-08-30 12:00:00,-0.5,0.5,-0.0308641975308642,1.0,-1.0,-1.0,2.0,1.0,720,4.0,130.394,130.514,130.348,130.503,5888.0,12.0,51.2,0.169,0.093,0.155,130.891,130.441,37.58,42.26,22.22,12.93,21.69,55.63,129.919,37.08,0.12,0,0,0,0,0,1,0,0,1
2018-08-30 12:00:00,0.09999999999999432,0.09999999999999432,0.0008888888888888384,1.0,1.0,1.0,1.0,2.0,720,4.0,130.394,130.514,130.348,130.503,5888.0,12.0,51.2,0.169,0.093,0.155,130.891,130.441,37.58,42.26,22.22,12.93,21.69,55.63,129.919,37.08,0.12,0,0,0,0,0,1,0,0,1
2018-08-30 12:00:00,0.9000000000000004,0.9000000000000004,0.16071428571428578,1.0,1.0,1.0,1.0,1.0,720,4.0,130.394,130.514,130.348,130.503,5888.0,12.0,51.2,0.169,0.093,0.155,130.891,130.441,37.58,42.26,22.22,12.93,21.69,55.63,129.919,37.08,0.12,0,0,0,0,0,1,0,0,1
2018-08-30 12:00:00,-1.2999999999999998,1.2999999999999998,-0.8124999999999999,1.0,-1.0,-1.0,2.0,1.0,720,4.0,130.394,130.514,130.348,130.503,5888.0,12.0,51.2,0.169,0.093,0.155,130.891,130.441,37.58,42.26,22.22,12.93,21.69,55.63,129.919,37.08,0.12,0,0,0,0,0,1,0,0,1
2018-08-30 12:00:00,-0.030000000000000027,0.030000000000000027,-0.013333333333333345,1.0,-1.0,-1.0,2.0,1.0,720,4.0,130.394,130.514,130.348,130.503,5888.0,12.0,51.2,0.169,0.093,0.155,130.891,130.441,37.58,42.26,22.22,12.93,21.69,55.63,129.919,37.08,0.12,0,0,0,0,1,0,0,0,1
2018-08-31 12:00:00,-0.10000000000000142,0.10000000000000142,-0.010752688172043163,1.0,1.0,1.0,1.0,2.0,720,5.0,129.273,129.382,129.237,129.324,7408.0,12.0,35.37,0.175,-0.193,-0.207,129.784,129.28,15.69,26.7,29.19,11.77,19.57,38.08,129.962,36.76,0.116,0,0,1,0,0,0,0,0,1
2018-08-31 12:00:00,-0.10000000000000009,0.10000000000000009,-0.03225806451612906,1.0,-1.0,-1.0,2.0,3.0,720,5.0,129.273,129.382,129.237,129.324,7408.0,12.0,35.37,0.175,-0.193,-0.207,129.784,129.28,15.69,26.7,29.19,11.77,19.57,38.08,129.962,36.76,0.116,0,1,0,0,0,0,0,0,1
2018-09-03 11:00:00,-0.19999999999999574,0.19999999999999574,-0.0035842293906809273,1.0,-1.0,-1.0,2.0,2.0,660,1.0,128.854,129.003,128.817,128.906,8999.0,11.0,47.49,0.182,-0.15,-0.201,129.02,128.588,63.68,60.98,25.36,21.52,13.19,40.46,129.741,66.67,0.103,1,0,0,0,0,0,0,0,1
2018-09-04 12:00:00,0.30000000000000004,0.30000000000000004,0.27272727272727276,1.0,1.0,1.0,1.0,1.0,720,2.0,128.898,128.909,128.72,128.725,8423.0,12.0,36.34,0.156,-0.034,-0.015,129.163,128.808,20.97,38.23,23.76,11.53,18.93,37.85,129.427,37.31,0.116,0,1,0,0,0,0,0,0,1
2018-09-04 12:00:00,-0.2999999999999998,0.2999999999999998,-0.05660377358490563,1.0,-1.0,-1.0,2.0,1.0,720,2.0,128.898,128.909,128.72,128.725,8423.0,12.0,36.34,0.156,-0.034,-0.015,129.163,128.808,20.97,38.23,23.76,11.53,18.93,37.85,129.427,37.31,0.116,0,1,0,0,0,0,0,0,1
2018-09-05 11:00:00,0.10000000000000142,0.10000000000000142,0.0018050541516245744,1.0,1.0,1.0,1.0,2.0,660,3.0,128.799,129.02,128.794,129.016,8051.0,11.0,48.62,0.204,0.034,0.086,129.562,128.568,28.24,24.77,33.37,14.12,26.26,46.56,129.107,36.27,0.143,1,0,0,0,0,0,0,0,1
2018-09-05 11:00:00,0.10000000000000142,0.10000000000000142,0.0018083182640144923,1.0,1.0,1.0,1.0,2.0,660,3.0,128.799,129.02,128.794,129.016,8051.0,11.0,48.62,0.204,0.034,0.086,129.562,128.568,28.24,24.77,33.37,14.12,26.26,46.56,129.107,36.27,0.143,1,0,0,0,0,0,0,0,1
2018-09-05 12:00:00,-0.2,0.2,-0.2,1.0,-1.0,-1.0,2.0,1.0,720,3.0,129.014,129.326,128.99,129.143,9686.0,12.0,52.73,0.221,0.035,0.082,129.501,128.701,49.76,32.19,29.38,24.38,22.76,49.46,129.07,49.73,0.14,0,0,0,0,0,0,1,0,1
2018-09-05 12:00:00,-0.3999999999999999,0.3999999999999999,-0.15999999999999998,1.0,-1.0,-1.0,2.0,1.0,720,3.0,129.014,129.326,128.99,129.143,9686.0,12.0,52.73,0.221,0.035,0.082,129.501,128.701,49.76,32.19,29.38,24.38,22.76,49.46,129.07,49.73,0.14,0,0,0,0,0,0,1,0,1
2018-09-07 12:00:00,0.10000000000000003,0.10000000000000003,0.07692307692307694,1.0,1.0,1.0,1.0,2.0,720,5.0,128.93,129.109,128.821,128.877,6756.0,12.0,49.88,0.219,-0.104,-0.194,129.072,128.35,80.86,83.92,26.09,26.79,12.55,39.13,129.065,68.26,0.125,1,0,0,0,0,0,0,0,1
2018-09-07 12:00:00,0.10000000000000009,0.10000000000000009,0.03333333333333336,1.0,1.0,1.0,1.0,2.0,720,5.0,128.93,129.109,128.821,128.877,6756.0,12.0,49.88,0.219,-0.104,-0.194,129.072,128.35,80.86,83.92,26.09,26.79,12.55,39.13,129.065,68.26,0.125,1,0,0,0,0,0,0,0,1
2018-09-11 12:00:00,7.7,7.7,0.48427672955974843,1.0,1.0,1.0,1.0,2.0,720,2.0,129.387,129.413,129.148,129.177,7774.0,12.0,54.18,0.205,0.206,0.183,129.618,128.593,41.74,67.13,36.75,29.35,18.55,51.0,128.924,41.58,0.129,0,0,0,0,0,1,0,0,1
2018-09-11 12:00:00,0.10000000000000009,0.10000000000000009,0.041666666666666706,1.0,1.0,1.0,1.0,1.0,720,2.0,129.387,129.413,129.148,129.177,7774.0,12.0,54.18,0.205,0.206,0.183,129.618,128.593,41.74,67.13,36.75,29.35,18.55,51.0,128.924,41.58,0.129,0,0,1,0,0,0,0,0,1
2018-09-12 12:00:00,-1.6,1.6,-0.888888888888889,1.0,-1.0,-1.0,2.0,2.0,720,3.0,129.214,129.277,129.117,129.229,5755.0,12.0,50.4,0.177,0.018,0.048,129.543,129.046,57.54,44.91,15.58,11.04,10.1,49.42,128.852,48.13,0.136,1,0,0,0,0,0,0,0,1
2018-09-12 12:00:00,-2.5,2.5,-0.7352941176470589,1.0,-1.0,-1.0,2.0,1.0,720,3.0,129.214,129.277,129.117,129.229,5755.0,12.0,50.4,0.177,0.018,0.048,129.543,129.046,57.54,44.91,15.58,11.04,10.1,49.42,128.852,48.13,0.136,1,0,0,0,0,0,0,0,1
2018-09-14 12:00:00,-4.0,4.0,-0.2247191011235955,1.0,-1.0,-1.0,2.0,2.0,720,5.0,130.924,130.96,130.784,130.812,5684.0,12.0,59.99,0.158,0.257,0.316,131.1,130.588,53.29,66.89,36.3,20.38,16.84,65.95,129.696,42.31,0.104,0,0,0,0,0,0,0,1,1
2018-09-14 12:00:00,0.5000000000000002,0.5000000000000002,0.18518518518518526,1.0,1.0,1.0,1.0,1.0,720,5.0,130.924,130.96,130.784,130.812,5684.0,12.0,59.99,0.158,0.257,0.316,131.1,130.588,53.29,66.89,36.3,20.38,16.84,65.95,129.696,42.31,0.104,0,0,0,0,1,0,0,0,1
2018-09-14 12:00:00,-0.7999999999999972,0.7999999999999972,-0.04123711340206171,1.0,-1.0,-1.0,2.0,2.0,720,5.0,130.924,130.96,130.784,130.812,5684.0,12.0,59.99,0.158,0.257,0.316,131.1,130.588,53.29,66.89,36.3,20.38,16.84,65.95,129.696,42.31,0.104,0,0,0,0,0,0,0,1,1
2018-09-17 12:00:00,-0.10000000000000009,0.10000000000000009,-0.03225806451612906,1.0,-1.0,-1.0,2.0,3.0,720,1.0,130.476,130.492,130.381,130.467,5383.0,12.0,53.73,0.14,-0.041,-0.072,130.647,130.034,78.55,68.97,24.93,14.94,15.68,64.58,130.038,63.8,0.097,0,1,0,0,0,0,0,0,1
2018-09-17 12:00:00,-0.30000000000000027,0.30000000000000027,-0.09375000000000008,1.0,-1.0,-1.0,2.0,1.0,720,1.0,130.476,130.492,130.381,130.467,5383.0,12.0,53.73,0.14,-0.041,-0.072,130.647,130.034,78.55,68.97,24.93,14.94,15.68,64.58,130.038,63.8,0.097,0,1,0,0,0,0,0,0,1
2018-09-17 12:00:00,1.5,1.5,0.6521739130434783,1.0,1.0,1.0,1.0,1.0,720,1.0,130.476,130.492,130.381,130.467,5383.0,12.0,53.73,0.14,-0.041,-0.072,130.647,130.034,78.55,68.97,24.93,14.94,15.68,64.58,130.038,63.8,0.097,0,1,0,0,0,0,0,0,1
2018-09-17 12:00:00,0.7,0.7,0.4666666666666666,1.0,1.0,1.0,1.0,2.0,720,1.0,130.476,130.492,130.381,130.467,5383.0,12.0,53.73,0.14,-0.041,-0.072,130.647,130.034,78.55,68.97,24.93,14.94,15.68,64.58,130.038,63.8,0.097,0,1,0,0,0,0,0,0,1
2018-09-17 12:00:00,0.1,0.1,0.09090909090909091,1.0,1.0,1.0,1.0,1.0,720,1.0,130.476,130.492,130.381,130.467,5383.0,12.0,53.73,0.14,-0.041,-0.072,130.647,130.034,78.55,68.97,24.93,14.94,15.68,64.58,130.038,63.8,0.097,0,1,0,0,0,0,0,0,1
2018-09-19 12:00:00,0.4,0.4,0.36363636363636365,1.0,1.0,1.0,1.0,1.0,720,3.0,131.5,131.53,131.369,131.414,6961.0,12.0,61.09,0.168,0.114,0.077,131.498,130.866,68.14,74.41,37.57,28.94,9.24,58.45,130.82,65.0,0.123,1,0,0,0,0,0,0,0,1
2018-09-19 12:00:00,0.9000000000000001,0.9000000000000001,0.33333333333333337,1.0,1.0,1.0,1.0,1.0,720,3.0,131.5,131.53,131.369,131.414,6961.0,12.0,61.09,0.168,0.114,0.077,131.498,130.866,68.14,74.41,37.57,28.94,9.24,58.45,130.82,65.0,0.123,1,0,0,0,0,0,0,0,1
2018-09-20 17:00:00,-0.3999999999999999,0.3999999999999999,-0.11428571428571425,1.0,-1.0,-1.0,2.0,1.0,1020,4.0,131.898,132.174,131.803,132.119,11055.0,17.0,78.81,0.261,0.214,0.082,132.023,130.586,84.76,87.35,42.21,26.43,7.97,70.44,131.009,64.03,0.159,0,0,0,0,0,1,0,0,1
2018-09-21 11:00:00,-1.3000000000000043,1.3000000000000043,-0.023381294964028854,1.0,-1.0,-1.0,2.0,2.0,660,5.0,132.703,133.021,132.668,132.867,8841.0,11.0,69.09,0.182,0.339,0.355,133.089,131.985,48.92,66.41,67.74,24.78,6.35,75.49,131.398,49.47,0.128,1,0,0,0,0,0,0,0,1
2018-09-21 11:00:00,0.30000000000000426,0.30000000000000426,0.005415162454873723,1.0,1.0,1.0,1.0,2.0,660,5.0,132.703,133.021,132.668,132.867,8841.0,11.0,69.09,0.182,0.339,0.355,133.089,131.985,48.92,66.41,67.74,24.78,6.35,75.49,131.398,49.47,0.128,1,0,0,0,0,0,0,0,1
2018-09-21 11:00:00,-0.29999999999999716,0.29999999999999716,-0.0054054054054053545,1.0,-1.0,-1.0,2.0,2.0,660,5.0,132.703,133.021,132.668,132.867,8841.0,11.0,69.09,0.182,0.339,0.355,133.089,131.985,48.92,66.41,67.74,24.78,6.35,75.49,131.398,49.47,0.128,1,0,0,0,0,0,0,0,1
2018-09-27 12:00:00,-0.7000000000000011,0.7000000000000011,-0.042944785276073684,1.0,-1.0,-1.0,2.0,1.0,720,4.0,132.031,132.156,131.912,131.972,8202.0,12.0,37.53,0.259,-0.202,-0.134,133.039,131.744,37.32,29.83,27.93,11.07,18.34,41.13,132.538,45.84,0.183,0,0,0,0,0,1,0,0,1
2018-09-27 12:00:00,-0.5999999999999943,0.5999999999999943,-0.005333333333333283,1.0,-1.0,-1.0,2.0,2.0,720,4.0,132.031,132.156,131.912,131.972,8202.0,12.0,37.53,0.259,-0.202,-0.134,133.039,131.744,37.32,29.83,27.93,11.07,18.34,41.13,132.538,45.84,0.183,0,0,0,0,0,1,0,0,1
2018-09-27 12:00:00,-0.2999999999999998,0.2999999999999998,-0.04999999999999997,1.0,-1.0,-1.0,2.0,1.0,720,4.0,132.031,132.156,131.912,131.972,8202.0,12.0,37.53,0.259,-0.202,-0.134,133.039,131.744,37.32,29.83,27.93,11.07,18.34,41.13,132.538,45.84,0.183,0,0,0,0,0,1,0,0,1
2018-09-27 12:00:00,-0.3999999999999999,0.3999999999999999,-0.11428571428571425,1.0,-1.0,-1.0,2.0,1.0,720,4.0,132.031,132.156,131.912,131.972,8202.0,12.0,37.53,0.259,-0.202,-0.134,133.039,131.744,37.32,29.83,27.93,11.07,18.34,41.13,132.538,45.84,0.183,0,0,0,0,0,1,0,0,1
2018-09-27 12:00:00,-0.17999999999999994,0.17999999999999994,-0.07531380753138074,1.0,-1.0,-1.0,2.0,1.0,720,4.0,132.031,132.156,131.912,131.972,8202.0,12.0,37.53,0.259,-0.202,-0.134,133.039,131.744,37.32,29.83,27.93,11.07,18.34,41.13,132.538,45.84,0.183,0,0,0,0,1,0,0,0,1
2018-09-28 12:00:00,-0.09999999999999998,0.09999999999999998,-0.04999999999999999,1.0,-1.0,-1.0,2.0,2.0,720,5.0,131.764,131.868,131.496,131.527,12249.0,12.0,30.28,0.191,-0.13,-0.074,132.51,131.638,12.65,17.03,22.97,12.98,28.6,36.24,132.451,33.93,0.152,0,1,0,0,0,0,0,0,1
2018-09-28 12:00:00,0.10000000000000009,0.10000000000000009,0.03333333333333336,1.0,1.0,1.0,1.0,3.0,720,5.0,131.764,131.868,131.496,131.527,12249.0,12.0,30.28,0.191,-0.13,-0.074,132.51,131.638,12.65,17.03,22.97,12.98,28.6,36.24,132.451,33.93,0.152,0,1,0,0,0,0,0,0,1
2018-10-01 11:00:00,-0.5999999999999943,0.5999999999999943,-0.010948905109488948,1.0,-1.0,-1.0,2.0,2.0,660,1.0,132.239,132.296,132.139,132.277,7343.0,11.0,60.76,0.156,0.062,0.037,132.352,131.639,72.21,52.01,18.45,17.37,14.18,52.1,132.334,66.59,0.103,1,0,0,0,0,0,0,0,1
2018-10-02 12:00:00,0.3,0.3,0.3,1.0,1.0,1.0,1.0,1.0,720,2.0,130.831,131.02,130.704,130.952,11117.0,12.0,27.87,0.21,-0.235,-0.111,132.389,131.037,19.04,17.78,45.86,5.65,34.62,40.63,132.0,23.8,0.18,0,1,0,0,0,0,0,0,1
2018-10-02 12:00:00,-0.09999999999999964,0.09999999999999964,-0.01886792452830182,1.0,-1.0,-1.0,2.0,1.0,720,2.0,130.831,131.02,130.704,130.952,11117.0,12.0,27.87,0.21,-0.235,-0.111,132.389,131.037,19.04,17.78,45.86,5.65,34.62,40.63,132.0,23.8,0.18,0,1,0,0,0,0,0,0,1
2018-10-03 11:00:00,0.20000000000000284,0.20000000000000284,0.003603603603603655,1.0,1.0,1.0,1.0,2.0,660,3.0,131.856,131.89,131.694,131.781,8649.0,11.0,58.08,0.223,0.073,-0.015,131.943,130.942,63.51,68.79,20.95,21.02,13.6,49.9,131.786,56.19,0.143,1,0,0,0,0,0,0,0,1
2018-10-03 11:00:00,-0.29999999999999716,0.29999999999999716,-0.005415162454873595,1.0,-1.0,-1.0,2.0,2.0,660,3.0,131.856,131.89,131.694,131.781,8649.0,11.0,58.08,0.223,0.073,-0.015,131.943,130.942,63.51,68.79,20.95,21.02,13.6,49.9,131.786,56.19,0.143,1,0,0,0,0,0,0,0,1
2018-10-03 12:00:00,-0.2,0.2,-0.2,1.0,-1.0,-1.0,2.0,1.0,720,3.0,131.779,131.779,131.534,131.679,9857.0,12.0,54.28,0.232,0.072,0.008,131.963,130.971,53.49,63.6,18.92,18.22,20.42,43.08,131.759,48.68,0.149,0,0,0,0,0,0,1,0,1
2018-10-03 12:00:00,0.19999999999999996,0.19999999999999996,0.0769230769230769,1.0,1.0,1.0,1.0,1.0,720,3.0,131.779,131.779,131.534,131.679,9857.0,12.0,54.28,0.232,0.072,0.008,131.963,130.971,53.49,63.6,18.92,18.22,20.42,43.08,131.759,48.68,0.149,0,0,0,0,0,0,1,0,1
2018-10-12 12:00:00,-0.30000000000000004,0.30000000000000004,-0.13043478260869568,1.0,-1.0,-1.0,2.0,2.0,720,5.0,130.069,130.168,130.043,130.081,9401.0,12.0,51.23,0.186,0.101,0.117,130.456,129.686,20.77,31.93,28.86,13.87,17.09,43.82,129.908,35.77,0.122,1,0,0,0,0,0,0,0,1
2018-10-12 12:00:00,-0.9999999999999999,0.9999999999999999,-0.3448275862068965,1.0,-1.0,-1.0,2.0,1.0,720,5.0,130.069,130.168,130.043,130.081,9401.0,12.0,51.23,0.186,0.101,0.117,130.456,129.686,20.77,31.93,28.86,13.87,17.09,43.82,129.908,35.77,0.122,1,0,0,0,0,0,0,0,1
2018-10-16 12:00:00,-10.299999999999999,10.299999999999999,-1.0198019801980198,1.0,-1.0,-1.0,2.0,2.0,720,2.0,129.908,129.919,129.565,129.739,8984.0,12.0,53.66,0.162,0.07,0.032,129.924,129.302,62.57,70.35,35.58,27.38,19.75,52.64,129.722,45.65,0.12,0,0,0,0,0,1,0,0,1
2018-10-16 12:00:00,-3.4000000000000004,3.4000000000000004,-0.2111801242236025,1.0,-1.0,-1.0,2.0,2.0,720,2.0,129.908,129.919,129.565,129.739,8984.0,12.0,53.66,0.162,0.07,0.032,129.924,129.302,62.57,70.35,35.58,27.38,19.75,52.64,129.722,45.65,0.12,0,0,0,0,0,0,0,1,1
2018-10-16 12:00:00,2.5000000000000018,2.5000000000000018,0.1655629139072849,1.0,1.0,1.0,1.0,2.0,720,2.0,129.908,129.919,129.565,129.739,8984.0,12.0,53.66,0.162,0.07,0.032,129.924,129.302,62.57,70.35,35.58,27.38,19.75,52.64,129.722,45.65,0.12,0,0,0,0,0,0,0,1,1
2018-10-17 12:00:00,-0.10000000000000009,0.10000000000000009,-0.03225806451612906,1.0,-1.0,-1.0,2.0,1.0,720,3.0,129.762,129.834,129.652,129.798,8455.0,12.0,48.22,0.149,0.002,0.042,130.124,129.686,58.91,55.53,27.65,14.12,26.61,43.54,129.755,41.0,0.104,0,1,0,0,0,0,0,0,1
2018-10-17 12:00:00,-0.09999999999999998,0.09999999999999998,-0.062499999999999986,1.0,-1.0,-1.0,2.0,1.0,720,3.0,129.762,129.834,129.652,129.798,8455.0,12.0,48.22,0.149,0.002,0.042,130.124,129.686,58.91,55.53,27.65,14.12,26.61,43.54,129.755,41.0,0.104,0,1,0,0,0,0,0,0,1
2018-10-17 12:00:00,-0.09999999999999998,0.09999999999999998,-0.04999999999999999,1.0,-1.0,-1.0,2.0,2.0,720,3.0,129.762,129.834,129.652,129.798,8455.0,12.0,48.22,0.149,0.002,0.042,130.124,129.686,58.91,55.53,27.65,14.12,26.61,43.54,129.755,41.0,0.104,0,1,0,0,0,0,0,0,1
2018-10-17 12:00:00,0.5,0.5,0.45454545454545453,1.0,1.0,1.0,1.0,1.0,720,3.0,129.762,129.834,129.652,129.798,8455.0,12.0,48.22,0.149,0.002,0.042,130.124,129.686,58.91,55.53,27.65,14.12,26.61,43.54,129.755,41.0,0.104,0,1,0,0,0,0,0,0,1
2018-10-17 12:00:00,-0.4,0.4,-0.36363636363636365,1.0,-1.0,-1.0,2.0,1.0,720,3.0,129.762,129.834,129.652,129.798,8455.0,12.0,48.22,0.149,0.002,0.042,130.124,129.686,58.91,55.53,27.65,14.12,26.61,43.54,129.755,41.0,0.104,1,0,0,0,0,0,0,0,1
2018-10-17 12:00:00,0.8,0.8,0.2962962962962963,1.0,1.0,1.0,1.0,1.0,720,3.0,129.762,129.834,129.652,129.798,8455.0,12.0,48.22,0.149,0.002,0.042,130.124,129.686,58.91,55.53,27.65,14.12,26.61,43.54,129.755,41.0,0.104,1,0,0,0,0,0,0,0,1
2018-10-17 12:00:00,0.3,0.3,0.25,1.0,1.0,1.0,1.0,2.0,720,3.0,129.762,129.834,129.652,129.798,8455.0,12.0,48.22,0.149,0.002,0.042,130.124,129.686,58.91,55.53,27.65,14.12,26.61,43.54,129.755,41.0,0.104,0,1,0,0,0,0,0,0,1
2018-10-23 17:00:00,5.1,5.1,1.5,1.0,1.0,1.0,1.0,1.0,1020,2.0,128.47,128.579,128.194,128.443,18169.0,17.0,28.55,0.261,-0.213,-0.176,129.506,128.4,21.47,31.19,58.75,4.94,33.48,42.76,129.156,33.81,0.154,0,0,0,0,0,1,0,0,1
2018-10-24 11:00:00,-0.6999999999999957,0.6999999999999957,-0.0130111524163568,1.0,-1.0,-1.0,2.0,2.0,660,3.0,128.576,128.603,128.27,128.411,19362.0,11.0,32.72,0.201,-0.065,-0.021,129.272,128.418,13.77,31.94,29.61,9.26,32.5,37.9,129.048,25.68,0.14,1,0,0,0,0,0,0,0,1
2018-10-24 11:00:00,-1.5,1.5,-0.026881720430107527,1.0,-1.0,-1.0,2.0,2.0,660,3.0,128.576,128.603,128.27,128.411,19362.0,11.0,32.72,0.201,-0.065,-0.021,129.272,128.418,13.77,31.94,29.61,9.26,32.5,37.9,129.048,25.68,0.14,1,0,0,0,0,0,0,0,1
2018-10-24 11:00:00,-1.5,1.5,-0.02717391304347826,1.0,-1.0,-1.0,2.0,2.0,660,3.0,128.576,128.603,128.27,128.411,19362.0,11.0,32.72,0.201,-0.065,-0.021,129.272,128.418,13.77,31.94,29.61,9.26,32.5,37.9,129.048,25.68,0.14,1,0,0,0,0,0,0,0,1
2018-10-30 13:00:00,-0.3799999999999999,0.3799999999999999,-0.15899581589958156,1.0,-1.0,-1.0,2.0,1.0,780,2.0,128.144,128.203,128.009,128.139,10905.0,13.0,55.16,0.17,0.122,0.136,128.437,127.702,27.91,41.8,34.49,15.24,15.31,55.88,127.848,42.4,0.116,0,0,0,0,1,0,0,0,1
2018-10-30 13:00:00,-2.0,2.0,-0.3333333333333333,1.0,-1.0,-1.0,2.0,1.0,780,2.0,128.144,128.203,128.009,128.139,10905.0,13.0,55.16,0.17,0.122,0.136,128.437,127.702,27.91,41.8,34.49,15.24,15.31,55.88,127.848,42.4,0.116,0,0,0,0,0,1,0,0,1
2018-10-30 13:00:00,-1.7000000000000028,1.7000000000000028,-0.015111111111111136,1.0,-1.0,-1.0,2.0,2.0,780,2.0,128.144,128.203,128.009,128.139,10905.0,13.0,55.16,0.17,0.122,0.136,128.437,127.702,27.91,41.8,34.49,15.24,15.31,55.88,127.848,42.4,0.116,0,0,0,0,0,1,0,0,1
2018-10-30 13:00:00,-2.6,2.6,-2.3636363636363633,1.0,-1.0,-1.0,2.0,1.0,780,2.0,128.144,128.203,128.009,128.139,10905.0,13.0,55.16,0.17,0.122,0.136,128.437,127.702,27.91,41.8,34.49,15.24,15.31,55.88,127.848,42.4,0.116,0,0,0,0,0,1,0,0,1
2018-10-30 13:00:00,-0.30000000000000004,0.30000000000000004,-0.10000000000000002,1.0,-1.0,-1.0,2.0,2.0,780,2.0,128.144,128.203,128.009,128.139,10905.0,13.0,55.16,0.17,0.122,0.136,128.437,127.702,27.91,41.8,34.49,15.24,15.31,55.88,127.848,42.4,0.116,1,0,0,0,0,0,0,0,1
2018-10-30 13:00:00,-0.2,0.2,-0.14285714285714288,1.0,-1.0,-1.0,2.0,2.0,780,2.0,128.144,128.203,128.009,128.139,10905.0,13.0,55.16,0.17,0.122,0.136,128.437,127.702,27.91,41.8,34.49,15.24,15.31,55.88,127.848,42.4,0.116,1,0,0,0,0,0,0,0,1
2018-10-30 13:00:00,-1.700000000000001,1.700000000000001,-0.10429447852760743,1.0,-1.0,-1.0,2.0,1.0,780,2.0,128.144,128.203,128.009,128.139,10905.0,13.0,55.16,0.17,0.122,0.136,128.437,127.702,27.91,41.8,34.49,15.24,15.31,55.88,127.848,42.4,0.116,0,0,0,0,0,1,0,0,1
2018-10-31 13:00:00,0.09999999999999964,0.09999999999999964,0.011111111111111072,1.0,-1.0,-1.0,2.0,2.0,780,3.0,128.269,128.389,128.237,128.29,9283.0,13.0,50.76,0.153,0.055,0.087,128.55,128.072,29.0,35.05,20.18,15.83,14.4,53.22,127.923,45.57,0.109,0,0,1,0,0,0,0,0,1
2018-10-31 13:00:00,0.10000000000000009,0.10000000000000009,0.050000000000000044,1.0,1.0,1.0,1.0,2.0,780,3.0,128.269,128.389,128.237,128.29,9283.0,13.0,50.76,0.153,0.055,0.087,128.55,128.072,29.0,35.05,20.18,15.83,14.4,53.22,127.923,45.57,0.109,0,1,0,0,0,0,0,0,1
2018-10-31 13:00:00,0.10000000000000009,0.10000000000000009,0.03225806451612906,1.0,1.0,1.0,1.0,3.0,780,3.0,128.269,128.389,128.237,128.29,9283.0,13.0,50.76,0.153,0.055,0.087,128.55,128.072,29.0,35.05,20.18,15.83,14.4,53.22,127.923,45.57,0.109,0,1,0,0,0,0,0,0,1
2018-11-02 12:00:00,0.20000000000000284,0.20000000000000284,0.0037878787878788418,1.0,1.0,1.0,1.0,2.0,720,5.0,128.98,129.223,128.945,129.212,9013.0,12.0,68.16,0.192,0.211,0.153,129.259,128.175,56.16,67.5,29.14,30.86,19.0,61.07,128.319,54.14,0.113,1,0,0,0,0,0,0,0,1
2018-11-06 12:00:00,-0.3999999999999986,0.3999999999999986,-0.00725952813067148,1.0,-1.0,-1.0,2.0,2.0,720,2.0,129.104,129.104,128.852,128.992,10327.0,12.0,44.39,0.154,0.066,0.095,129.453,128.912,28.03,48.42,21.6,17.63,28.55,64.79,128.716,23.71,0.104,1,0,0,0,0,0,0,0,1
2018-11-06 12:00:00,-0.3999999999999986,0.3999999999999986,-0.007339449541284377,1.0,-1.0,-1.0,2.0,2.0,720,2.0,129.104,129.104,128.852,128.992,10327.0,12.0,44.39,0.154,0.066,0.095,129.453,128.912,28.03,48.42,21.6,17.63,28.55,64.79,128.716,23.71,0.104,1,0,0,0,0,0,0,0,1
2018-11-06 13:00:00,0.2,0.2,0.15384615384615385,1.0,1.0,1.0,1.0,1.0,780,2.0,128.989,129.077,128.898,129.07,6907.0,13.0,47.8,0.149,0.051,0.09,129.451,128.918,23.3,31.26,21.87,15.28,24.74,64.79,128.716,30.97,0.109,0,1,0,0,0,0,0,0,1
2018-11-06 13:00:00,0.20000000000000018,0.20000000000000018,0.03773584905660381,1.0,1.0,1.0,1.0,1.0,780,2.0,128.989,129.077,128.898,129.07,6907.0,13.0,47.8,0.149,0.051,0.09,129.451,128.918,23.3,31.26,21.87,15.28,24.74,64.79,128.716,30.97,0.109,0,1,0,0,0,0,0,0,1
2018-11-07 13:00:00,-0.7,0.7,-0.27999999999999997,1.0,-1.0,-1.0,2.0,1.0,780,3.0,129.939,130.008,129.898,130.007,9731.0,13.0,66.72,0.228,0.156,0.134,130.008,129.277,97.04,85.9,26.75,23.94,10.14,72.45,129.114,62.64,0.113,0,0,0,0,0,0,1,0,1
2018-11-13 13:00:00,-8.7,8.7,-0.6083916083916083,1.0,-1.0,-1.0,2.0,2.0,780,2.0,128.235,128.338,128.177,128.282,11282.0,13.0,55.06,0.206,-0.049,-0.14,128.432,127.5,53.65,52.78,19.21,20.07,14.57,41.07,129.003,57.89,0.138,0,0,0,0,0,1,0,0,1
2018-11-14 13:00:00,-0.09999999999999998,0.09999999999999998,-0.0769230769230769,1.0,-1.0,-1.0,2.0,2.0,780,3.0,128.387,128.405,128.273,128.346,10040.0,13.0,44.62,0.193,0.024,0.088,128.871,128.211,17.86,18.46,28.29,8.13,19.46,49.38,128.677,41.07,0.102,1,0,0,0,0,0,0,0,1
2018-11-14 13:00:00,-0.2,0.2,-0.14285714285714288,1.0,-1.0,-1.0,2.0,1.0,780,3.0,128.387,128.405,128.273,128.346,10040.0,13.0,44.62,0.193,0.024,0.088,128.871,128.211,17.86,18.46,28.29,8.13,19.46,49.38,128.677,41.07,0.102,0,0,1,0,0,0,0,0,1
2018-11-14 13:00:00,-0.29999999999999993,0.29999999999999993,-0.13636363636363633,1.0,-1.0,-1.0,2.0,1.0,780,3.0,128.387,128.405,128.273,128.346,10040.0,13.0,44.62,0.193,0.024,0.088,128.871,128.211,17.86,18.46,28.29,8.13,19.46,49.38,128.677,41.07,0.102,1,0,0,0,0,0,0,0,1
2018-11-14 13:00:00,0.8999999999999999,0.8999999999999999,0.409090909090909,1.0,1.0,1.0,1.0,2.0,780,3.0,128.387,128.405,128.273,128.346,10040.0,13.0,44.62,0.193,0.024,0.088,128.871,128.211,17.86,18.46,28.29,8.13,19.46,49.38,128.677,41.07,0.102,1,0,0,0,0,0,0,0,1
2018-11-14 13:00:00,0.30000000000000004,0.30000000000000004,0.12500000000000003,1.0,1.0,1.0,1.0,2.0,780,3.0,128.387,128.405,128.273,128.346,10040.0,13.0,44.62,0.193,0.024,0.088,128.871,128.211,17.86,18.46,28.29,8.13,19.46,49.38,128.677,41.07,0.102,1,0,0,0,0,0,0,0,1
2018-11-15 13:00:00,-10.200000000000001,10.200000000000001,-0.4197530864197531,1.0,-1.0,-1.0,2.0,2.0,780,4.0,128.164,128.439,128.151,128.371,12802.0,13.0,47.31,0.241,-0.053,0.002,128.862,128.101,32.33,24.25,17.67,24.25,21.83,38.77,128.396,42.34,0.182,0,0,0,0,0,0,0,1,1
2018-11-16 13:00:00,0.1,0.1,0.1,1.0,1.0,1.0,1.0,1.0,780,5.0,128.305,128.41,128.218,128.39,5224.0,13.0,46.39,0.173,-0.003,0.029,128.864,128.273,29.53,41.29,18.95,11.56,21.59,50.7,128.348,36.89,0.124,0,1,0,0,0,0,0,0,1
2018-11-16 13:00:00,-0.3,0.3,-0.19999999999999998,1.0,-1.0,-1.0,2.0,2.0,780,5.0,128.305,128.41,128.218,128.39,5224.0,13.0,46.39,0.173,-0.003,0.029,128.864,128.273,29.53,41.29,18.95,11.56,21.59,50.7,128.348,36.89,0.124,0,1,0,0,0,0,0,0,1
2018-11-16 13:00:00,0.10000000000000009,0.10000000000000009,0.050000000000000044,1.0,1.0,1.0,1.0,2.0,780,5.0,128.305,128.41,128.218,128.39,5224.0,13.0,46.39,0.173,-0.003,0.029,128.864,128.273,29.53,41.29,18.95,11.56,21.59,50.7,128.348,36.89,0.124,0,1,0,0,0,0,0,0,1
2018-11-16 13:00:00,-0.09999999999999998,0.09999999999999998,-0.0769230769230769,1.0,-1.0,-1.0,2.0,1.0,780,5.0,128.305,128.41,128.218,128.39,5224.0,13.0,46.39,0.173,-0.003,0.029,128.864,128.273,29.53,41.29,18.95,11.56,21.59,50.7,128.348,36.89,0.124,0,1,0,0,0,0,0,0,1
2018-11-19 12:00:00,-12.5,12.5,-0.4111842105263158,1.0,-1.0,-1.0,2.0,1.0,720,1.0,128.738,128.786,128.672,128.731,7116.0,12.0,55.7,0.151,0.034,0.02,128.859,128.468,62.14,65.02,26.52,16.56,12.38,57.46,128.534,55.62,0.099,0,0,0,0,0,0,0,1,1
2018-11-19 12:00:00,-8.799999999999997,8.799999999999997,-0.2595870206489675,1.0,-1.0,-1.0,2.0,1.0,720,1.0,128.738,128.786,128.672,128.731,7116.0,12.0,55.7,0.151,0.034,0.02,128.859,128.468,62.14,65.02,26.52,16.56,12.38,57.46,128.534,55.62,0.099,0,0,0,0,0,0,0,1,1
2018-11-19 13:00:00,1.8,1.8,1.5,1.0,1.0,1.0,1.0,1.0,780,1.0,128.73,128.971,128.713,128.863,7803.0,13.0,61.23,0.159,0.048,0.022,128.887,128.47,61.63,62.64,28.06,23.91,10.73,57.46,128.534,59.26,0.102,1,0,0,0,0,0,0,0,1
2018-11-19 13:00:00,2.8,2.8,1.0,1.0,1.0,1.0,1.0,1.0,780,1.0,128.73,128.971,128.713,128.863,7803.0,13.0,61.23,0.159,0.048,0.022,128.887,128.47,61.63,62.64,28.06,23.91,10.73,57.46,128.534,59.26,0.102,1,0,0,0,0,0,0,0,1
2018-11-22 18:00:00,-3.8,3.8,-3.454545454545454,1.0,-1.0,-1.0,2.0,1.0,1080,4.0,128.871,128.89,128.803,128.877,5324.0,18.0,54.88,0.145,0.047,0.054,128.965,128.669,41.75,32.72,15.48,13.71,15.7,57.17,128.671,49.25,0.088,0,0,0,0,0,1,0,0,1
2018-11-23 12:00:00,-0.5,0.5,-0.009157509157509158,1.0,-1.0,-1.0,2.0,2.0,720,5.0,128.34,128.389,128.058,128.091,4945.0,12.0,21.42,0.153,-0.104,-0.013,129.169,128.312,4.46,8.11,27.81,7.62,29.31,33.89,128.631,23.02,0.105,1,0,0,0,0,0,0,0,1
2018-11-23 12:00:00,-0.6000000000000014,0.6000000000000014,-0.011111111111111138,1.0,-1.0,-1.0,2.0,2.0,720,5.0,128.34,128.389,128.058,128.091,4945.0,12.0,21.42,0.153,-0.104,-0.013,129.169,128.312,4.46,8.11,27.81,7.62,29.31,33.89,128.631,23.02,0.105,1,0,0,0,0,0,0,0,1
2018-11-23 12:00:00,0.3999999999999986,0.3999999999999986,0.007677543186180395,1.0,1.0,1.0,1.0,2.0,720,5.0,128.34,128.389,128.058,128.091,4945.0,12.0,21.42,0.153,-0.104,-0.013,129.169,128.312,4.46,8.11,27.81,7.62,29.31,33.89,128.631,23.02,0.105,1,0,0,0,0,0,0,0,1
2018-11-28 12:00:00,0.6999999999999997,0.6999999999999997,0.1666666666666666,1.0,1.0,1.0,1.0,1.0,720,3.0,128.319,128.48,128.305,128.465,6178.0,12.0,47.95,0.138,-0.026,-0.015,128.637,128.326,35.9,33.59,19.17,17.24,19.29,49.15,128.503,42.9,0.102,0,0,0,1,0,0,0,0,1
2018-11-29 13:00:00,-1.5999999999999996,1.5999999999999996,-0.10062893081761004,1.0,-1.0,-1.0,2.0,1.0,780,4.0,128.679,128.898,128.671,128.888,6478.0,13.0,51.82,0.134,0.042,0.097,129.304,128.679,21.85,17.31,33.76,9.92,21.57,54.7,128.598,39.37,0.091,0,0,0,0,0,1,0,0,1
2018-11-29 13:00:00,-1.2999999999999972,1.2999999999999972,-0.011627906976744162,1.0,-1.0,-1.0,2.0,2.0,780,4.0,128.679,128.898,128.671,128.888,6478.0,13.0,51.82,0.134,0.042,0.097,129.304,128.679,21.85,17.31,33.76,9.92,21.57,54.7,128.598,39.37,0.091,0,0,0,0,0,1,0,0,1
2018-11-29 13:00:00,-0.6000000000000001,0.6000000000000001,-0.12000000000000002,1.0,-1.0,-1.0,2.0,1.0,780,4.0,128.679,128.898,128.671,128.888,6478.0,13.0,51.82,0.134,0.042,0.097,129.304,128.679,21.85,17.31,33.76,9.92,21.57,54.7,128.598,39.37,0.091,0,0,0,0,0,1,0,0,1
2018-11-29 13:00:00,-0.6000000000000001,0.6000000000000001,-0.13953488372093026,1.0,-1.0,-1.0,2.0,1.0,780,4.0,128.679,128.898,128.671,128.888,6478.0,13.0,51.82,0.134,0.042,0.097,129.304,128.679,21.85,17.31,33.76,9.92,21.57,54.7,128.598,39.37,0.091,0,0,0,0,0,1,0,0,1
2018-11-29 13:00:00,-0.10999999999999988,0.10999999999999988,-0.04999999999999994,1.0,-1.0,-1.0,2.0,1.0,780,4.0,128.679,128.898,128.671,128.888,6478.0,13.0,51.82,0.134,0.042,0.097,129.304,128.679,21.85,17.31,33.76,9.92,21.57,54.7,128.598,39.37,0.091,0,0,0,0,1,0,0,0,1
2018-11-30 13:00:00,0.09999999999999964,0.09999999999999964,0.011111111111111072,1.0,-1.0,-1.0,2.0,2.0,780,5.0,129.062,129.14,129.048,129.064,7273.0,13.0,48.41,0.11,0.033,0.067,129.283,129.019,35.5,33.94,21.51,14.96,20.92,52.71,128.783,51.34,0.082,0,0,1,0,0,0,0,0,1
2018-11-30 13:00:00,-0.10000000000000009,0.10000000000000009,-0.04761904761904766,1.0,-1.0,-1.0,2.0,2.0,780,5.0,129.062,129.14,129.048,129.064,7273.0,13.0,48.41,0.11,0.033,0.067,129.283,129.019,35.5,33.94,21.51,14.96,20.92,52.71,128.783,51.34,0.082,0,1,0,0,0,0,0,0,1
2018-11-30 13:00:00,-0.20000000000000018,0.20000000000000018,-0.06250000000000006,1.0,-1.0,-1.0,2.0,3.0,780,5.0,129.062,129.14,129.048,129.064,7273.0,13.0,48.41,0.11,0.033,0.067,129.283,129.019,35.5,33.94,21.51,14.96,20.92,52.71,128.783,51.34,0.082,0,1,0,0,0,0,0,0,1
2018-12-03 12:00:00,1.0999999999999943,1.0999999999999943,0.02127659574468074,1.0,1.0,1.0,1.0,2.0,720,1.0,128.925,128.936,128.711,128.747,6899.0,12.0,44.73,0.208,-0.003,-0.016,129.164,128.377,28.19,44.56,22.05,14.06,24.27,45.49,128.811,39.96,0.094,1,0,0,0,0,0,0,0,1
2018-12-04 13:00:00,0.6000000000000001,0.6000000000000001,0.5000000000000001,1.0,1.0,1.0,1.0,1.0,780,2.0,128.613,128.722,128.478,128.502,8012.0,13.0,36.55,0.153,-0.08,-0.042,129.146,128.484,31.35,30.02,26.58,9.85,22.47,45.18,128.899,51.21,0.103,0,1,0,0,0,0,0,0,1
2018-12-04 13:00:00,0.40000000000000036,0.40000000000000036,0.0727272727272728,1.0,1.0,1.0,1.0,1.0,780,2.0,128.613,128.722,128.478,128.502,8012.0,13.0,36.55,0.153,-0.08,-0.042,129.146,128.484,31.35,30.02,26.58,9.85,22.47,45.18,128.899,51.21,0.103,0,1,0,0,0,0,0,0,1
2018-12-05 12:00:00,0.5,0.5,0.009398496240601503,1.0,1.0,1.0,1.0,2.0,720,3.0,128.084,128.216,128.084,128.198,4292.0,12.0,50.59,0.133,-0.097,-0.163,128.242,127.771,81.98,82.95,31.22,17.55,7.39,47.05,128.67,61.5,0.086,1,0,0,0,0,0,0,0,1
2018-12-05 12:00:00,0.5,0.5,0.00927643784786642,1.0,1.0,1.0,1.0,2.0,720,3.0,128.084,128.216,128.084,128.198,4292.0,12.0,50.59,0.133,-0.097,-0.163,128.242,127.771,81.98,82.95,31.22,17.55,7.39,47.05,128.67,61.5,0.086,1,0,0,0,0,0,0,0,1
2018-12-05 13:00:00,0.3,0.3,0.3,1.0,1.0,1.0,1.0,1.0,780,3.0,128.195,128.287,128.077,128.266,7326.0,13.0,53.82,0.143,-0.075,-0.148,128.243,127.771,85.1,82.31,33.85,19.72,6.4,47.05,128.67,65.93,0.086,0,0,0,0,0,0,1,0,1
2018-12-05 13:00:00,0.30000000000000004,0.30000000000000004,0.12500000000000003,1.0,1.0,1.0,1.0,1.0,780,3.0,128.195,128.287,128.077,128.266,7326.0,13.0,53.82,0.143,-0.075,-0.148,128.243,127.771,85.1,82.31,33.85,19.72,6.4,47.05,128.67,65.93,0.086,0,0,0,0,0,0,1,0,1
2018-12-07 13:00:00,0.30000000000000004,0.30000000000000004,0.15000000000000002,1.0,1.0,1.0,1.0,1.0,780,5.0,128.266,128.387,128.251,128.355,6487.0,13.0,58.2,0.129,0.064,0.063,128.442,128.005,44.79,44.59,20.58,20.67,11.66,52.52,128.287,51.12,0.085,0,0,1,0,0,0,0,0,1
2018-12-07 13:00:00,-0.2,0.2,-0.14285714285714288,1.0,-1.0,-1.0,2.0,1.0,780,5.0,128.266,128.387,128.251,128.355,6487.0,13.0,58.2,0.129,0.064,0.063,128.442,128.005,44.79,44.59,20.58,20.67,11.66,52.52,128.287,51.12,0.085,0,0,1,0,0,0,0,0,1
2018-12-11 13:00:00,-0.3000000000000007,0.3000000000000007,-0.013824884792626762,1.0,-1.0,-1.0,2.0,2.0,780,2.0,128.829,128.983,128.775,128.9,7786.0,13.0,67.19,0.142,0.063,0.021,128.815,128.34,80.95,70.41,35.67,30.27,5.95,56.73,128.359,61.69,0.094,0,0,0,0,0,1,0,0,1
2018-12-12 13:00:00,0.4,0.4,0.33333333333333337,1.0,1.0,1.0,1.0,2.0,780,3.0,128.588,128.62,128.491,128.537,6987.0,13.0,51.89,0.144,0.01,-0.004,128.686,128.207,75.14,65.07,17.01,13.13,12.57,56.44,128.468,56.97,0.084,1,0,0,0,0,0,0,0,1
2018-12-12 13:00:00,0.5,0.5,0.29411764705882354,1.0,1.0,1.0,1.0,1.0,780,3.0,128.588,128.62,128.491,128.537,6987.0,13.0,51.89,0.144,0.01,-0.004,128.686,128.207,75.14,65.07,17.01,13.13,12.57,56.44,128.468,56.97,0.084,1,0,0,0,0,0,0,0,1
2018-12-14 12:00:00,0.29999999999999716,0.29999999999999716,0.005758157389635262,1.0,1.0,1.0,1.0,2.0,720,5.0,128.177,128.277,128.152,128.254,9257.0,12.0,27.58,0.169,-0.134,-0.022,129.448,128.296,9.32,13.55,39.5,6.91,24.02,37.33,128.673,23.56,0.141,1,0,0,0,0,0,0,0,1
2018-12-14 12:00:00,-1.8000000000000043,1.8000000000000043,-0.03321033210332111,1.0,-1.0,-1.0,2.0,2.0,720,5.0,128.177,128.277,128.152,128.254,9257.0,12.0,27.58,0.169,-0.134,-0.022,129.448,128.296,9.32,13.55,39.5,6.91,24.02,37.33,128.673,23.56,0.141,1,0,0,0,0,0,0,0,1
2018-12-14 12:00:00,-0.9000000000000057,0.9000000000000057,-0.016917293233082813,1.0,-1.0,-1.0,2.0,2.0,720,5.0,128.177,128.277,128.152,128.254,9257.0,12.0,27.58,0.169,-0.134,-0.022,129.448,128.296,9.32,13.55,39.5,6.91,24.02,37.33,128.673,23.56,0.141,1,0,0,0,0,0,0,0,1
2018-12-14 13:00:00,0.6000000000000001,0.6000000000000001,0.20689655172413796,1.0,1.0,1.0,1.0,1.0,780,5.0,128.255,128.37,128.148,128.169,8813.0,13.0,25.76,0.176,-0.163,-0.044,129.483,128.182,11.26,10.83,38.04,11.57,20.81,37.33,128.673,34.39,0.145,0,0,0,0,1,0,0,0,1
2018-12-14 13:00:00,0.7999999999999998,0.7999999999999998,0.3076923076923076,1.0,1.0,1.0,1.0,2.0,780,5.0,128.255,128.37,128.148,128.169,8813.0,13.0,25.76,0.176,-0.163,-0.044,129.483,128.182,11.26,10.83,38.04,11.57,20.81,37.33,128.673,34.39,0.145,0,0,1,0,0,0,0,0,1
2018-12-17 13:00:00,-0.30000000000000027,0.30000000000000027,-0.09375000000000008,1.0,-1.0,-1.0,2.0,1.0,780,1.0,128.48,128.549,128.425,128.541,8162.0,13.0,62.28,0.103,-0.001,-0.057,128.546,127.957,82.87,77.87,30.73,24.21,9.41,46.67,128.588,60.75,0.076,0,1,0,0,0,0,0,0,1
2018-12-17 13:00:00,-0.4,0.4,-0.33333333333333337,1.0,-1.0,-1.0,2.0,1.0,780,1.0,128.48,128.549,128.425,128.541,8162.0,13.0,62.28,0.103,-0.001,-0.057,128.546,127.957,82.87,77.87,30.73,24.21,9.41,46.67,128.588,60.75,0.076,0,1,0,0,0,0,0,0,1
2018-12-17 13:00:00,-0.20000000000000018,0.20000000000000018,-0.06451612903225812,1.0,-1.0,-1.0,2.0,3.0,780,1.0,128.48,128.549,128.425,128.541,8162.0,13.0,62.28,0.103,-0.001,-0.057,128.546,127.957,82.87,77.87,30.73,24.21,9.41,46.67,128.588,60.75,0.076,0,1,0,0,0,0,0,0,1
2018-12-17 13:00:00,1.5,1.5,0.1111111111111111,1.0,1.0,1.0,1.0,2.0,780,1.0,128.48,128.549,128.425,128.541,8162.0,13.0,62.28,0.103,-0.001,-0.057,128.546,127.957,82.87,77.87,30.73,24.21,9.41,46.67,128.588,60.75,0.076,0,0,0,0,0,0,0,1,1
2018-12-17 13:00:00,0.10000000000000003,0.10000000000000003,0.07142857142857145,1.0,1.0,1.0,1.0,1.0,780,1.0,128.48,128.549,128.425,128.541,8162.0,13.0,62.28,0.103,-0.001,-0.057,128.546,127.957,82.87,77.87,30.73,24.21,9.41,46.67,128.588,60.75,0.076,0,1,0,0,0,0,0,0,1
2018-12-17 13:00:00,-0.2,0.2,-0.2,1.0,-1.0,-1.0,2.0,2.0,780,1.0,128.48,128.549,128.425,128.541,8162.0,13.0,62.28,0.103,-0.001,-0.057,128.546,127.957,82.87,77.87,30.73,24.21,9.41,46.67,128.588,60.75,0.076,0,1,0,0,0,0,0,0,1
2018-12-19 13:00:00,-1.2000000000000002,1.2000000000000002,-0.8571428571428573,1.0,-1.0,-1.0,2.0,1.0,780,3.0,128.181,128.195,128.035,128.087,8404.0,13.0,55.17,0.183,0.036,0.002,128.157,127.712,65.41,67.84,15.75,12.39,14.39,46.63,128.204,58.24,0.094,1,0,0,0,0,0,0,0,1
2018-12-19 13:00:00,-0.09999999999999987,0.09999999999999987,-0.03448275862068961,1.0,-1.0,-1.0,2.0,1.0,780,3.0,128.181,128.195,128.035,128.087,8404.0,13.0,55.17,0.183,0.036,0.002,128.157,127.712,65.41,67.84,15.75,12.39,14.39,46.63,128.204,58.24,0.094,1,0,0,0,0,0,0,0,1
2018-12-20 12:00:00,-4.199999999999999,4.199999999999999,-0.14893617021276592,1.0,-1.0,-1.0,2.0,1.0,720,4.0,128.236,128.307,128.163,128.238,14652.0,12.0,59.14,0.223,-0.006,-0.034,128.38,127.587,83.69,68.42,22.78,23.63,22.5,43.36,128.023,66.73,0.149,0,0,0,0,0,0,0,1,1
2018-12-20 12:00:00,0.40000000000000213,0.40000000000000213,0.014705882352941256,1.0,1.0,1.0,1.0,1.0,720,4.0,128.236,128.307,128.163,128.238,14652.0,12.0,59.14,0.223,-0.006,-0.034,128.38,127.587,83.69,68.42,22.78,23.63,22.5,43.36,128.023,66.73,0.149,0,0,0,0,0,0,0,1,1
2018-12-21 18:00:00,-2.3000000000000003,2.3000000000000003,-0.46938775510204084,1.0,-1.0,-1.0,2.0,1.0,1080,5.0,126.855,126.856,126.639,126.686,18309.0,18.0,33.17,0.255,-0.241,-0.184,127.773,126.583,33.54,26.29,28.76,10.25,19.89,31.54,127.713,44.92,0.192,0,0,0,0,0,1,0,0,1
2019-01-02 12:00:00,-0.30000000000000426,0.30000000000000426,-0.005692599620493439,1.0,-1.0,-1.0,2.0,2.0,720,3.0,124.575,124.812,124.52,124.727,13328.0,12.0,28.75,0.249,-0.296,-0.221,126.062,124.727,22.01,30.88,23.36,17.19,26.2,20.0,126.07,27.54,0.181,1,0,0,0,0,0,0,0,1
2019-01-03 12:00:00,0.09999999999999964,0.09999999999999964,0.023809523809523725,1.0,1.0,1.0,1.0,2.0,720,4.0,122.461,122.484,122.231,122.356,14036.0,12.0,40.23,0.809,-0.649,-0.855,124.637,120.551,74.67,76.01,52.01,16.16,29.86,25.48,125.161,53.41,0.245,0,0,0,1,0,0,0,0,1
2019-01-03 12:00:00,-0.2999999999999998,0.2999999999999998,-0.05999999999999996,1.0,-1.0,-1.0,2.0,1.0,720,4.0,122.461,122.484,122.231,122.356,14036.0,12.0,40.23,0.809,-0.649,-0.855,124.637,120.551,74.67,76.01,52.01,16.16,29.86,25.48,125.161,53.41,0.245,0,0,0,1,0,0,0,0,1
2019-01-04 12:00:00,-0.3999999999999986,0.3999999999999986,-0.007619047619047592,1.0,-1.0,-1.0,2.0,2.0,720,5.0,123.186,123.202,123.044,123.121,9400.0,12.0,52.37,0.285,0.095,0.072,123.588,122.413,47.68,40.26,20.51,14.72,21.67,38.65,124.265,47.91,0.141,1,0,0,0,0,0,0,0,1
2019-01-04 12:00:00,-0.09999999999999432,0.09999999999999432,-0.00191204588910123,1.0,-1.0,-1.0,2.0,2.0,720,5.0,123.186,123.202,123.044,123.121,9400.0,12.0,52.37,0.285,0.095,0.072,123.588,122.413,47.68,40.26,20.51,14.72,21.67,38.65,124.265,47.91,0.141,1,0,0,0,0,0,0,0,1
2019-01-04 13:00:00,-1.0,1.0,-0.16666666666666666,1.0,-1.0,-1.0,2.0,1.0,780,5.0,123.12,123.27,123.117,123.226,7625.0,13.0,54.39,0.282,0.098,0.086,123.588,122.485,54.43,46.06,17.81,18.68,18.78,38.65,124.265,51.31,0.116,0,1,0,0,0,0,0,0,1
2019-01-04 13:00:00,-0.5,0.5,-0.4166666666666667,1.0,-1.0,-1.0,2.0,1.0,780,5.0,123.12,123.27,123.117,123.226,7625.0,13.0,54.39,0.282,0.098,0.086,123.588,122.485,54.43,46.06,17.81,18.68,18.78,38.65,124.265,51.31,0.116,0,1,0,0,0,0,0,0,1
2019-01-04 13:00:00,-0.3999999999999999,0.3999999999999999,-0.1333333333333333,1.0,-1.0,-1.0,2.0,3.0,780,5.0,123.12,123.27,123.117,123.226,7625.0,13.0,54.39,0.282,0.098,0.086,123.588,122.485,54.43,46.06,17.81,18.68,18.78,38.65,124.265,51.31,0.116,0,1,0,0,0,0,0,0,1
2019-01-07 13:00:00,-0.2999999999999998,0.2999999999999998,-0.12499999999999993,1.0,-1.0,-1.0,2.0,1.0,780,1.0,123.935,123.993,123.901,123.96,6477.0,13.0,63.65,0.199,0.153,0.142,123.937,123.457,93.45,89.93,22.24,23.81,11.76,51.56,123.664,66.12,0.106,0,0,0,0,0,0,1,0,1
2019-01-07 13:00:00,0.6,0.6,0.6,1.0,1.0,1.0,1.0,1.0,780,1.0,123.935,123.993,123.901,123.96,6477.0,13.0,63.65,0.199,0.153,0.142,123.937,123.457,93.45,89.93,22.24,23.81,11.76,51.56,123.664,66.12,0.106,0,0,0,0,0,0,1,0,1
2019-01-08 13:00:00,-1.5999999999999996,1.5999999999999996,-0.10958904109589039,1.0,-1.0,-1.0,2.0,1.0,780,2.0,124.432,124.721,124.385,124.66,8386.0,13.0,58.15,0.23,0.164,0.205,124.839,124.377,47.0,56.07,27.15,18.26,17.14,52.71,123.504,38.92,0.108,0,0,0,0,0,1,0,0,1
2019-01-08 13:00:00,-1.5,1.5,-0.01366120218579235,1.0,-1.0,-1.0,2.0,2.0,780,2.0,124.432,124.721,124.385,124.66,8386.0,13.0,58.15,0.23,0.164,0.205,124.839,124.377,47.0,56.07,27.15,18.26,17.14,52.71,123.504,38.92,0.108,0,0,0,0,0,1,0,0,1
2019-01-08 13:00:00,-0.8999999999999999,0.8999999999999999,-0.3,1.0,-1.0,-1.0,2.0,1.0,780,2.0,124.432,124.721,124.385,124.66,8386.0,13.0,58.15,0.23,0.164,0.205,124.839,124.377,47.0,56.07,27.15,18.26,17.14,52.71,123.504,38.92,0.108,0,0,0,0,0,1,0,0,1
2019-01-08 13:00:00,-1.2000000000000002,1.2000000000000002,-0.20000000000000004,1.0,-1.0,-1.0,2.0,1.0,780,2.0,124.432,124.721,124.385,124.66,8386.0,13.0,58.15,0.23,0.164,0.205,124.839,124.377,47.0,56.07,27.15,18.26,17.14,52.71,123.504,38.92,0.108,0,0,0,0,0,1,0,0,1
2019-01-08 13:00:00,-0.17000000000000004,0.17000000000000004,-0.08542713567839198,1.0,-1.0,-1.0,2.0,1.0,780,2.0,124.432,124.721,124.385,124.66,8386.0,13.0,58.15,0.23,0.164,0.205,124.839,124.377,47.0,56.07,27.15,18.26,17.14,52.71,123.504,38.92,0.108,0,0,0,0,1,0,0,0,1
2019-01-09 13:00:00,-0.09999999999999964,0.09999999999999964,-0.011111111111111072,1.0,1.0,1.0,1.0,2.0,780,3.0,124.698,124.778,124.551,124.77,7216.0,13.0,57.57,0.177,0.101,0.098,124.983,124.207,40.87,45.18,37.4,14.25,16.97,54.88,123.987,41.04,0.107,0,0,1,0,0,0,0,0,1
2019-01-14 13:00:00,-1.7,1.7,-1.7,1.0,-1.0,-1.0,2.0,2.0,780,1.0,123.956,123.988,123.778,123.977,12333.0,13.0,31.31,0.174,-0.167,-0.165,124.564,123.848,41.01,50.79,58.07,5.27,26.64,37.36,124.576,38.19,0.117,1,0,0,0,0,0,0,0,1
2019-01-14 13:00:00,-4.2,4.2,-2.210526315789474,1.0,-1.0,-1.0,2.0,1.0,780,1.0,123.956,123.988,123.778,123.977,12333.0,13.0,31.31,0.174,-0.167,-0.165,124.564,123.848,41.01,50.79,58.07,5.27,26.64,37.36,124.576,38.19,0.117,1,0,0,0,0,0,0,0,1
2019-01-15 13:00:00,-5.0,5.0,-0.2,1.0,-1.0,-1.0,2.0,2.0,780,2.0,124.001,124.093,123.821,123.884,10602.0,13.0,35.7,0.224,-0.008,0.077,124.867,123.749,8.79,10.49,34.16,13.57,28.14,42.27,124.493,31.37,0.13,0,0,0,0,0,0,0,1,1
2019-01-15 13:00:00,3.4000000000000004,3.4000000000000004,0.2677165354330709,1.0,1.0,1.0,1.0,2.0,780,2.0,124.001,124.093,123.821,123.884,10602.0,13.0,35.7,0.224,-0.008,0.077,124.867,123.749,8.79,10.49,34.16,13.57,28.14,42.27,124.493,31.37,0.13,0,0,0,0,0,0,0,1,1
2019-01-17 13:00:00,-0.7,0.7,-0.43749999999999994,1.0,-1.0,-1.0,2.0,1.0,780,4.0,124.046,124.126,123.956,124.11,8700.0,13.0,52.88,0.167,-0.006,0.013,124.357,123.865,78.15,62.44,46.13,10.24,19.34,48.29,124.09,48.75,0.101,1,0,0,0,0,0,0,0,1
2019-01-17 13:00:00,-1.1,1.1,-0.3666666666666667,1.0,-1.0,-1.0,2.0,1.0,780,4.0,124.046,124.126,123.956,124.11,8700.0,13.0,52.88,0.167,-0.006,0.013,124.357,123.865,78.15,62.44,46.13,10.24,19.34,48.29,124.09,48.75,0.101,1,0,0,0,0,0,0,0,1
2019-01-17 13:00:00,0.4,0.4,0.36363636363636365,1.0,1.0,1.0,1.0,1.0,780,4.0,124.046,124.126,123.956,124.11,8700.0,13.0,52.88,0.167,-0.006,0.013,124.357,123.865,78.15,62.44,46.13,10.24,19.34,48.29,124.09,48.75,0.101,0,1,0,0,0,0,0,0,1
2019-01-17 13:00:00,-0.6,0.6,-0.37499999999999994,1.0,-1.0,-1.0,2.0,1.0,780,4.0,124.046,124.126,123.956,124.11,8700.0,13.0,52.88,0.167,-0.006,0.013,124.357,123.865,78.15,62.44,46.13,10.24,19.34,48.29,124.09,48.75,0.101,0,1,0,0,0,0,0,0,1
2019-01-17 13:00:00,-0.6000000000000001,0.6000000000000001,-0.19354838709677422,1.0,-1.0,-1.0,2.0,1.0,780,4.0,124.046,124.126,123.956,124.11,8700.0,13.0,52.88,0.167,-0.006,0.013,124.357,123.865,78.15,62.44,46.13,10.24,19.34,48.29,124.09,48.75,0.101,0,1,0,0,0,0,0,0,1
2019-01-17 13:00:00,-0.09999999999999987,0.09999999999999987,-0.037037037037036986,1.0,-1.0,-1.0,2.0,3.0,780,4.0,124.046,124.126,123.956,124.11,8700.0,13.0,52.88,0.167,-0.006,0.013,124.357,123.865,78.15,62.44,46.13,10.24,19.34,48.29,124.09,48.75,0.101,0,1,0,0,0,0,0,0,1
2019-01-17 13:00:00,-0.1,0.1,-0.09090909090909091,1.0,-1.0,-1.0,2.0,2.0,780,4.0,124.046,124.126,123.956,124.11,8700.0,13.0,52.88,0.167,-0.006,0.013,124.357,123.865,78.15,62.44,46.13,10.24,19.34,48.29,124.09,48.75,0.101,0,1,0,0,0,0,0,0,1
2019-01-18 12:00:00,-8.0,8.0,-0.27303754266211605,1.0,-1.0,-1.0,2.0,1.0,720,5.0,124.888,124.977,124.746,124.781,7611.0,12.0,65.38,0.158,0.173,0.151,124.955,123.991,78.81,74.4,38.9,27.84,6.83,58.75,124.18,69.09,0.095,0,0,0,0,0,0,0,1,1
2019-01-18 12:00:00,-5.5,5.5,-0.1851851851851852,1.0,-1.0,-1.0,2.0,1.0,720,5.0,124.888,124.977,124.746,124.781,7611.0,12.0,65.38,0.158,0.173,0.151,124.955,123.991,78.81,74.4,38.9,27.84,6.83,58.75,124.18,69.09,0.095,0,0,0,0,0,0,0,1,1
2019-01-22 13:00:00,0.6000000000000014,0.6000000000000014,0.02666666666666673,1.0,1.0,1.0,1.0,2.0,780,2.0,124.355,124.358,124.238,124.307,5087.0,13.0,37.38,0.137,-0.092,-0.078,124.821,124.152,72.06,69.54,39.32,13.86,28.76,42.77,124.44,45.82,0.086,0,0,0,0,0,1,0,0,1
2019-01-23 18:00:00,-1.7000000000000002,1.7000000000000002,-0.23611111111111113,1.0,-1.0,-1.0,2.0,1.0,1080,3.0,124.765,124.849,124.61,124.652,11194.0,18.0,55.05,0.153,0.085,0.068,124.911,124.224,56.53,71.73,35.53,25.39,13.8,56.64,124.569,58.06,0.105,0,0,0,0,0,1,0,0,1
2019-01-24 12:00:00,0.20000000000000284,0.20000000000000284,0.0038834951456311233,1.0,1.0,1.0,1.0,2.0,720,4.0,124.526,124.571,124.462,124.53,6164.0,12.0,41.54,0.149,0.011,0.046,124.861,124.545,38.32,44.28,19.28,16.53,16.98,41.46,124.557,41.79,0.122,1,0,0,0,0,0,0,0,1
2019-01-24 12:00:00,-0.4000000000000057,0.4000000000000057,-0.0076628352490422545,1.0,-1.0,-1.0,2.0,2.0,720,4.0,124.526,124.571,124.462,124.53,6164.0,12.0,41.54,0.149,0.011,0.046,124.861,124.545,38.32,44.28,19.28,16.53,16.98,41.46,124.557,41.79,0.122,1,0,0,0,0,0,0,0,1
2019-01-24 12:00:00,-1.3999999999999986,1.3999999999999986,-0.0264650283553875,1.0,-1.0,-1.0,2.0,2.0,720,4.0,124.526,124.571,124.462,124.53,6164.0,12.0,41.54,0.149,0.011,0.046,124.861,124.545,38.32,44.28,19.28,16.53,16.98,41.46,124.557,41.79,0.122,1,0,0,0,0,0,0,0,1
2019-01-28 12:00:00,0.19999999999999973,0.19999999999999973,0.040816326530612186,1.0,1.0,1.0,1.0,1.0,720,1.0,124.795,124.96,124.788,124.927,5817.0,12.0,56.31,0.16,0.053,0.083,125.211,124.616,56.33,41.64,22.55,22.75,18.74,57.57,124.565,53.67,0.084,0,0,0,1,0,0,0,0,1
2019-01-30 13:00:00,-1.8000000000000007,1.8000000000000007,-0.1304347826086957,1.0,-1.0,-1.0,2.0,1.0,780,3.0,125.038,125.097,124.987,125.092,6760.0,13.0,54.9,0.122,0.018,0.022,125.147,124.898,71.13,58.89,14.11,15.48,13.13,59.93,124.797,50.4,0.072,0,0,0,0,0,1,0,0,1
2019-01-30 13:00:00,-0.20000000000000284,0.20000000000000284,-0.0018621973929236763,1.0,-1.0,-1.0,2.0,2.0,780,3.0,125.038,125.097,124.987,125.092,6760.0,13.0,54.9,0.122,0.018,0.022,125.147,124.898,71.13,58.89,14.11,15.48,13.13,59.93,124.797,50.4,0.072,0,0,0,0,0,1,0,0,1
2019-01-30 13:00:00,-0.19999999999999996,0.19999999999999996,-0.11764705882352938,1.0,-1.0,-1.0,2.0,1.0,780,3.0,125.038,125.097,124.987,125.092,6760.0,13.0,54.9,0.122,0.018,0.022,125.147,124.898,71.13,58.89,14.11,15.48,13.13,59.93,124.797,50.4,0.072,0,0,0,0,0,1,0,0,1
2019-01-30 13:00:00,-0.08000000000000007,0.08000000000000007,-0.04519774011299439,1.0,-1.0,-1.0,2.0,1.0,780,3.0,125.038,125.097,124.987,125.092,6760.0,13.0,54.9,0.122,0.018,0.022,125.147,124.898,71.13,58.89,14.11,15.48,13.13,59.93,124.797,50.4,0.072,0,0,0,0,1,0,0,0,1
2019-01-31 13:00:00,-0.19999999999999996,0.19999999999999996,-0.08333333333333331,1.0,-1.0,-1.0,2.0,2.0,780,4.0,124.622,124.811,124.613,124.789,6836.0,13.0,38.68,0.152,-0.074,-0.001,125.399,124.717,16.25,11.08,31.61,15.73,29.92,46.68,124.985,26.56,0.101,1,0,0,0,0,0,0,0,1
2019-02-01 13:00:00,0.10000000000000009,0.10000000000000009,0.050000000000000044,1.0,1.0,1.0,1.0,2.0,780,5.0,124.861,124.936,124.852,124.888,5276.0,13.0,59.02,0.137,-0.011,-0.077,124.861,124.411,88.23,89.71,31.89,28.76,7.04,55.88,124.927,63.78,0.07,0,1,0,0,0,0,0,0,1
2019-02-01 13:00:00,-0.20000000000000018,0.20000000000000018,-0.07692307692307698,1.0,-1.0,-1.0,2.0,3.0,780,5.0,124.861,124.936,124.852,124.888,5276.0,13.0,59.02,0.137,-0.011,-0.077,124.861,124.411,88.23,89.71,31.89,28.76,7.04,55.88,124.927,63.78,0.07,0,1,0,0,0,0,0,0,1
2019-02-04 13:00:00,-0.6000000000000001,0.6000000000000001,-0.13043478260869568,1.0,-1.0,-1.0,2.0,1.0,780,1.0,125.773,125.827,125.744,125.818,5388.0,13.0,73.31,0.114,0.19,0.181,125.845,125.321,71.07,74.18,40.28,24.87,8.76,68.55,125.092,64.53,0.075,0,1,0,0,0,0,0,0,1
2019-02-04 13:00:00,-0.8,0.8,-0.8,1.0,-1.0,-1.0,2.0,1.0,780,1.0,125.773,125.827,125.744,125.818,5388.0,13.0,73.31,0.114,0.19,0.181,125.845,125.321,71.07,74.18,40.28,24.87,8.76,68.55,125.092,64.53,0.075,0,1,0,0,0,0,0,0,1
2019-02-05 12:00:00,0.4000000000000057,0.4000000000000057,0.007722007722007832,1.0,1.0,1.0,1.0,2.0,720,2.0,125.607,125.655,125.507,125.515,5090.0,12.0,45.48,0.123,-0.008,0.037,125.873,125.447,39.59,29.06,32.52,15.09,25.73,56.38,125.24,54.64,0.079,1,0,0,0,0,0,0,0,1
2019-02-05 12:00:00,0.29999999999999716,0.29999999999999716,0.00580270793036745,1.0,1.0,1.0,1.0,2.0,720,2.0,125.607,125.655,125.507,125.515,5090.0,12.0,45.48,0.123,-0.008,0.037,125.873,125.447,39.59,29.06,32.52,15.09,25.73,56.38,125.24,54.64,0.079,1,0,0,0,0,0,0,0,1
2019-02-05 13:00:00,-1.6,1.6,-1.6,1.0,-1.0,-1.0,2.0,1.0,780,2.0,125.516,125.557,125.479,125.554,5832.0,13.0,47.45,0.121,-0.012,0.026,125.862,125.437,60.76,43.17,32.83,13.08,27.08,56.38,125.24,41.64,0.074,0,0,0,0,0,0,1,0,1
2019-02-05 13:00:00,-0.5,0.5,-0.2173913043478261,1.0,-1.0,-1.0,2.0,1.0,780,2.0,125.516,125.557,125.479,125.554,5832.0,13.0,47.45,0.121,-0.012,0.026,125.862,125.437,60.76,43.17,32.83,13.08,27.08,56.38,125.24,41.64,0.074,0,0,0,0,0,0,1,0,1
2019-02-13 13:00:00,-0.9,0.9,-0.9,1.0,-1.0,-1.0,2.0,2.0,780,3.0,125.269,125.335,125.185,125.324,5071.0,13.0,59.88,0.119,0.134,0.171,125.498,125.04,32.39,29.12,31.68,21.27,21.46,56.99,124.705,41.01,0.074,1,0,0,0,0,0,0,0,1
2019-02-13 13:00:00,-4.2,4.2,-4.2,1.0,-1.0,-1.0,2.0,1.0,780,3.0,125.269,125.335,125.185,125.324,5071.0,13.0,59.88,0.119,0.134,0.171,125.498,125.04,32.39,29.12,31.68,21.27,21.46,56.99,124.705,41.01,0.074,1,0,0,0,0,0,0,0,1
2019-02-14 13:00:00,0.19999999999999996,0.19999999999999996,0.09999999999999998,1.0,1.0,1.0,1.0,1.0,780,4.0,125.16,125.242,125.123,125.145,4886.0,13.0,50.61,0.17,0.01,0.014,125.329,124.889,35.61,33.46,22.42,20.35,11.78,51.59,124.845,54.48,0.11,0,0,1,0,0,0,0,0,1
2019-02-15 13:00:00,3.4000000000000004,3.4000000000000004,0.2575757575757576,1.0,1.0,1.0,1.0,2.0,780,5.0,124.529,124.555,124.456,124.466,4978.0,13.0,37.62,0.142,-0.138,-0.147,125.01,124.291,63.7,57.31,27.95,18.98,24.55,37.56,124.88,52.4,0.083,0,0,0,0,0,0,0,1,1
2019-02-15 13:00:00,-3.1999999999999993,3.1999999999999993,-0.15094339622641506,1.0,-1.0,-1.0,2.0,2.0,780,5.0,124.529,124.555,124.456,124.466,4978.0,13.0,37.62,0.142,-0.138,-0.147,125.01,124.291,63.7,57.31,27.95,18.98,24.55,37.56,124.88,52.4,0.083,0,0,0,0,0,0,0,1,1
2019-02-19 12:00:00,-14.7,14.7,-0.4608150470219436,1.0,-1.0,-1.0,2.0,1.0,720,2.0,125.197,125.346,125.163,125.292,4924.0,12.0,60.14,0.172,0.059,0.017,125.328,124.791,72.63,78.19,26.85,22.9,10.3,51.75,124.913,58.77,0.116,0,0,0,0,0,0,0,1,1
2019-02-19 12:00:00,-3.200000000000003,3.200000000000003,-0.08602150537634416,1.0,-1.0,-1.0,2.0,1.0,720,2.0,125.197,125.346,125.163,125.292,4924.0,12.0,60.14,0.172,0.059,0.017,125.328,124.791,72.63,78.19,26.85,22.9,10.3,51.75,124.913,58.77,0.116,0,0,0,0,0,0,0,1,1
2019-02-19 13:00:00,0.09999999999999998,0.09999999999999998,0.06666666666666665,1.0,1.0,1.0,1.0,1.0,780,2.0,125.291,125.317,124.871,124.983,7640.0,13.0,47.52,0.194,0.044,0.02,125.327,124.785,43.72,63.5,24.04,19.84,17.66,51.75,124.913,57.73,0.114,1,0,0,0,0,0,0,0,1
2019-02-19 13:00:00,-1.4000000000000001,1.4000000000000001,-0.4516129032258065,1.0,-1.0,-1.0,2.0,1.0,780,2.0,125.291,125.317,124.871,124.983,7640.0,13.0,47.52,0.194,0.044,0.02,125.327,124.785,43.72,63.5,24.04,19.84,17.66,51.75,124.913,57.73,0.114,1,0,0,0,0,0,0,0,1
2019-02-19 13:00:00,4.399999999999999,4.399999999999999,0.19999999999999993,1.0,1.0,1.0,1.0,2.0,780,2.0,125.291,125.317,124.871,124.983,7640.0,13.0,47.52,0.194,0.044,0.02,125.327,124.785,43.72,63.5,24.04,19.84,17.66,51.75,124.913,57.73,0.114,0,0,0,0,0,1,0,0,1
2019-02-20 18:00:00,0.5,0.5,0.056179775280898875,1.0,1.0,1.0,1.0,1.0,1080,3.0,125.696,125.873,125.659,125.831,7595.0,18.0,64.19,0.157,0.104,0.122,125.923,125.398,78.78,57.96,22.77,23.73,11.93,64.22,125.089,56.81,0.091,0,0,0,0,0,1,0,0,1
2019-02-21 12:00:00,0.6999999999999957,0.6999999999999957,0.013539651837524095,1.0,1.0,1.0,1.0,2.0,720,4.0,125.393,125.627,125.352,125.617,5926.0,12.0,50.44,0.205,-0.006,0.015,125.889,125.415,47.17,45.58,16.35,18.3,22.64,59.58,125.296,45.97,0.135,1,0,0,0,0,0,0,0,1
2019-02-21 12:00:00,1.2999999999999972,1.2999999999999972,0.024999999999999946,1.0,1.0,1.0,1.0,2.0,720,4.0,125.393,125.627,125.352,125.617,5926.0,12.0,50.44,0.205,-0.006,0.015,125.889,125.415,47.17,45.58,16.35,18.3,22.64,59.58,125.296,45.97,0.135,1,0,0,0,0,0,0,0,1
2019-02-21 12:00:00,-0.5999999999999943,0.5999999999999943,-0.011811023622047133,1.0,-1.0,-1.0,2.0,2.0,720,4.0,125.393,125.627,125.352,125.617,5926.0,12.0,50.44,0.205,-0.006,0.015,125.889,125.415,47.17,45.58,16.35,18.3,22.64,59.58,125.296,45.97,0.135,1,0,0,0,0,0,0,0,1
2019-02-22 13:00:00,-1.6,1.6,-1.4545454545454546,1.0,-1.0,-1.0,2.0,1.0,780,5.0,125.74,125.772,125.659,125.704,4042.0,13.0,57.61,0.1,0.033,0.005,125.741,125.393,75.78,78.55,37.16,20.02,3.85,52.03,125.446,67.5,0.058,0,1,0,0,0,0,0,0,1
2019-02-22 13:00:00,-0.40000000000000013,0.40000000000000013,-0.2352941176470589,1.0,-1.0,-1.0,2.0,1.0,780,5.0,125.74,125.772,125.659,125.704,4042.0,13.0,57.61,0.1,0.033,0.005,125.741,125.393,75.78,78.55,37.16,20.02,3.85,52.03,125.446,67.5,0.058,0,1,0,0,0,0,0,0,1
2019-02-22 13:00:00,-0.3999999999999999,0.3999999999999999,-0.1481481481481481,1.0,-1.0,-1.0,2.0,1.0,780,5.0,125.74,125.772,125.659,125.704,4042.0,13.0,57.61,0.1,0.033,0.005,125.741,125.393,75.78,78.55,37.16,20.02,3.85,52.03,125.446,67.5,0.058,0,1,0,0,0,0,0,0,1
2019-02-22 13:00:00,-1.2,1.2,-1.0,1.0,-1.0,-1.0,2.0,2.0,780,5.0,125.74,125.772,125.659,125.704,4042.0,13.0,57.61,0.1,0.033,0.005,125.741,125.393,75.78,78.55,37.16,20.02,3.85,52.03,125.446,67.5,0.058,0,1,0,0,0,0,0,0,1
2019-02-27 12:00:00,-0.5,0.5,-0.09433962264150944,1.0,-1.0,-1.0,2.0,1.0,720,3.0,125.824,125.866,125.791,125.836,5436.0,12.0,49.12,0.114,-0.036,-0.024,126.069,125.659,84.47,59.71,51.16,12.95,21.34,58.6,125.747,55.76,0.083,0,0,0,1,0,0,0,0,1
2019-02-27 12:00:00,-0.19999999999999973,0.19999999999999973,-0.04545454545454539,1.0,-1.0,-1.0,2.0,2.0,720,3.0,125.824,125.866,125.791,125.836,5436.0,12.0,49.12,0.114,-0.036,-0.024,126.069,125.659,84.47,59.71,51.16,12.95,21.34,58.6,125.747,55.76,0.083,0,0,0,1,0,0,0,0,1
2019-02-27 13:00:00,1.4000000000000004,1.4000000000000004,0.11965811965811969,1.0,1.0,1.0,1.0,1.0,780,3.0,125.837,125.95,125.827,125.902,5956.0,13.0,53.2,0.12,-0.026,-0.028,126.072,125.669,90.7,77.88,44.97,20.33,18.49,58.6,125.747,63.45,0.073,0,0,0,0,0,1,0,0,1
2019-02-27 13:00:00,1.3999999999999915,1.3999999999999915,0.0132450331125827,1.0,1.0,1.0,1.0,2.0,780,3.0,125.837,125.95,125.827,125.902,5956.0,13.0,53.2,0.12,-0.026,-0.028,126.072,125.669,90.7,77.88,44.97,20.33,18.49,58.6,125.747,63.45,0.073,0,0,0,0,0,1,0,0,1
2019-02-27 13:00:00,0.09999999999999998,0.09999999999999998,0.06666666666666665,1.0,1.0,1.0,1.0,1.0,780,3.0,125.837,125.95,125.827,125.902,5956.0,13.0,53.2,0.12,-0.026,-0.028,126.072,125.669,90.7,77.88,44.97,20.33,18.49,58.6,125.747,63.45,0.073,0,0,0,0,0,1,0,0,1
2019-02-27 13:00:00,0.12,0.12,0.07643312101910829,1.0,1.0,1.0,1.0,1.0,780,3.0,125.837,125.95,125.827,125.902,5956.0,13.0,53.2,0.12,-0.026,-0.028,126.072,125.669,90.7,77.88,44.97,20.33,18.49,58.6,125.747,63.45,0.073,0,0,0,0,1,0,0,0,1
2019-03-01 12:00:00,0.09999999999999432,0.09999999999999432,0.001992031872509847,1.0,1.0,1.0,1.0,2.0,720,5.0,127.12,127.261,127.086,127.234,5125.0,12.0,76.25,0.138,0.215,0.205,127.278,126.508,75.34,77.85,58.62,30.08,6.86,78.07,126.266,54.68,0.067,1,0,0,0,0,0,0,0,1
2019-03-01 13:00:00,0.10000000000000009,0.10000000000000009,0.041666666666666706,1.0,1.0,1.0,1.0,3.0,780,5.0,127.233,127.331,127.204,127.292,4999.0,13.0,77.78,0.134,0.221,0.208,127.336,126.506,75.59,75.49,60.11,33.42,5.94,78.07,126.266,65.85,0.07,0,1,0,0,0,0,0,0,1
2019-03-04 13:00:00,0.8999999999999999,0.8999999999999999,0.29032258064516125,1.0,1.0,1.0,1.0,1.0,780,1.0,126.819,126.836,126.725,126.787,6064.0,13.0,32.48,0.126,-0.041,0.048,127.502,126.821,10.05,12.34,52.72,2.94,29.98,59.71,126.548,27.77,0.081,0,1,0,0,0,0,0,0,1
2019-03-04 13:00:00,0.9,0.9,0.6,1.0,1.0,1.0,1.0,1.0,780,1.0,126.819,126.836,126.725,126.787,6064.0,13.0,32.48,0.126,-0.041,0.048,127.502,126.821,10.05,12.34,52.72,2.94,29.98,59.71,126.548,27.77,0.081,0,1,0,0,0,0,0,0,1
2019-03-05 12:00:00,0.5,0.5,0.009380863039399626,1.0,1.0,1.0,1.0,2.0,720,2.0,126.819,126.831,126.718,126.776,3881.0,12.0,48.05,0.117,-0.03,-0.055,126.888,126.531,62.92,59.82,19.84,12.35,18.27,54.66,126.752,50.45,0.09,1,0,0,0,0,0,0,0,1
2019-03-05 12:00:00,0.5,0.5,0.009541984732824428,1.0,1.0,1.0,1.0,2.0,720,2.0,126.819,126.831,126.718,126.776,3881.0,12.0,48.05,0.117,-0.03,-0.055,126.888,126.531,62.92,59.82,19.84,12.35,18.27,54.66,126.752,50.45,0.09,1,0,0,0,0,0,0,0,1
2019-03-05 13:00:00,1.0000000000000002,1.0000000000000002,0.4545454545454546,1.0,1.0,1.0,1.0,1.0,780,2.0,126.774,126.896,126.745,126.895,4361.0,13.0,54.99,0.124,-0.018,-0.048,126.915,126.532,65.12,63.56,17.45,16.44,15.83,54.66,126.752,53.0,0.081,0,0,0,0,0,0,1,0,1
2019-03-05 13:00:00,1.2,1.2,1.0909090909090908,1.0,1.0,1.0,1.0,1.0,780,2.0,126.774,126.896,126.745,126.895,4361.0,13.0,54.99,0.124,-0.018,-0.048,126.915,126.532,65.12,63.56,17.45,16.44,15.83,54.66,126.752,53.0,0.081,0,0,0,0,0,0,1,0,1
2019-03-07 13:00:00,-0.09999999999999987,0.09999999999999987,-0.04545454545454539,1.0,-1.0,-1.0,2.0,2.0,780,4.0,126.349,126.4,126.302,126.31,3586.0,13.0,46.6,0.09,-0.023,-0.039,126.428,126.212,46.88,59.28,19.88,16.02,12.62,32.07,126.614,56.58,0.061,1,0,0,0,0,0,0,0,1
2019-03-07 13:00:00,0.10000000000000009,0.10000000000000009,0.04545454545454549,1.0,1.0,1.0,1.0,1.0,780,4.0,126.349,126.4,126.302,126.31,3586.0,13.0,46.6,0.09,-0.023,-0.039,126.428,126.212,46.88,59.28,19.88,16.02,12.62,32.07,126.614,56.58,0.061,0,0,1,0,0,0,0,0,1
2019-03-13 13:00:00,1.4,1.4,1.4,1.0,1.0,1.0,1.0,2.0,780,3.0,125.745,125.933,125.731,125.894,5019.0,13.0,65.38,0.131,0.091,0.072,125.854,125.463,75.76,68.62,37.6,28.98,5.95,58.88,125.146,60.71,0.08,1,0,0,0,0,0,0,0,1
2019-03-13 13:00:00,0.5999999999999999,0.5999999999999999,0.22222222222222215,1.0,1.0,1.0,1.0,1.0,780,3.0,125.745,125.933,125.731,125.894,5019.0,13.0,65.38,0.131,0.091,0.072,125.854,125.463,75.76,68.62,37.6,28.98,5.95,58.88,125.146,60.71,0.08,1,0,0,0,0,0,0,0,1
2019-03-15 13:00:00,2.1,2.1,0.7500000000000001,1.0,1.0,1.0,1.0,1.0,780,5.0,126.45,126.512,126.403,126.42,2646.0,13.0,56.62,0.126,0.076,0.088,126.558,126.171,43.12,49.33,21.26,21.61,14.0,58.16,125.863,57.23,0.072,0,1,0,0,0,0,0,0,1
2019-03-15 13:00:00,0.19999999999999998,0.19999999999999998,0.1818181818181818,1.0,1.0,1.0,1.0,1.0,780,5.0,126.45,126.512,126.403,126.42,2646.0,13.0,56.62,0.126,0.076,0.088,126.558,126.171,43.12,49.33,21.26,21.61,14.0,58.16,125.863,57.23,0.072,0,1,0,0,0,0,0,0,1
2019-03-15 13:00:00,0.19999999999999998,0.19999999999999998,0.1818181818181818,1.0,1.0,1.0,1.0,2.0,780,5.0,126.45,126.512,126.403,126.42,2646.0,13.0,56.62,0.126,0.076,0.088,126.558,126.171,43.12,49.33,21.26,21.61,14.0,58.16,125.863,57.23,0.072,0,1,0,0,0,0,0,0,1
2019-03-18 13:00:00,9.5,9.5,1.0555555555555556,1.0,1.0,1.0,1.0,2.0,780,1.0,126.552,126.656,126.535,126.648,2430.0,13.0,71.13,0.097,0.075,0.047,126.661,126.111,84.7,74.58,38.84,25.72,7.89,62.44,126.134,66.13,0.07,0,0,0,0,0,0,0,1,1
2019-03-18 13:00:00,3.8000000000000007,3.8000000000000007,0.267605633802817,1.0,1.0,1.0,1.0,2.0,780,1.0,126.552,126.656,126.535,126.648,2430.0,13.0,71.13,0.097,0.075,0.047,126.661,126.111,84.7,74.58,38.84,25.72,7.89,62.44,126.134,66.13,0.07,0,0,0,0,0,0,0,1,1
2019-03-19 13:00:00,-0.40000000000000036,0.40000000000000036,-0.1081081081081082,1.0,-1.0,-1.0,2.0,1.0,780,2.0,126.293,126.433,126.282,126.354,2852.0,13.0,53.01,0.111,-0.013,-0.034,126.391,126.146,58.46,65.31,17.34,23.97,16.32,56.49,126.285,60.02,0.06,0,0,0,0,1,0,0,0,1
2019-03-19 13:00:00,0.2999999999999998,0.2999999999999998,0.09999999999999994,1.0,1.0,1.0,1.0,2.0,780,2.0,126.293,126.433,126.282,126.354,2852.0,13.0,53.01,0.111,-0.013,-0.034,126.391,126.146,58.46,65.31,17.34,23.97,16.32,56.49,126.285,60.02,0.06,0,0,1,0,0,0,0,0,1
2019-03-19 13:00:00,-1.5999999999999999,1.5999999999999999,-1.3333333333333333,1.0,-1.0,-1.0,2.0,1.0,780,2.0,126.293,126.433,126.282,126.354,2852.0,13.0,53.01,0.111,-0.013,-0.034,126.391,126.146,58.46,65.31,17.34,23.97,16.32,56.49,126.285,60.02,0.06,1,0,0,0,0,0,0,0,1
2019-03-19 13:00:00,-2.8,2.8,-0.9032258064516128,1.0,-1.0,-1.0,2.0,1.0,780,2.0,126.293,126.433,126.282,126.354,2852.0,13.0,53.01,0.111,-0.013,-0.034,126.391,126.146,58.46,65.31,17.34,23.97,16.32,56.49,126.285,60.02,0.06,1,0,0,0,0,0,0,0,1
2019-03-19 13:00:00,16.2,16.2,0.8223350253807107,1.0,1.0,1.0,1.0,2.0,780,2.0,126.293,126.433,126.282,126.354,2852.0,13.0,53.01,0.111,-0.013,-0.034,126.391,126.146,58.46,65.31,17.34,23.97,16.32,56.49,126.285,60.02,0.06,0,0,0,0,0,1,0,0,1
2019-03-21 18:00:00,0.20000000000000018,0.20000000000000018,0.02380952380952383,1.0,1.0,1.0,1.0,1.0,1080,4.0,125.931,125.952,125.721,125.756,7747.0,18.0,31.21,0.19,-0.156,-0.146,126.608,125.681,44.08,61.7,37.47,12.56,32.5,37.3,126.367,40.49,0.096,0,0,0,0,0,1,0,0,1
2019-03-22 12:00:00,6.699999999999996,6.699999999999996,0.21543408360128602,1.0,1.0,1.0,1.0,1.0,720,5.0,124.932,125.021,124.769,124.919,7197.0,12.0,22.41,0.228,-0.23,-0.097,126.582,125.041,10.86,19.11,18.11,18.07,16.51,23.32,126.17,15.81,0.174,0,0,0,0,0,0,0,1,1
2019-03-22 12:00:00,7.9,7.9,3.291666666666667,1.0,1.0,1.0,1.0,1.0,720,5.0,124.932,125.021,124.769,124.919,7197.0,12.0,22.41,0.228,-0.23,-0.097,126.582,125.041,10.86,19.11,18.11,18.07,16.51,23.32,126.17,15.81,0.174,0,0,0,0,0,0,0,1,1
2019-03-22 12:00:00,-0.6999999999999957,0.6999999999999957,-0.014198782961460361,1.0,-1.0,-1.0,2.0,2.0,720,5.0,124.932,125.021,124.769,124.919,7197.0,12.0,22.41,0.228,-0.23,-0.097,126.582,125.041,10.86,19.11,18.11,18.07,16.51,23.32,126.17,15.81,0.174,1,0,0,0,0,0,0,0,1
2019-03-22 12:00:00,-0.6999999999999957,0.6999999999999957,-0.01286764705882345,1.0,-1.0,-1.0,2.0,2.0,720,5.0,124.932,125.021,124.769,124.919,7197.0,12.0,22.41,0.228,-0.23,-0.097,126.582,125.041,10.86,19.11,18.11,18.07,16.51,23.32,126.17,15.81,0.174,1,0,0,0,0,0,0,0,1
2019-03-22 12:00:00,-0.9000000000000057,0.9000000000000057,-0.016917293233082813,1.0,-1.0,-1.0,2.0,2.0,720,5.0,124.932,125.021,124.769,124.919,7197.0,12.0,22.41,0.228,-0.23,-0.097,126.582,125.041,10.86,19.11,18.11,18.07,16.51,23.32,126.17,15.81,0.174,1,0,0,0,0,0,0,0,1
2019-03-28 12:00:00,0.3999999999999999,0.3999999999999999,0.08163265306122447,1.0,1.0,1.0,1.0,1.0,720,4.0,124.174,124.178,124.052,124.127,4670.0,12.0,48.15,0.202,-0.11,-0.137,124.485,123.761,79.38,65.0,41.13,11.66,17.44,41.98,124.397,57.79,0.14,0,0,0,1,0,0,0,0,1
2019-03-28 13:00:00,0.030000000000000027,0.030000000000000027,0.020000000000000018,1.0,1.0,1.0,1.0,1.0,780,4.0,124.125,124.128,123.802,123.872,6483.0,13.0,40.65,0.218,-0.117,-0.136,124.484,123.73,60.91,67.96,41.38,10.1,25.34,41.98,124.397,47.61,0.144,0,0,0,0,1,0,0,0,1
2019-03-28 13:00:00,-0.30000000000000004,0.30000000000000004,-0.12500000000000003,1.0,-1.0,-1.0,2.0,1.0,780,4.0,124.125,124.128,123.802,123.872,6483.0,13.0,40.65,0.218,-0.117,-0.136,124.484,123.73,60.91,67.96,41.38,10.1,25.34,41.98,124.397,47.61,0.144,0,0,0,0,0,1,0,0,1
2019-03-28 13:00:00,-0.29999999999999893,0.29999999999999893,-0.023809523809523725,1.0,-1.0,-1.0,2.0,1.0,780,4.0,124.125,124.128,123.802,123.872,6483.0,13.0,40.65,0.218,-0.117,-0.136,124.484,123.73,60.91,67.96,41.38,10.1,25.34,41.98,124.397,47.61,0.144,0,0,0,0,0,1,0,0,1
2019-04-01 11:00:00,-0.10000000000000142,0.10000000000000142,-0.002057613168724309,1.0,-1.0,-1.0,2.0,2.0,660,1.0,124.798,124.949,124.715,124.818,6372.0,11.0,64.42,0.147,0.132,0.115,124.974,124.152,52.62,56.6,29.77,24.5,11.82,57.26,124.394,55.69,0.085,1,0,0,0,0,0,0,0,1
2019-04-01 12:00:00,-0.19999999999999996,0.19999999999999996,-0.09999999999999998,1.0,-1.0,-1.0,2.0,2.0,720,1.0,124.814,124.867,124.73,124.73,5101.0,12.0,58.68,0.151,0.125,0.121,124.99,124.167,47.05,52.63,30.45,21.23,10.24,52.23,124.385,48.25,0.099,0,1,0,0,0,0,0,0,1
2019-04-01 12:00:00,-0.10000000000000009,0.10000000000000009,-0.040000000000000036,1.0,-1.0,-1.0,2.0,3.0,720,1.0,124.814,124.867,124.73,124.73,5101.0,12.0,58.68,0.151,0.125,0.121,124.99,124.167,47.05,52.63,30.45,21.23,10.24,52.23,124.385,48.25,0.099,0,1,0,0,0,0,0,0,1
2019-04-01 12:00:00,0.09999999999999964,0.09999999999999964,0.011494252873563178,1.0,-1.0,-1.0,2.0,2.0,720,1.0,124.814,124.867,124.73,124.73,5101.0,12.0,58.68,0.151,0.125,0.121,124.99,124.167,47.05,52.63,30.45,21.23,10.24,52.23,124.385,48.25,0.099,0,0,1,0,0,0,0,0,1
2019-04-02 12:00:00,1.1,1.1,0.37931034482758624,1.0,1.0,1.0,1.0,1.0,720,2.0,124.73,124.78,124.698,124.758,3864.0,12.0,52.42,0.104,0.022,0.04,124.892,124.682,46.15,44.33,12.54,13.09,14.02,55.08,124.453,48.39,0.076,0,1,0,0,0,0,0,0,1
2019-04-02 12:00:00,0.5,0.5,0.35714285714285715,1.0,1.0,1.0,1.0,1.0,720,2.0,124.73,124.78,124.698,124.758,3864.0,12.0,52.42,0.104,0.022,0.04,124.892,124.682,46.15,44.33,12.54,13.09,14.02,55.08,124.453,48.39,0.076,0,1,0,0,0,0,0,0,1
2019-04-03 11:00:00,0.5999999999999943,0.5999999999999943,0.011173184357541792,1.0,1.0,1.0,1.0,2.0,660,3.0,125.309,125.395,125.281,125.378,5655.0,11.0,74.21,0.149,0.139,0.083,125.371,124.393,85.7,70.98,28.88,25.51,9.47,67.1,124.628,73.39,0.089,1,0,0,0,0,0,0,0,1
2019-04-03 11:00:00,0.30000000000000426,0.30000000000000426,0.005736137667304097,1.0,1.0,1.0,1.0,2.0,660,3.0,125.309,125.395,125.281,125.378,5655.0,11.0,74.21,0.149,0.139,0.083,125.371,124.393,85.7,70.98,28.88,25.51,9.47,67.1,124.628,73.39,0.089,1,0,0,0,0,0,0,0,1
2019-04-03 12:00:00,1.4999999999999998,1.4999999999999998,0.6521739130434782,1.0,1.0,1.0,1.0,1.0,720,3.0,125.379,125.448,125.302,125.378,4375.0,12.0,74.21,0.154,0.154,0.098,125.443,124.382,86.99,79.95,32.14,26.95,8.21,61.74,124.668,66.55,0.091,0,0,0,0,0,0,1,0,1
2019-04-03 12:00:00,0.5,0.5,0.45454545454545453,1.0,1.0,1.0,1.0,1.0,720,3.0,125.379,125.448,125.302,125.378,4375.0,12.0,74.21,0.154,0.154,0.098,125.443,124.382,86.99,79.95,32.14,26.95,8.21,61.74,124.668,66.55,0.091,0,0,0,0,0,0,1,0,1
2019-04-12 12:00:00,2.3000000000000003,2.3000000000000003,0.638888888888889,1.0,1.0,1.0,1.0,1.0,720,5.0,126.555,126.617,126.48,126.597,6201.0,12.0,83.06,0.154,0.28,0.226,126.597,125.292,88.34,80.48,70.88,29.57,1.89,81.66,125.499,80.06,0.092,1,0,0,0,0,0,0,0,1
2019-04-12 12:00:00,-0.2,0.2,-0.2,1.0,-1.0,-1.0,2.0,2.0,720,5.0,126.555,126.617,126.48,126.597,6201.0,12.0,83.06,0.154,0.28,0.226,126.597,125.292,88.34,80.48,70.88,29.57,1.89,81.66,125.499,80.06,0.092,1,0,0,0,0,0,0,0,1
2019-04-16 12:00:00,14.0,14.0,1.3333333333333333,1.0,1.0,1.0,1.0,2.0,720,2.0,126.554,126.622,126.207,126.319,8918.0,12.0,36.54,0.128,-0.022,-0.002,126.706,126.407,44.52,58.0,14.08,15.56,24.75,64.51,126.138,27.78,0.087,0,0,0,0,0,1,0,0,1
2019-04-16 12:00:00,3.2,3.2,1.0666666666666667,1.0,1.0,1.0,1.0,1.0,720,2.0,126.554,126.622,126.207,126.319,8918.0,12.0,36.54,0.128,-0.022,-0.002,126.706,126.407,44.52,58.0,14.08,15.56,24.75,64.51,126.138,27.78,0.087,1,0,0,0,0,0,0,0,1
2019-04-16 12:00:00,2.7,2.7,2.076923076923077,1.0,1.0,1.0,1.0,1.0,720,2.0,126.554,126.622,126.207,126.319,8918.0,12.0,36.54,0.128,-0.022,-0.002,126.706,126.407,44.52,58.0,14.08,15.56,24.75,64.51,126.138,27.78,0.087,1,0,0,0,0,0,0,0,1
2019-04-17 11:00:00,-3.5,3.5,-0.11182108626198083,1.0,-1.0,-1.0,2.0,1.0,660,3.0,126.733,126.815,126.679,126.719,5699.0,11.0,62.31,0.126,0.042,-0.001,126.709,126.25,71.05,75.44,32.7,29.61,7.45,67.41,126.411,71.3,0.06,0,0,0,0,0,0,0,1,1
2019-04-17 11:00:00,-1.6999999999999993,1.6999999999999993,-0.09340659340659337,1.0,-1.0,-1.0,2.0,1.0,660,3.0,126.733,126.815,126.679,126.719,5699.0,11.0,62.31,0.126,0.042,-0.001,126.709,126.25,71.05,75.44,32.7,29.61,7.45,67.41,126.411,71.3,0.06,0,0,0,0,0,0,0,1,1
2019-04-17 12:00:00,4.800000000000001,4.800000000000001,0.30573248407643316,1.0,1.0,1.0,1.0,2.0,720,3.0,126.717,126.776,126.621,126.652,5505.0,12.0,57.53,0.133,0.046,0.008,126.73,126.247,68.34,73.61,33.45,25.67,11.44,59.66,126.461,61.48,0.068,0,0,0,0,0,0,0,1,1
2019-04-17 12:00:00,5.599999999999998,5.599999999999998,0.4210526315789472,1.0,1.0,1.0,1.0,2.0,720,3.0,126.717,126.776,126.621,126.652,5505.0,12.0,57.53,0.133,0.046,0.008,126.73,126.247,68.34,73.61,33.45,25.67,11.44,59.66,126.461,61.48,0.068,0,0,0,0,0,0,0,1,1
2019-04-17 12:00:00,1.1,1.1,0.9166666666666667,1.0,1.0,1.0,1.0,1.0,720,3.0,126.717,126.776,126.621,126.652,5505.0,12.0,57.53,0.133,0.046,0.008,126.73,126.247,68.34,73.61,33.45,25.67,11.44,59.66,126.461,61.48,0.068,0,1,0,0,0,0,0,0,1
2019-04-17 12:00:00,0.19999999999999996,0.19999999999999996,0.11111111111111108,1.0,1.0,1.0,1.0,1.0,720,3.0,126.717,126.776,126.621,126.652,5505.0,12.0,57.53,0.133,0.046,0.008,126.73,126.247,68.34,73.61,33.45,25.67,11.44,59.66,126.461,61.48,0.068,0,1,0,0,0,0,0,0,1
2019-04-17 12:00:00,-0.09999999999999987,0.09999999999999987,-0.041666666666666616,1.0,-1.0,-1.0,2.0,1.0,720,3.0,126.717,126.776,126.621,126.652,5505.0,12.0,57.53,0.133,0.046,0.008,126.73,126.247,68.34,73.61,33.45,25.67,11.44,59.66,126.461,61.48,0.068,0,1,0,0,0,0,0,0,1
2019-04-17 12:00:00,0.9,0.9,0.8181818181818181,1.0,1.0,1.0,1.0,2.0,720,3.0,126.717,126.776,126.621,126.652,5505.0,12.0,57.53,0.133,0.046,0.008,126.73,126.247,68.34,73.61,33.45,25.67,11.44,59.66,126.461,61.48,0.068,0,1,0,0,0,0,0,0,1
2019-04-18 11:00:00,1.1999999999999957,1.1999999999999957,0.025210084033613356,1.0,1.0,1.0,1.0,2.0,660,4.0,126.042,126.045,125.693,125.978,11764.0,11.0,27.46,0.141,-0.094,-0.036,126.774,126.113,31.04,33.0,27.33,13.61,32.14,38.72,126.535,12.38,0.107,1,0,0,0,0,0,0,0,1
2019-04-18 11:00:00,-1.1000000000000014,1.1000000000000014,-0.020146520146520172,1.0,-1.0,-1.0,2.0,2.0,660,4.0,126.042,126.045,125.693,125.978,11764.0,11.0,27.46,0.141,-0.094,-0.036,126.774,126.113,31.04,33.0,27.33,13.61,32.14,38.72,126.535,12.38,0.107,1,0,0,0,0,0,0,0,1
2019-04-18 11:00:00,-0.20000000000000284,0.20000000000000284,-0.0038095238095238637,1.0,-1.0,-1.0,2.0,2.0,660,4.0,126.042,126.045,125.693,125.978,11764.0,11.0,27.46,0.141,-0.094,-0.036,126.774,126.113,31.04,33.0,27.33,13.61,32.14,38.72,126.535,12.38,0.107,1,0,0,0,0,0,0,0,1
2019-04-23 17:00:00,-2.1000000000000005,2.1000000000000005,-0.3088235294117648,1.0,-1.0,-1.0,2.0,1.0,1020,2.0,125.472,125.528,125.283,125.39,7857.0,17.0,28.46,0.141,-0.084,-0.03,126.176,125.465,9.99,20.4,29.46,9.9,33.23,33.94,125.887,19.55,0.083,0,0,0,0,0,1,0,0,1
2019-04-29 11:00:00,-0.09999999999999964,0.09999999999999964,-0.023255813953488292,1.0,-1.0,-1.0,2.0,2.0,660,1.0,124.784,124.855,124.748,124.824,4149.0,11.0,68.18,0.099,0.049,0.006,124.794,124.343,87.86,86.21,45.75,39.76,5.63,47.36,124.877,70.12,0.057,0,0,0,1,0,0,0,0,1
2019-04-29 12:00:00,-0.19,0.19,-0.11801242236024846,1.0,-1.0,-1.0,2.0,1.0,720,1.0,124.824,124.825,124.729,124.753,3689.0,12.0,61.58,0.099,0.055,0.015,124.819,124.341,81.32,85.04,48.21,34.46,7.52,47.18,124.844,72.49,0.066,0,0,0,0,1,0,0,0,1
2019-04-29 12:00:00,-1.4999999999999996,1.4999999999999996,-0.4166666666666665,1.0,-1.0,-1.0,2.0,1.0,720,1.0,124.824,124.825,124.729,124.753,3689.0,12.0,61.58,0.099,0.055,0.015,124.819,124.341,81.32,85.04,48.21,34.46,7.52,47.18,124.844,72.49,0.066,0,0,0,0,0,1,0,0,1
2019-04-29 12:00:00,-0.5,0.5,-0.038461538461538464,1.0,-1.0,-1.0,2.0,1.0,720,1.0,124.824,124.825,124.729,124.753,3689.0,12.0,61.58,0.099,0.055,0.015,124.819,124.341,81.32,85.04,48.21,34.46,7.52,47.18,124.844,72.49,0.066,0,0,0,0,0,1,0,0,1
2019-04-29 12:00:00,-1.7000000000000028,1.7000000000000028,-0.015932521087160288,1.0,-1.0,-1.0,2.0,2.0,720,1.0,124.824,124.825,124.729,124.753,3689.0,12.0,61.58,0.099,0.055,0.015,124.819,124.341,81.32,85.04,48.21,34.46,7.52,47.18,124.844,72.49,0.066,0,0,0,0,0,1,0,0,1
2019-04-30 12:00:00,0.3999999999999999,0.3999999999999999,0.22222222222222215,1.0,1.0,1.0,1.0,2.0,720,2.0,124.864,125.001,124.825,124.832,5051.0,12.0,51.8,0.128,0.006,0.041,125.116,124.65,61.36,43.83,37.28,20.61,28.7,52.5,124.72,67.23,0.108,1,0,0,0,0,0,0,0,1
2019-04-30 12:00:00,0.2,0.2,0.16666666666666669,1.0,1.0,1.0,1.0,2.0,720,2.0,124.864,125.001,124.825,124.832,5051.0,12.0,51.8,0.128,0.006,0.041,125.116,124.65,61.36,43.83,37.28,20.61,28.7,52.5,124.72,67.23,0.108,1,0,0,0,0,0,0,0,1
2019-05-02 11:00:00,0.10000000000000142,0.10000000000000142,0.0020491803278688816,1.0,1.0,1.0,1.0,2.0,660,4.0,125.051,125.114,124.959,125.021,5406.0,11.0,51.94,0.126,0.003,-0.009,125.183,124.759,55.33,47.18,21.85,14.23,19.75,51.6,124.876,57.72,0.064,1,0,0,0,0,0,0,0,1
2019-05-03 12:00:00,0.19999999999999973,0.19999999999999973,0.05405405405405398,1.0,1.0,1.0,1.0,1.0,720,5.0,124.496,124.506,124.348,124.352,4697.0,12.0,26.48,0.079,-0.106,-0.102,124.723,124.413,22.94,31.95,43.3,8.26,30.75,33.95,124.868,33.47,0.054,0,1,0,0,0,0,0,0,1
2019-05-03 12:00:00,0.29999999999999993,0.29999999999999993,0.15789473684210523,1.0,1.0,1.0,1.0,2.0,720,5.0,124.496,124.506,124.348,124.352,4697.0,12.0,26.48,0.079,-0.106,-0.102,124.723,124.413,22.94,31.95,43.3,8.26,30.75,33.95,124.868,33.47,0.054,0,1,0,0,0,0,0,0,1
2019-05-03 12:00:00,0.30000000000000004,0.30000000000000004,0.12500000000000003,1.0,1.0,1.0,1.0,3.0,720,5.0,124.496,124.506,124.348,124.352,4697.0,12.0,26.48,0.079,-0.106,-0.102,124.723,124.413,22.94,31.95,43.3,8.26,30.75,33.95,124.868,33.47,0.054,0,1,0,0,0,0,0,0,1
2019-05-06 11:00:00,0.29999999999999716,0.29999999999999716,0.005607476635513965,1.0,1.0,1.0,1.0,2.0,660,1.0,123.884,123.962,123.806,123.821,4002.0,11.0,41.94,0.285,-0.177,-0.213,124.745,123.36,43.25,64.72,18.5,18.67,15.91,36.52,124.682,54.68,0.102,1,0,0,0,0,0,0,0,1
2019-05-06 11:00:00,0.20000000000000284,0.20000000000000284,0.0038240917782027314,1.0,1.0,1.0,1.0,2.0,660,1.0,123.884,123.962,123.806,123.821,4002.0,11.0,41.94,0.285,-0.177,-0.213,124.745,123.36,43.25,64.72,18.5,18.67,15.91,36.52,124.682,54.68,0.102,1,0,0,0,0,0,0,0,1
2019-05-06 12:00:00,-0.5,0.5,-0.3333333333333333,1.0,-1.0,-1.0,2.0,1.0,720,1.0,123.82,123.993,123.816,123.971,4565.0,12.0,46.55,0.291,-0.16,-0.205,124.714,123.354,46.26,52.48,17.99,18.51,13.79,41.04,124.641,51.23,0.088,0,0,0,0,0,0,1,0,1
2019-05-06 12:00:00,0.5,0.5,0.20833333333333334,1.0,1.0,1.0,1.0,1.0,720,1.0,123.82,123.993,123.816,123.971,4565.0,12.0,46.55,0.291,-0.16,-0.205,124.714,123.354,46.26,52.48,17.99,18.51,13.79,41.04,124.641,51.23,0.088,0,0,0,0,0,0,1,0,1
2019-05-14 12:00:00,-2.6,2.6,-1.3,1.0,-1.0,-1.0,2.0,2.0,720,2.0,123.279,123.356,123.186,123.213,4285.0,12.0,57.59,0.164,0.058,-0.005,123.437,122.403,54.21,57.96,32.2,24.13,12.35,42.4,123.099,60.37,0.086,0,0,0,0,0,1,0,0,1
2019-05-14 12:00:00,-0.3,0.3,-0.3,1.0,-1.0,-1.0,2.0,2.0,720,2.0,123.279,123.356,123.186,123.213,4285.0,12.0,57.59,0.164,0.058,-0.005,123.437,122.403,54.21,57.96,32.2,24.13,12.35,42.4,123.099,60.37,0.086,1,0,0,0,0,0,0,0,1
2019-05-14 12:00:00,1.5,1.5,0.48387096774193544,1.0,1.0,1.0,1.0,1.0,720,2.0,123.279,123.356,123.186,123.213,4285.0,12.0,57.59,0.164,0.058,-0.005,123.437,122.403,54.21,57.96,32.2,24.13,12.35,42.4,123.099,60.37,0.086,1,0,0,0,0,0,0,0,1
2019-05-15 12:00:00,0.5,0.5,0.2777777777777778,1.0,1.0,1.0,1.0,1.0,720,3.0,122.684,122.739,122.438,122.46,6051.0,12.0,29.41,0.136,-0.072,-0.041,123.07,122.623,12.39,37.24,17.71,12.78,26.49,33.18,123.021,36.08,0.078,0,0,1,0,0,0,0,0,1
2019-05-16 12:00:00,0.7999999999999972,0.7999999999999972,0.04419889502762415,1.0,1.0,1.0,1.0,2.0,720,4.0,122.923,122.964,122.78,122.849,4999.0,12.0,56.48,0.124,0.013,-0.014,122.868,122.59,77.75,71.32,21.71,15.74,19.21,46.76,122.898,63.4,0.094,0,0,0,0,0,0,0,1,1
2019-05-16 12:00:00,2.6000000000000014,2.6000000000000014,0.12440191387559817,1.0,1.0,1.0,1.0,2.0,720,4.0,122.923,122.964,122.78,122.849,4999.0,12.0,56.48,0.124,0.013,-0.014,122.868,122.59,77.75,71.32,21.71,15.74,19.21,46.76,122.898,63.4,0.094,0,0,0,0,0,0,0,1,1
2019-05-17 12:00:00,0.5,0.5,0.2777777777777778,1.0,1.0,1.0,1.0,1.0,720,5.0,122.481,122.528,122.328,122.461,7143.0,12.0,37.95,0.142,-0.064,-0.022,122.973,122.448,36.81,31.72,30.75,12.32,28.41,41.95,122.765,38.56,0.094,1,0,0,0,0,0,0,0,1
2019-05-17 12:00:00,4.5,4.5,1.6071428571428572,1.0,1.0,1.0,1.0,1.0,720,5.0,122.481,122.528,122.328,122.461,7143.0,12.0,37.95,0.142,-0.064,-0.022,122.973,122.448,36.81,31.72,30.75,12.32,28.41,41.95,122.765,38.56,0.094,1,0,0,0,0,0,0,0,1
2019-05-17 12:00:00,0.30000000000000004,0.30000000000000004,0.18750000000000003,1.0,1.0,1.0,1.0,1.0,720,5.0,122.481,122.528,122.328,122.461,7143.0,12.0,37.95,0.142,-0.064,-0.022,122.973,122.448,36.81,31.72,30.75,12.32,28.41,41.95,122.765,38.56,0.094,0,1,0,0,0,0,0,0,1
2019-05-17 12:00:00,0.10000000000000009,0.10000000000000009,0.04545454545454549,1.0,1.0,1.0,1.0,2.0,720,5.0,122.481,122.528,122.328,122.461,7143.0,12.0,37.95,0.142,-0.064,-0.022,122.973,122.448,36.81,31.72,30.75,12.32,28.41,41.95,122.765,38.56,0.094,0,1,0,0,0,0,0,0,1
2019-05-17 12:00:00,0.39999999999999997,0.39999999999999997,0.30769230769230765,1.0,1.0,1.0,1.0,1.0,720,5.0,122.481,122.528,122.328,122.461,7143.0,12.0,37.95,0.142,-0.064,-0.022,122.973,122.448,36.81,31.72,30.75,12.32,28.41,41.95,122.765,38.56,0.094,0,1,0,0,0,0,0,0,1
2019-05-17 12:00:00,0.30000000000000004,0.30000000000000004,0.12500000000000003,1.0,1.0,1.0,1.0,1.0,720,5.0,122.481,122.528,122.328,122.461,7143.0,12.0,37.95,0.142,-0.064,-0.022,122.973,122.448,36.81,31.72,30.75,12.32,28.41,41.95,122.765,38.56,0.094,0,1,0,0,0,0,0,0,1
2019-05-17 12:00:00,-0.10000000000000009,0.10000000000000009,-0.0555555555555556,1.0,-1.0,-1.0,2.0,2.0,720,5.0,122.481,122.528,122.328,122.461,7143.0,12.0,37.95,0.142,-0.064,-0.022,122.973,122.448,36.81,31.72,30.75,12.32,28.41,41.95,122.765,38.56,0.094,0,1,0,0,0,0,0,0,1
2019-05-20 11:00:00,-4.800000000000001,4.800000000000001,-0.15737704918032788,1.0,-1.0,-1.0,2.0,1.0,660,1.0,122.912,123.005,122.698,122.717,6442.0,11.0,44.85,0.139,0.044,0.07,123.089,122.609,30.72,25.82,20.43,16.44,26.29,47.23,122.743,59.65,0.057,0,0,0,0,0,0,0,1,1
2019-05-20 11:00:00,0.6000000000000014,0.6000000000000014,0.016901408450704265,1.0,1.0,1.0,1.0,1.0,660,1.0,122.912,123.005,122.698,122.717,6442.0,11.0,44.85,0.139,0.044,0.07,123.089,122.609,30.72,25.82,20.43,16.44,26.29,47.23,122.743,59.65,0.057,0,0,0,0,0,0,0,1,1
2019-05-21 17:00:00,0.09999999999999964,0.09999999999999964,0.01315789473684206,1.0,1.0,1.0,1.0,1.0,1020,2.0,123.296,123.741,123.245,123.654,8648.0,17.0,76.26,0.176,0.125,0.045,123.414,122.588,90.94,92.59,32.27,35.38,11.19,63.1,122.833,65.92,0.095,0,0,0,0,0,1,0,0,1
2019-05-23 11:00:00,-0.19999999999999574,0.19999999999999574,-0.004089979550102162,1.0,-1.0,-1.0,2.0,2.0,660,4.0,122.875,122.88,122.62,122.687,6906.0,11.0,30.26,0.126,-0.09,-0.069,123.202,122.779,30.78,46.29,52.25,7.02,34.07,41.94,122.983,40.75,0.1,1,0,0,0,0,0,0,0,1
2019-05-23 11:00:00,0.29999999999999716,0.29999999999999716,0.005639097744360848,1.0,1.0,1.0,1.0,2.0,660,4.0,122.875,122.88,122.62,122.687,6906.0,11.0,30.26,0.126,-0.09,-0.069,123.202,122.779,30.78,46.29,52.25,7.02,34.07,41.94,122.983,40.75,0.1,1,0,0,0,0,0,0,0,1
2019-05-23 11:00:00,0.20000000000000284,0.20000000000000284,0.0038167938931298255,1.0,1.0,1.0,1.0,2.0,660,4.0,122.875,122.88,122.62,122.687,6906.0,11.0,30.26,0.126,-0.09,-0.069,123.202,122.779,30.78,46.29,52.25,7.02,34.07,41.94,122.983,40.75,0.1,1,0,0,0,0,0,0,0,1
2019-05-28 11:00:00,0.10000000000000053,0.10000000000000053,0.017857142857142953,1.0,1.0,1.0,1.0,1.0,660,2.0,122.394,122.394,122.208,122.25,6673.0,11.0,31.49,0.127,-0.055,-0.029,122.698,122.344,42.51,51.7,12.44,16.98,22.38,37.12,122.652,35.34,0.088,0,0,0,1,0,0,0,0,1
2019-05-28 11:00:00,0.10000000000000009,0.10000000000000009,0.023255813953488393,1.0,1.0,1.0,1.0,2.0,660,2.0,122.394,122.394,122.208,122.25,6673.0,11.0,31.49,0.127,-0.055,-0.029,122.698,122.344,42.51,51.7,12.44,16.98,22.38,37.12,122.652,35.34,0.088,0,0,0,1,0,0,0,0,1
2019-05-28 12:00:00,0.09999999999999964,0.09999999999999964,0.007633587786259515,1.0,1.0,1.0,1.0,1.0,720,2.0,122.25,122.415,122.243,122.369,6138.0,12.0,41.1,0.137,-0.059,-0.035,122.701,122.323,38.52,46.59,11.92,16.34,19.4,44.3,122.619,42.37,0.098,0,0,0,0,0,1,0,0,1
2019-05-28 12:00:00,1.7999999999999972,1.7999999999999972,0.017257909875359512,1.0,1.0,1.0,1.0,2.0,720,2.0,122.25,122.415,122.243,122.369,6138.0,12.0,41.1,0.137,-0.059,-0.035,122.701,122.323,38.52,46.59,11.92,16.34,19.4,44.3,122.619,42.37,0.098,0,0,0,0,0,1,0,0,1
2019-05-28 12:00:00,1.4,1.4,0.2641509433962264,1.0,1.0,1.0,1.0,1.0,720,2.0,122.25,122.415,122.243,122.369,6138.0,12.0,41.1,0.137,-0.059,-0.035,122.701,122.323,38.52,46.59,11.92,16.34,19.4,44.3,122.619,42.37,0.098,0,0,0,0,0,1,0,0,1
2019-05-28 12:00:00,-0.31,0.31,-0.19254658385093168,1.0,-1.0,-1.0,2.0,1.0,720,2.0,122.25,122.415,122.243,122.369,6138.0,12.0,41.1,0.137,-0.059,-0.035,122.701,122.323,38.52,46.59,11.92,16.34,19.4,44.3,122.619,42.37,0.098,0,0,0,0,1,0,0,0,1
2019-06-04 12:00:00,-0.19999999999999996,0.19999999999999996,-0.09999999999999998,1.0,-1.0,-1.0,2.0,2.0,720,2.0,121.629,121.674,121.498,121.539,4691.0,12.0,55.41,0.136,0.086,0.076,121.665,121.317,70.23,76.26,24.22,25.82,20.7,48.79,121.542,56.78,0.081,0,1,0,0,0,0,0,0,1
2019-06-04 12:00:00,-0.5,0.5,-0.18518518518518517,1.0,-1.0,-1.0,2.0,3.0,720,2.0,121.629,121.674,121.498,121.539,4691.0,12.0,55.41,0.136,0.086,0.076,121.665,121.317,70.23,76.26,24.22,25.82,20.7,48.79,121.542,56.78,0.081,0,1,0,0,0,0,0,0,1
2019-06-04 12:00:00,-0.10000000000000053,0.10000000000000053,-0.01149425287356328,1.0,1.0,1.0,1.0,2.0,720,2.0,121.629,121.674,121.498,121.539,4691.0,12.0,55.41,0.136,0.086,0.076,121.665,121.317,70.23,76.26,24.22,25.82,20.7,48.79,121.542,56.78,0.081,0,0,1,0,0,0,0,0,1
2019-06-05 11:00:00,0.19999999999999574,0.19999999999999574,0.0038022813688212117,1.0,1.0,1.0,1.0,2.0,660,3.0,121.963,122.184,121.888,122.09,3856.0,11.0,73.85,0.119,0.099,0.077,121.955,121.522,85.52,71.01,24.13,26.33,8.71,61.56,121.495,71.32,0.067,1,0,0,0,0,0,0,0,1
2019-06-05 11:00:00,0.3999999999999986,0.3999999999999986,0.007476635514018665,1.0,1.0,1.0,1.0,2.0,660,3.0,121.963,122.184,121.888,122.09,3856.0,11.0,73.85,0.119,0.099,0.077,121.955,121.522,85.52,71.01,24.13,26.33,8.71,61.56,121.495,71.32,0.067,1,0,0,0,0,0,0,0,1
2019-06-05 12:00:00,-0.6000000000000001,0.6000000000000001,-0.14285714285714288,1.0,-1.0,-1.0,2.0,1.0,720,3.0,122.09,122.26,122.071,122.213,4953.0,12.0,77.27,0.127,0.124,0.081,122.059,121.481,89.15,84.49,28.61,28.18,7.55,56.09,121.488,79.17,0.086,0,1,0,0,0,0,0,0,1
2019-06-05 12:00:00,-0.4,0.4,-0.36363636363636365,1.0,-1.0,-1.0,2.0,1.0,720,3.0,122.09,122.26,122.071,122.213,4953.0,12.0,77.27,0.127,0.124,0.081,122.059,121.481,89.15,84.49,28.61,28.18,7.55,56.09,121.488,79.17,0.086,0,1,0,0,0,0,0,0,1
2019-06-05 12:00:00,-0.10000000000000003,0.10000000000000003,-0.07692307692307694,1.0,-1.0,-1.0,2.0,1.0,720,3.0,122.09,122.26,122.071,122.213,4953.0,12.0,77.27,0.127,0.124,0.081,122.059,121.481,89.15,84.49,28.61,28.18,7.55,56.09,121.488,79.17,0.086,0,0,0,0,0,0,1,0,1
2019-06-13 12:00:00,-2.7,2.7,-0.84375,1.0,-1.0,-1.0,2.0,2.0,720,4.0,122.391,122.479,122.382,122.417,2874.0,12.0,42.98,0.11,-0.092,-0.109,122.688,122.229,65.85,64.67,32.53,12.64,17.4,42.52,122.709,53.66,0.07,1,0,0,0,0,0,0,0,1
2019-06-13 12:00:00,0.5,0.5,0.2631578947368421,1.0,1.0,1.0,1.0,1.0,720,4.0,122.391,122.479,122.382,122.417,2874.0,12.0,42.98,0.11,-0.092,-0.109,122.688,122.229,65.85,64.67,32.53,12.64,17.4,42.52,122.709,53.66,0.07,1,0,0,0,0,0,0,0,1
2019-06-17 12:00:00,-0.20000000000000018,0.20000000000000018,-0.0555555555555556,1.0,-1.0,-1.0,2.0,1.0,720,1.0,121.756,121.835,121.748,121.783,3000.0,12.0,43.92,0.099,-0.055,-0.068,121.92,121.562,50.76,39.38,24.97,18.93,18.67,43.7,122.298,51.03,0.059,0,0,0,0,1,0,0,0,1
2019-06-17 12:00:00,0.2999999999999998,0.2999999999999998,0.09374999999999994,1.0,1.0,1.0,1.0,2.0,720,1.0,121.756,121.835,121.748,121.783,3000.0,12.0,43.92,0.099,-0.055,-0.068,121.92,121.562,50.76,39.38,24.97,18.93,18.67,43.7,122.298,51.03,0.059,0,0,1,0,0,0,0,0,1
2019-06-18 12:00:00,6.899999999999999,6.899999999999999,0.704081632653061,1.0,1.0,1.0,1.0,2.0,720,2.0,121.175,121.192,121.089,121.119,4766.0,12.0,19.91,0.127,-0.13,-0.06,122.135,121.29,7.87,19.19,32.82,12.11,36.72,29.39,121.986,23.44,0.103,0,0,0,0,0,0,0,1,1
2019-06-18 12:00:00,-21.599999999999998,21.599999999999998,-9.0,1.0,-1.0,-1.0,2.0,2.0,720,2.0,121.175,121.192,121.089,121.119,4766.0,12.0,19.91,0.127,-0.13,-0.06,122.135,121.29,7.87,19.19,32.82,12.11,36.72,29.39,121.986,23.44,0.103,0,0,0,0,0,1,0,0,1
2019-06-18 12:00:00,-0.30000000000000004,0.30000000000000004,-0.21428571428571433,1.0,-1.0,-1.0,2.0,2.0,720,2.0,121.175,121.192,121.089,121.119,4766.0,12.0,19.91,0.127,-0.13,-0.06,122.135,121.29,7.87,19.19,32.82,12.11,36.72,29.39,121.986,23.44,0.103,0,1,0,0,0,0,0,0,1
2019-06-18 12:00:00,-3.1999999999999993,3.1999999999999993,-0.16410256410256407,1.0,-1.0,-1.0,2.0,2.0,720,2.0,121.175,121.192,121.089,121.119,4766.0,12.0,19.91,0.127,-0.13,-0.06,122.135,121.29,7.87,19.19,32.82,12.11,36.72,29.39,121.986,23.44,0.103,0,0,0,0,0,0,0,1,1
2019-06-18 12:00:00,-0.4,0.4,-0.26666666666666666,1.0,-1.0,-1.0,2.0,1.0,720,2.0,121.175,121.192,121.089,121.119,4766.0,12.0,19.91,0.127,-0.13,-0.06,122.135,121.29,7.87,19.19,32.82,12.11,36.72,29.39,121.986,23.44,0.103,0,1,0,0,0,0,0,0,1
2019-06-18 12:00:00,-0.5,0.5,-0.35714285714285715,1.0,-1.0,-1.0,2.0,1.0,720,2.0,121.175,121.192,121.089,121.119,4766.0,12.0,19.91,0.127,-0.13,-0.06,122.135,121.29,7.87,19.19,32.82,12.11,36.72,29.39,121.986,23.44,0.103,0,1,0,0,0,0,0,0,1
2019-06-18 12:00:00,-0.8999999999999999,0.8999999999999999,-0.3,1.0,-1.0,-1.0,2.0,1.0,720,2.0,121.175,121.192,121.089,121.119,4766.0,12.0,19.91,0.127,-0.13,-0.06,122.135,121.29,7.87,19.19,32.82,12.11,36.72,29.39,121.986,23.44,0.103,0,1,0,0,0,0,0,0,1
2019-06-19 11:00:00,-8.100000000000001,8.100000000000001,-0.2700000000000001,1.0,-1.0,-1.0,2.0,1.0,660,3.0,121.395,121.476,121.37,121.449,4303.0,11.0,50.19,0.114,-0.058,-0.056,121.637,121.195,59.02,32.18,23.63,22.18,23.57,42.13,121.767,62.6,0.059,0,0,0,0,0,0,0,1,1
2019-06-19 11:00:00,8.6,8.6,0.7413793103448276,1.0,1.0,1.0,1.0,1.0,660,3.0,121.395,121.476,121.37,121.449,4303.0,11.0,50.19,0.114,-0.058,-0.056,121.637,121.195,59.02,32.18,23.63,22.18,23.57,42.13,121.767,62.6,0.059,0,0,0,0,0,0,0,1,1
2019-06-19 12:00:00,-1.9000000000000001,1.9000000000000001,-0.9047619047619048,1.0,-1.0,-1.0,2.0,1.0,720,3.0,121.448,121.499,121.388,121.451,3704.0,12.0,50.28,0.117,-0.048,-0.056,121.6,121.212,88.8,59.24,20.97,21.99,20.43,44.5,121.734,59.52,0.062,1,0,0,0,0,0,0,0,1
2019-06-19 12:00:00,2.0,2.0,0.6896551724137931,1.0,1.0,1.0,1.0,1.0,720,3.0,121.448,121.499,121.388,121.451,3704.0,12.0,50.28,0.117,-0.048,-0.056,121.6,121.212,88.8,59.24,20.97,21.99,20.43,44.5,121.734,59.52,0.062,1,0,0,0,0,0,0,0,1
2019-06-20 17:00:00,-0.7000000000000002,0.7000000000000002,-0.09333333333333335,1.0,-1.0,-1.0,2.0,1.0,1020,4.0,121.661,121.762,121.363,121.405,6624.0,17.0,45.54,0.177,0.061,0.038,121.912,121.023,14.04,47.87,24.34,18.9,28.22,41.37,121.547,57.85,0.071,0,0,0,0,0,1,0,0,1
2019-06-21 11:00:00,0.20000000000000284,0.20000000000000284,0.003780718336483986,1.0,1.0,1.0,1.0,2.0,660,5.0,121.54,121.54,121.34,121.427,5644.0,11.0,55.46,0.161,-0.041,-0.086,121.565,120.883,78.03,60.45,30.66,18.1,11.2,48.23,121.453,67.35,0.106,1,0,0,0,0,0,0,0,1
2019-06-21 11:00:00,-0.10000000000000142,0.10000000000000142,-0.002044989775051154,1.0,-1.0,-1.0,2.0,2.0,660,5.0,121.54,121.54,121.34,121.427,5644.0,11.0,55.46,0.161,-0.041,-0.086,121.565,120.883,78.03,60.45,30.66,18.1,11.2,48.23,121.453,67.35,0.106,1,0,0,0,0,0,0,0,1
2019-06-21 11:00:00,1.0,1.0,0.018726591760299626,1.0,1.0,1.0,1.0,2.0,660,5.0,121.54,121.54,121.34,121.427,5644.0,11.0,55.46,0.161,-0.041,-0.086,121.565,120.883,78.03,60.45,30.66,18.1,11.2,48.23,121.453,67.35,0.106,1,0,0,0,0,0,0,0,1
2019-06-27 12:00:00,-1.3000000000000007,1.3000000000000007,-0.09774436090225569,1.0,-1.0,-1.0,2.0,1.0,720,4.0,122.749,122.81,122.669,122.687,4513.0,12.0,58.82,0.121,0.138,0.143,122.836,122.407,41.24,60.9,24.06,20.79,14.78,62.72,122.212,50.72,0.083,0,0,0,0,0,1,0,0,1
2019-06-27 12:00:00,-1.2000000000000028,1.2000000000000028,-0.011374407582938416,1.0,-1.0,-1.0,2.0,2.0,720,4.0,122.749,122.81,122.669,122.687,4513.0,12.0,58.82,0.121,0.138,0.143,122.836,122.407,41.24,60.9,24.06,20.79,14.78,62.72,122.212,50.72,0.083,0,0,0,0,0,1,0,0,1
2019-06-27 12:00:00,-0.8999999999999995,0.8999999999999995,-0.15789473684210517,1.0,-1.0,-1.0,2.0,1.0,720,4.0,122.749,122.81,122.669,122.687,4513.0,12.0,58.82,0.121,0.138,0.143,122.836,122.407,41.24,60.9,24.06,20.79,14.78,62.72,122.212,50.72,0.083,0,0,0,0,0,1,0,0,1
2019-06-27 12:00:00,-0.18999999999999997,0.18999999999999997,-0.13970588235294118,1.0,-1.0,-1.0,2.0,1.0,720,4.0,122.749,122.81,122.669,122.687,4513.0,12.0,58.82,0.121,0.138,0.143,122.836,122.407,41.24,60.9,24.06,20.79,14.78,62.72,122.212,50.72,0.083,0,0,0,0,1,0,0,0,1
2019-06-28 12:00:00,0.10000000000000009,0.10000000000000009,0.050000000000000044,1.0,1.0,1.0,1.0,2.0,720,5.0,122.619,122.641,122.571,122.578,4085.0,12.0,55.79,0.112,0.001,-0.024,122.659,122.315,79.35,79.13,29.37,19.59,13.55,61.06,122.305,65.84,0.068,0,1,0,0,0,0,0,0,1
2019-07-01 11:00:00,-0.19999999999999574,0.19999999999999574,-0.0040983606557376175,1.0,-1.0,-1.0,2.0,2.0,660,1.0,122.647,122.717,122.611,122.65,5351.0,11.0,47.0,0.214,0.041,0.09,123.173,122.394,29.5,36.01,15.2,16.36,22.93,56.04,122.425,36.83,0.091,1,0,0,0,0,0,0,0,1
2019-07-01 11:00:00,0.5999999999999996,0.5999999999999996,0.11538461538461531,1.0,1.0,1.0,1.0,1.0,660,1.0,122.647,122.717,122.611,122.65,5351.0,11.0,47.0,0.214,0.041,0.09,123.173,122.394,29.5,36.01,15.2,16.36,22.93,56.04,122.425,36.83,0.091,0,0,0,1,0,0,0,0,1
2019-07-01 11:00:00,-0.10000000000000009,0.10000000000000009,-0.022727272727272745,1.0,-1.0,-1.0,2.0,2.0,660,1.0,122.647,122.717,122.611,122.65,5351.0,11.0,47.0,0.214,0.041,0.09,123.173,122.394,29.5,36.01,15.2,16.36,22.93,56.04,122.425,36.83,0.091,0,0,0,1,0,0,0,0,1
2019-07-02 12:00:00,-1.1,1.1,-0.2972972972972973,1.0,-1.0,-1.0,2.0,1.0,720,2.0,122.212,122.534,122.179,122.416,4896.0,12.0,48.89,0.133,-0.09,-0.102,122.593,122.155,37.06,37.29,27.89,21.4,20.83,44.61,122.55,42.18,0.071,0,1,0,0,0,0,0,0,1
2019-07-02 12:00:00,-0.2,0.2,-0.18181818181818182,1.0,-1.0,-1.0,2.0,1.0,720,2.0,122.212,122.534,122.179,122.416,4896.0,12.0,48.89,0.133,-0.09,-0.102,122.593,122.155,37.06,37.29,27.89,21.4,20.83,44.61,122.55,42.18,0.071,0,1,0,0,0,0,0,0,1
2019-07-03 11:00:00,0.20000000000000284,0.20000000000000284,0.0036764705882353465,1.0,1.0,1.0,1.0,2.0,660,3.0,121.507,121.581,121.456,121.563,4311.0,11.0,36.04,0.123,-0.201,-0.218,122.168,121.26,70.04,60.59,56.98,14.72,25.2,33.47,122.354,49.87,0.077,1,0,0,0,0,0,0,0,1
2019-07-03 11:00:00,0.10000000000000142,0.10000000000000142,0.0018832391713747914,1.0,1.0,1.0,1.0,2.0,660,3.0,121.507,121.581,121.456,121.563,4311.0,11.0,36.04,0.123,-0.201,-0.218,122.168,121.26,70.04,60.59,56.98,14.72,25.2,33.47,122.354,49.87,0.077,1,0,0,0,0,0,0,0,1
2019-07-04 12:00:00,-0.19999999999999996,0.19999999999999996,-0.07999999999999999,1.0,-1.0,-1.0,2.0,1.0,720,4.0,121.609,121.652,121.581,121.623,3249.0,12.0,46.73,0.079,-0.022,-0.032,121.691,121.559,32.11,42.34,13.48,14.1,14.5,37.49,122.087,45.17,0.045,0,0,0,0,0,0,1,0,1
2019-07-04 12:00:00,-0.5,0.5,-0.4166666666666667,1.0,-1.0,-1.0,2.0,1.0,720,4.0,121.609,121.652,121.581,121.623,3249.0,12.0,46.73,0.079,-0.022,-0.032,121.691,121.559,32.11,42.34,13.48,14.1,14.5,37.49,122.087,45.17,0.045,0,0,0,0,0,0,1,0,1
2019-07-12 12:00:00,1.2,1.2,0.923076923076923,1.0,1.0,1.0,1.0,2.0,720,5.0,122.028,122.13,122.027,122.065,4939.0,12.0,51.15,0.091,0.032,0.049,122.215,121.958,22.49,27.09,30.62,16.49,16.3,42.56,121.994,52.09,0.052,1,0,0,0,0,0,0,0,1
2019-07-16 12:00:00,2.3000000000000007,2.3000000000000007,0.12169312169312174,1.0,1.0,1.0,1.0,2.0,720,2.0,121.477,121.477,121.193,121.199,3632.0,12.0,26.53,0.101,-0.047,-0.032,121.694,121.322,10.93,35.19,26.17,18.37,31.05,36.96,121.763,24.57,0.068,0,0,0,0,0,0,0,1,1
2019-07-16 12:00:00,8.5,8.5,0.5483870967741935,1.0,1.0,1.0,1.0,2.0,720,2.0,121.477,121.477,121.193,121.199,3632.0,12.0,26.53,0.101,-0.047,-0.032,121.694,121.322,10.93,35.19,26.17,18.37,31.05,36.96,121.763,24.57,0.068,0,0,0,0,0,0,0,1,1
2019-07-16 12:00:00,-22.1,22.1,-7.892857142857144,1.0,-1.0,-1.0,2.0,2.0,720,2.0,121.477,121.477,121.193,121.199,3632.0,12.0,26.53,0.101,-0.047,-0.032,121.694,121.322,10.93,35.19,26.17,18.37,31.05,36.96,121.763,24.57,0.068,0,0,0,0,0,1,0,0,1
2019-07-17 12:00:00,0.2,0.2,0.16666666666666669,1.0,1.0,1.0,1.0,1.0,720,3.0,121.361,121.434,121.347,121.416,2929.0,12.0,52.85,0.088,-0.029,-0.045,121.485,121.232,77.42,64.2,17.78,24.98,15.17,40.14,121.628,57.08,0.059,0,1,0,0,0,0,0,0,1
2019-07-17 12:00:00,0.10000000000000009,0.10000000000000009,0.04545454545454549,1.0,1.0,1.0,1.0,3.0,720,3.0,121.361,121.434,121.347,121.416,2929.0,12.0,52.85,0.088,-0.029,-0.045,121.485,121.232,77.42,64.2,17.78,24.98,15.17,40.14,121.628,57.08,0.059,0,1,0,0,0,0,0,0,1
2019-07-17 12:00:00,-0.19999999999999996,0.19999999999999996,-0.08333333333333331,1.0,-1.0,-1.0,2.0,1.0,720,3.0,121.361,121.434,121.347,121.416,2929.0,12.0,52.85,0.088,-0.029,-0.045,121.485,121.232,77.42,64.2,17.78,24.98,15.17,40.14,121.628,57.08,0.059,0,1,0,0,0,0,0,0,1
2019-07-17 12:00:00,-0.3999999999999999,0.3999999999999999,-0.11764705882352938,1.0,-1.0,-1.0,2.0,1.0,720,3.0,121.361,121.434,121.347,121.416,2929.0,12.0,52.85,0.088,-0.029,-0.045,121.485,121.232,77.42,64.2,17.78,24.98,15.17,40.14,121.628,57.08,0.059,1,0,0,0,0,0,0,0,1
2019-07-17 12:00:00,0.39999999999999997,0.39999999999999997,0.23529411764705882,1.0,1.0,1.0,1.0,1.0,720,3.0,121.361,121.434,121.347,121.416,2929.0,12.0,52.85,0.088,-0.029,-0.045,121.485,121.232,77.42,64.2,17.78,24.98,15.17,40.14,121.628,57.08,0.059,1,0,0,0,0,0,0,0,1
2019-07-17 12:00:00,0.1,0.1,0.09090909090909091,1.0,1.0,1.0,1.0,1.0,720,3.0,121.361,121.434,121.347,121.416,2929.0,12.0,52.85,0.088,-0.029,-0.045,121.485,121.232,77.42,64.2,17.78,24.98,15.17,40.14,121.628,57.08,0.059,0,1,0,0,0,0,0,0,1
2019-07-19 11:00:00,0.8000000000000007,0.8000000000000007,0.02675585284280939,1.0,1.0,1.0,1.0,1.0,660,5.0,121.254,121.279,121.116,121.13,3036.0,11.0,51.61,0.114,0.022,-0.009,121.259,120.875,58.65,73.57,44.04,21.21,7.11,39.59,121.281,60.59,0.051,0,0,0,0,0,0,0,1,1
2019-07-19 11:00:00,18.700000000000003,18.700000000000003,2.9218750000000004,1.0,1.0,1.0,1.0,1.0,660,5.0,121.254,121.279,121.116,121.13,3036.0,11.0,51.61,0.114,0.022,-0.009,121.259,120.875,58.65,73.57,44.04,21.21,7.11,39.59,121.281,60.59,0.051,0,0,0,0,0,0,0,1,1
2019-07-23 17:00:00,0.6000000000000005,0.6000000000000005,0.07317073170731714,1.0,1.0,1.0,1.0,1.0,1020,2.0,120.777,120.784,120.52,120.54,5905.0,17.0,22.46,0.103,-0.07,-0.023,121.145,120.684,6.02,5.79,45.18,4.02,34.72,31.55,121.001,25.5,0.064,0,0,0,0,0,1,0,0,1
2019-07-24 11:00:00,-0.20000000000000284,0.20000000000000284,-0.003669724770642254,1.0,-1.0,-1.0,2.0,2.0,660,3.0,120.34,120.405,120.298,120.361,4269.0,11.0,25.38,0.096,-0.112,-0.092,120.811,120.382,40.37,37.0,45.47,9.31,28.53,26.96,120.91,32.95,0.073,1,0,0,0,0,0,0,0,1
2019-07-24 11:00:00,-0.20000000000000018,0.20000000000000018,-0.03508771929824565,1.0,-1.0,-1.0,2.0,1.0,660,3.0,120.34,120.405,120.298,120.361,4269.0,11.0,25.38,0.096,-0.112,-0.092,120.811,120.382,40.37,37.0,45.47,9.31,28.53,26.96,120.91,32.95,0.073,0,0,0,1,0,0,0,0,1
2019-07-24 11:00:00,-0.10000000000000009,0.10000000000000009,-0.022727272727272745,1.0,-1.0,-1.0,2.0,2.0,660,3.0,120.34,120.405,120.298,120.361,4269.0,11.0,25.38,0.096,-0.112,-0.092,120.811,120.382,40.37,37.0,45.47,9.31,28.53,26.96,120.91,32.95,0.073,0,0,0,1,0,0,0,0,1
2019-07-24 11:00:00,-1.1000000000000014,1.1000000000000014,-0.02268041237113405,1.0,-1.0,-1.0,2.0,2.0,660,3.0,120.34,120.405,120.298,120.361,4269.0,11.0,25.38,0.096,-0.112,-0.092,120.811,120.382,40.37,37.0,45.47,9.31,28.53,26.96,120.91,32.95,0.073,1,0,0,0,0,0,0,0,1
2019-07-24 11:00:00,-0.8999999999999986,0.8999999999999986,-0.016853932584269638,1.0,-1.0,-1.0,2.0,2.0,660,3.0,120.34,120.405,120.298,120.361,4269.0,11.0,25.38,0.096,-0.112,-0.092,120.811,120.382,40.37,37.0,45.47,9.31,28.53,26.96,120.91,32.95,0.073,1,0,0,0,0,0,0,0,1
2019-07-30 12:00:00,-0.09,0.09,-0.08737864077669902,1.0,-1.0,-1.0,2.0,1.0,720,2.0,121.018,121.031,120.919,121.027,3848.0,12.0,47.37,0.106,0.002,0.04,121.414,120.907,58.96,42.21,22.42,13.93,22.13,54.63,120.878,37.99,0.067,0,0,0,0,1,0,0,0,1
2019-07-30 12:00:00,-1.5,1.5,-0.21739130434782608,1.0,-1.0,-1.0,2.0,1.0,720,2.0,121.018,121.031,120.919,121.027,3848.0,12.0,47.37,0.106,0.002,0.04,121.414,120.907,58.96,42.21,22.42,13.93,22.13,54.63,120.878,37.99,0.067,0,0,0,0,0,1,0,0,1
2019-07-30 12:00:00,-0.8999999999999915,0.8999999999999915,-0.008604206500955941,1.0,-1.0,-1.0,2.0,2.0,720,2.0,121.018,121.031,120.919,121.027,3848.0,12.0,47.37,0.106,0.002,0.04,121.414,120.907,58.96,42.21,22.42,13.93,22.13,54.63,120.878,37.99,0.067,0,0,0,0,0,1,0,0,1
2019-07-30 12:00:00,-1.0,1.0,-0.07936507936507936,1.0,-1.0,-1.0,2.0,1.0,720,2.0,121.018,121.031,120.919,121.027,3848.0,12.0,47.37,0.106,0.002,0.04,121.414,120.907,58.96,42.21,22.42,13.93,22.13,54.63,120.878,37.99,0.067,0,0,0,0,0,1,0,0,1
2019-07-31 12:00:00,0.09999999999999964,0.09999999999999964,0.011904761904761862,1.0,-1.0,-1.0,2.0,2.0,720,3.0,120.99,121.034,120.977,120.993,2865.0,12.0,41.86,0.086,-0.013,0.005,121.213,120.988,9.32,23.57,16.32,10.14,17.22,52.56,121.033,35.6,0.048,0,0,1,0,0,0,0,0,1
2019-07-31 12:00:00,-0.2,0.2,-0.14285714285714288,1.0,-1.0,-1.0,2.0,2.0,720,3.0,120.99,121.034,120.977,120.993,2865.0,12.0,41.86,0.086,-0.013,0.005,121.213,120.988,9.32,23.57,16.32,10.14,17.22,52.56,121.033,35.6,0.048,1,0,0,0,0,0,0,0,1
2019-07-31 12:00:00,-0.09999999999999998,0.09999999999999998,-0.04999999999999999,1.0,-1.0,-1.0,2.0,2.0,720,3.0,120.99,121.034,120.977,120.993,2865.0,12.0,41.86,0.086,-0.013,0.005,121.213,120.988,9.32,23.57,16.32,10.14,17.22,52.56,121.033,35.6,0.048,0,1,0,0,0,0,0,0,1
2019-07-31 12:00:00,-0.09999999999999987,0.09999999999999987,-0.04545454545454539,1.0,-1.0,-1.0,2.0,3.0,720,3.0,120.99,121.034,120.977,120.993,2865.0,12.0,41.86,0.086,-0.013,0.005,121.213,120.988,9.32,23.57,16.32,10.14,17.22,52.56,121.033,35.6,0.048,0,1,0,0,0,0,0,0,1
2019-08-01 11:00:00,0.10000000000000142,0.10000000000000142,0.002109704641350241,1.0,1.0,1.0,1.0,2.0,660,4.0,120.409,120.525,120.408,120.507,3672.0,11.0,38.84,0.137,-0.112,-0.121,120.974,120.289,20.9,37.38,22.06,10.01,20.47,38.31,120.94,39.85,0.066,1,0,0,0,0,0,0,0,1
2019-08-02 12:00:00,-0.10000000000000009,0.10000000000000009,-0.0555555555555556,1.0,-1.0,-1.0,2.0,1.0,720,5.0,118.646,118.703,118.553,118.621,5075.0,12.0,31.05,0.236,-0.396,-0.449,119.67,118.217,63.28,61.47,48.39,8.27,18.84,16.5,120.403,43.56,0.111,0,1,0,0,0,0,0,0,1
2019-08-02 12:00:00,-0.6,0.6,-0.6,1.0,-1.0,-1.0,2.0,1.0,720,5.0,118.646,118.703,118.553,118.621,5075.0,12.0,31.05,0.236,-0.396,-0.449,119.67,118.217,63.28,61.47,48.39,8.27,18.84,16.5,120.403,43.56,0.111,0,1,0,0,0,0,0,0,1
2019-08-02 12:00:00,1.1,1.1,0.44000000000000006,1.0,1.0,1.0,1.0,1.0,720,5.0,118.646,118.703,118.553,118.621,5075.0,12.0,31.05,0.236,-0.396,-0.449,119.67,118.217,63.28,61.47,48.39,8.27,18.84,16.5,120.403,43.56,0.111,0,0,0,0,0,0,1,0,1
2019-08-02 12:00:00,0.8,0.8,0.6153846153846154,1.0,1.0,1.0,1.0,1.0,720,5.0,118.646,118.703,118.553,118.621,5075.0,12.0,31.05,0.236,-0.396,-0.449,119.67,118.217,63.28,61.47,48.39,8.27,18.84,16.5,120.403,43.56,0.111,0,0,0,0,0,0,1,0,1
2019-08-05 11:00:00,-0.09999999999999432,0.09999999999999432,-0.0018416206261509082,1.0,-1.0,-1.0,2.0,2.0,660,1.0,117.913,118.134,117.852,118.092,6840.0,11.0,40.56,0.222,-0.257,-0.268,118.688,117.736,63.68,46.47,31.62,17.18,17.52,16.23,119.798,50.9,0.105,1,0,0,0,0,0,0,0,1
2019-08-13 12:00:00,-40.5,40.5,-9.878048780487806,1.0,-1.0,-1.0,2.0,2.0,720,2.0,117.834,117.899,117.73,117.817,2724.0,12.0,39.07,0.135,-0.078,-0.046,118.27,117.779,30.27,20.01,38.18,5.92,23.94,40.4,118.419,36.55,0.084,0,0,0,0,0,1,0,0,1
2019-08-14 12:00:00,-0.09999999999999998,0.09999999999999998,-0.0769230769230769,1.0,-1.0,-1.0,2.0,1.0,720,3.0,118.966,119.059,118.891,118.901,3700.0,12.0,54.2,0.163,0.129,0.177,119.355,118.732,54.58,54.76,17.26,14.53,14.05,48.32,118.424,55.18,0.077,0,0,1,0,0,0,0,0,1
2019-08-14 12:00:00,-2.1,2.1,-1.4000000000000001,1.0,-1.0,-1.0,2.0,1.0,720,3.0,118.966,119.059,118.891,118.901,3700.0,12.0,54.2,0.163,0.129,0.177,119.355,118.732,54.58,54.76,17.26,14.53,14.05,48.32,118.424,55.18,0.077,1,0,0,0,0,0,0,0,1
2019-08-14 12:00:00,-1.7000000000000002,1.7000000000000002,-1.5454545454545454,1.0,-1.0,-1.0,2.0,2.0,720,3.0,118.966,119.059,118.891,118.901,3700.0,12.0,54.2,0.163,0.129,0.177,119.355,118.732,54.58,54.76,17.26,14.53,14.05,48.32,118.424,55.18,0.077,1,0,0,0,0,0,0,0,1
2019-08-16 12:00:00,1.2000000000000028,1.2000000000000028,0.05882352941176485,1.0,1.0,1.0,1.0,2.0,720,5.0,117.835,118.052,117.789,117.97,4340.0,12.0,51.69,0.138,-0.066,-0.088,117.972,117.707,55.68,38.1,18.9,16.02,15.71,41.43,118.22,64.93,0.093,0,0,0,0,0,0,0,1,1
2019-08-19 11:00:00,-10.200000000000003,10.200000000000003,-0.3445945945945947,1.0,-1.0,-1.0,2.0,1.0,660,1.0,118.146,118.463,118.124,118.329,4811.0,11.0,65.46,0.132,0.055,0.019,118.239,117.731,79.11,77.85,25.56,30.71,10.18,54.53,118.219,83.5,0.068,0,0,0,0,0,0,0,1,1
2019-08-19 11:00:00,4.200000000000003,4.200000000000003,0.2110552763819097,1.0,1.0,1.0,1.0,1.0,660,1.0,118.146,118.463,118.124,118.329,4811.0,11.0,65.46,0.132,0.055,0.019,118.239,117.731,79.11,77.85,25.56,30.71,10.18,54.53,118.219,83.5,0.068,0,0,0,0,0,0,0,1,1
2019-08-19 12:00:00,-0.19999999999999996,0.19999999999999996,-0.14285714285714282,1.0,-1.0,-1.0,2.0,1.0,720,1.0,118.331,118.402,118.272,118.273,3368.0,12.0,62.29,0.136,0.069,0.025,118.26,117.768,73.38,78.99,28.85,26.61,8.83,54.98,118.233,81.65,0.082,0,1,0,0,0,0,0,0,1
2019-08-19 12:00:00,-0.3,0.3,-0.25,1.0,-1.0,-1.0,2.0,1.0,720,1.0,118.331,118.402,118.272,118.273,3368.0,12.0,62.29,0.136,0.069,0.025,118.26,117.768,73.38,78.99,28.85,26.61,8.83,54.98,118.233,81.65,0.082,0,1,0,0,0,0,0,0,1
2019-08-19 12:00:00,-0.3999999999999999,0.3999999999999999,-0.16666666666666663,1.0,-1.0,-1.0,2.0,1.0,720,1.0,118.331,118.402,118.272,118.273,3368.0,12.0,62.29,0.136,0.069,0.025,118.26,117.768,73.38,78.99,28.85,26.61,8.83,54.98,118.233,81.65,0.082,0,1,0,0,0,0,0,0,1
2019-08-19 12:00:00,-0.10000000000000009,0.10000000000000009,-0.04761904761904766,1.0,-1.0,-1.0,2.0,3.0,720,1.0,118.331,118.402,118.272,118.273,3368.0,12.0,62.29,0.136,0.069,0.025,118.26,117.768,73.38,78.99,28.85,26.61,8.83,54.98,118.233,81.65,0.082,0,1,0,0,0,0,0,0,1
2019-08-20 12:00:00,0.1,0.1,0.09090909090909091,1.0,1.0,1.0,1.0,1.0,720,2.0,117.902,117.905,117.768,117.837,3841.0,12.0,33.48,0.097,-0.047,0.002,118.31,117.884,14.82,11.82,44.73,4.35,37.56,39.11,118.007,28.26,0.062,1,0,0,0,0,0,0,0,1
2019-08-20 12:00:00,-1.5,1.5,-0.42857142857142855,1.0,-1.0,-1.0,2.0,1.0,720,2.0,117.902,117.905,117.768,117.837,3841.0,12.0,33.48,0.097,-0.047,0.002,118.31,117.884,14.82,11.82,44.73,4.35,37.56,39.11,118.007,28.26,0.062,1,0,0,0,0,0,0,0,1
2019-08-22 11:00:00,1.2999999999999972,1.2999999999999972,0.027837259100642334,1.0,1.0,1.0,1.0,2.0,660,4.0,118.21,118.301,118.08,118.087,4413.0,11.0,49.97,0.125,-0.022,-0.008,118.324,117.897,64.43,43.92,32.29,16.14,26.88,49.42,118.062,67.92,0.087,1,0,0,0,0,0,0,0,1
2019-08-22 11:00:00,0.5999999999999943,0.5999999999999943,0.011494252873563109,1.0,1.0,1.0,1.0,2.0,660,4.0,118.21,118.301,118.08,118.087,4413.0,11.0,49.97,0.125,-0.022,-0.008,118.324,117.897,64.43,43.92,32.29,16.14,26.88,49.42,118.062,67.92,0.087,1,0,0,0,0,0,0,0,1
2019-08-22 17:00:00,-0.5,0.5,-0.06578947368421052,1.0,-1.0,-1.0,2.0,1.0,1020,4.0,118.055,118.061,117.814,117.964,6487.0,17.0,46.02,0.21,-0.029,-0.033,118.307,117.81,59.35,57.63,27.37,14.6,25.33,45.2,118.075,46.25,0.127,0,0,0,0,0,1,0,0,1
2019-08-28 11:00:00,0.40000000000000036,0.40000000000000036,0.06896551724137938,1.0,1.0,1.0,1.0,1.0,660,3.0,117.298,117.373,117.196,117.281,6489.0,11.0,41.82,0.103,-0.048,-0.06,117.543,117.145,42.92,56.46,21.74,11.94,25.44,40.32,117.619,41.04,0.05,0,0,0,1,0,0,0,0,1
2019-08-29 12:00:00,-1.5,1.5,-0.1271186440677966,1.0,-1.0,-1.0,2.0,1.0,720,4.0,117.712,117.771,117.642,117.667,5128.0,12.0,62.14,0.149,0.049,0.02,117.699,117.222,82.52,72.96,33.76,24.08,7.8,51.95,117.474,67.99,0.111,0,0,0,0,0,1,0,0,1
2019-08-29 12:00:00,0.8999999999999915,0.8999999999999915,0.008720930232558056,1.0,1.0,1.0,1.0,2.0,720,4.0,117.712,117.771,117.642,117.667,5128.0,12.0,62.14,0.149,0.049,0.02,117.699,117.222,82.52,72.96,33.76,24.08,7.8,51.95,117.474,67.99,0.111,0,0,0,0,0,1,0,0,1
2019-08-29 12:00:00,1.5999999999999996,1.5999999999999996,0.18823529411764703,1.0,1.0,1.0,1.0,1.0,720,4.0,117.712,117.771,117.642,117.667,5128.0,12.0,62.14,0.149,0.049,0.02,117.699,117.222,82.52,72.96,33.76,24.08,7.8,51.95,117.474,67.99,0.111,0,0,0,0,0,1,0,0,1
2019-08-29 12:00:00,0.33,0.33,0.27049180327868855,1.0,1.0,1.0,1.0,1.0,720,4.0,117.712,117.771,117.642,117.667,5128.0,12.0,62.14,0.149,0.049,0.02,117.699,117.222,82.52,72.96,33.76,24.08,7.8,51.95,117.474,67.99,0.111,0,0,0,0,1,0,0,0,1
2019-08-30 12:00:00,0.09999999999999964,0.09999999999999964,0.011904761904761862,1.0,-1.0,-1.0,2.0,2.0,720,5.0,117.453,117.548,117.451,117.491,5132.0,12.0,43.57,0.11,-0.028,0.009,117.923,117.401,58.65,45.76,39.36,7.7,22.38,39.99,117.496,47.54,0.089,0,0,1,0,0,0,0,0,1
2019-08-30 12:00:00,-0.09999999999999998,0.09999999999999998,-0.04999999999999999,1.0,-1.0,-1.0,2.0,2.0,720,5.0,117.453,117.548,117.451,117.491,5132.0,12.0,43.57,0.11,-0.028,0.009,117.923,117.401,58.65,45.76,39.36,7.7,22.38,39.99,117.496,47.54,0.089,0,1,0,0,0,0,0,0,1
2019-09-03 12:00:00,1.0,1.0,0.5555555555555556,1.0,1.0,1.0,1.0,1.0,720,2.0,116.111,116.161,115.97,116.022,4218.0,12.0,30.13,0.14,-0.163,-0.137,116.674,116.016,34.04,34.2,58.92,4.55,24.74,29.39,117.026,45.76,0.114,0,1,0,0,0,0,0,0,1
2019-09-03 12:00:00,0.5,0.5,0.3846153846153846,1.0,1.0,1.0,1.0,1.0,720,2.0,116.111,116.161,115.97,116.022,4218.0,12.0,30.13,0.14,-0.163,-0.137,116.674,116.016,34.04,34.2,58.92,4.55,24.74,29.39,117.026,45.76,0.114,0,1,0,0,0,0,0,0,1
2019-09-04 11:00:00,0.10000000000000142,0.10000000000000142,0.0018382352941176733,1.0,1.0,1.0,1.0,2.0,660,3.0,116.77,116.951,116.685,116.895,5339.0,11.0,71.53,0.146,0.093,0.005,116.735,115.909,90.7,86.79,35.99,40.36,8.49,53.89,116.79,73.69,0.091,1,0,0,0,0,0,0,0,1
2019-09-04 11:00:00,0.10000000000000142,0.10000000000000142,0.0018939393939394209,1.0,1.0,1.0,1.0,2.0,660,3.0,116.77,116.951,116.685,116.895,5339.0,11.0,71.53,0.146,0.093,0.005,116.735,115.909,90.7,86.79,35.99,40.36,8.49,53.89,116.79,73.69,0.091,1,0,0,0,0,0,0,0,1
2019-09-04 12:00:00,0.6000000000000001,0.6000000000000001,0.23076923076923078,1.0,1.0,1.0,1.0,1.0,720,3.0,116.895,117.084,116.858,117.059,5232.0,12.0,74.99,0.155,0.133,0.025,116.882,115.836,94.68,91.24,40.62,42.82,7.35,57.15,116.765,80.15,0.12,0,0,0,0,0,0,1,0,1
2019-09-04 12:00:00,-0.5,0.5,-0.45454545454545453,1.0,-1.0,-1.0,2.0,1.0,720,3.0,116.895,117.084,116.858,117.059,5232.0,12.0,74.99,0.155,0.133,0.025,116.882,115.836,94.68,91.24,40.62,42.82,7.35,57.15,116.765,80.15,0.12,0,0,0,0,0,0,1,0,1
2019-09-06 12:00:00,0.09999999999999987,0.09999999999999987,0.047619047619047554,1.0,1.0,1.0,1.0,1.0,720,5.0,118.148,118.206,117.941,118.006,6428.0,12.0,52.13,0.143,0.121,0.16,118.222,117.97,39.02,51.1,17.01,13.32,20.74,64.72,117.098,49.06,0.091,0,0,1,0,0,0,0,0,1
2019-09-06 12:00:00,0.09999999999999987,0.09999999999999987,0.047619047619047554,1.0,1.0,1.0,1.0,2.0,720,5.0,118.148,118.206,117.941,118.006,6428.0,12.0,52.13,0.143,0.121,0.16,118.222,117.97,39.02,51.1,17.01,13.32,20.74,64.72,117.098,49.06,0.091,1,0,0,0,0,0,0,0,1
2019-09-12 12:00:00,-0.5,0.5,-0.45454545454545453,1.0,-1.0,-1.0,2.0,2.0,720,4.0,118.952,118.978,118.898,118.971,4113.0,12.0,59.69,0.117,0.075,0.075,119.18,118.461,32.21,26.16,18.68,19.72,16.15,40.57,118.485,48.44,0.073,1,0,0,0,0,0,0,0,1
2019-09-12 12:00:00,-1.0,1.0,-0.5,1.0,-1.0,-1.0,2.0,1.0,720,4.0,118.952,118.978,118.898,118.971,4113.0,12.0,59.69,0.117,0.075,0.075,119.18,118.461,32.21,26.16,18.68,19.72,16.15,40.57,118.485,48.44,0.073,1,0,0,0,0,0,0,0,1
2019-09-13 12:00:00,-0.09999999999999964,0.09999999999999964,-0.02631578947368412,1.0,-1.0,-1.0,2.0,1.0,720,5.0,119.789,119.923,119.788,119.874,7041.0,12.0,66.16,0.13,0.211,0.226,120.0,119.31,49.83,52.3,33.87,27.09,11.79,66.09,118.923,55.92,0.123,0,0,0,0,1,0,0,0,1
2019-09-13 12:00:00,0.10000000000000009,0.10000000000000009,0.0277777777777778,1.0,1.0,1.0,1.0,2.0,720,5.0,119.789,119.923,119.788,119.874,7041.0,12.0,66.16,0.13,0.211,0.226,120.0,119.31,49.83,52.3,33.87,27.09,11.79,66.09,118.923,55.92,0.123,0,0,1,0,0,0,0,0,1
2019-09-13 12:00:00,1.0,1.0,0.05263157894736842,1.0,1.0,1.0,1.0,2.0,720,5.0,119.789,119.923,119.788,119.874,7041.0,12.0,66.16,0.13,0.211,0.226,120.0,119.31,49.83,52.3,33.87,27.09,11.79,66.09,118.923,55.92,0.123,0,0,0,0,0,0,0,1,1
2019-09-13 12:00:00,7.5,7.5,0.4098360655737705,1.0,1.0,1.0,1.0,2.0,720,5.0,119.789,119.923,119.788,119.874,7041.0,12.0,66.16,0.13,0.211,0.226,120.0,119.31,49.83,52.3,33.87,27.09,11.79,66.09,118.923,55.92,0.123,0,0,0,0,0,0,0,1,1
2019-09-17 12:00:00,9.800000000000004,9.800000000000004,0.2951807228915664,1.0,1.0,1.0,1.0,2.0,720,2.0,119.12,119.24,119.075,119.24,4826.0,12.0,56.72,0.141,-0.009,-0.046,119.277,118.727,77.21,59.55,24.69,18.71,13.44,54.89,119.213,53.19,0.085,0,0,0,0,0,1,0,0,1
2019-09-18 12:00:00,-0.20000000000000007,0.20000000000000007,-0.09523809523809526,1.0,-1.0,-1.0,2.0,1.0,720,3.0,119.484,119.566,119.41,119.56,5268.0,12.0,50.3,0.097,0.075,0.13,119.845,119.515,21.31,16.56,34.42,11.48,23.03,57.55,119.452,28.64,0.083,0,1,0,0,0,0,0,0,1
2019-09-18 12:00:00,-1.4,1.4,-0.8235294117647058,1.0,-1.0,-1.0,2.0,1.0,720,3.0,119.484,119.566,119.41,119.56,5268.0,12.0,50.3,0.097,0.075,0.13,119.845,119.515,21.31,16.56,34.42,11.48,23.03,57.55,119.452,28.64,0.083,1,0,0,0,0,0,0,0,1
2019-09-18 12:00:00,-1.4,1.4,-0.39999999999999997,1.0,-1.0,-1.0,2.0,1.0,720,3.0,119.484,119.566,119.41,119.56,5268.0,12.0,50.3,0.097,0.075,0.13,119.845,119.515,21.31,16.56,34.42,11.48,23.03,57.55,119.452,28.64,0.083,1,0,0,0,0,0,0,0,1
2019-09-18 12:00:00,0.1,0.1,0.09090909090909091,1.0,1.0,1.0,1.0,1.0,720,3.0,119.484,119.566,119.41,119.56,5268.0,12.0,50.3,0.097,0.075,0.13,119.845,119.515,21.31,16.56,34.42,11.48,23.03,57.55,119.452,28.64,0.083,0,1,0,0,0,0,0,0,1
2019-09-18 12:00:00,-0.1,0.1,-0.08333333333333334,1.0,-1.0,-1.0,2.0,1.0,720,3.0,119.484,119.566,119.41,119.56,5268.0,12.0,50.3,0.097,0.075,0.13,119.845,119.515,21.31,16.56,34.42,11.48,23.03,57.55,119.452,28.64,0.083,0,1,0,0,0,0,0,0,1
2019-09-18 12:00:00,-0.19999999999999998,0.19999999999999998,-0.15384615384615383,1.0,-1.0,-1.0,2.0,2.0,720,3.0,119.484,119.566,119.41,119.56,5268.0,12.0,50.3,0.097,0.075,0.13,119.845,119.515,21.31,16.56,34.42,11.48,23.03,57.55,119.452,28.64,0.083,0,1,0,0,0,0,0,0,1
2019-09-19 11:00:00,3.6000000000000014,3.6000000000000014,0.13235294117647065,1.0,1.0,1.0,1.0,1.0,660,4.0,119.41,119.556,119.407,119.444,6485.0,11.0,50.67,0.181,-0.075,-0.07,119.861,119.049,80.43,64.11,36.71,31.81,16.8,52.59,119.406,68.33,0.094,0,0,0,0,0,0,0,1,1
2019-09-19 11:00:00,-6.800000000000001,6.800000000000001,-0.2402826855123675,1.0,-1.0,-1.0,2.0,1.0,660,4.0,119.41,119.556,119.407,119.444,6485.0,11.0,50.67,0.181,-0.075,-0.07,119.861,119.049,80.43,64.11,36.71,31.81,16.8,52.59,119.406,68.33,0.094,0,0,0,0,0,0,0,1,1
2019-09-23 11:00:00,-1.6999999999999957,1.6999999999999957,-0.035196687370600326,1.0,-1.0,-1.0,2.0,2.0,660,1.0,117.934,118.1,117.752,117.845,9748.0,11.0,15.74,0.162,-0.222,-0.163,119.13,118.085,5.86,24.56,29.69,11.48,29.27,28.08,119.238,23.75,0.11,1,0,0,0,0,0,0,0,1
2019-09-23 11:00:00,-1.2000000000000028,1.2000000000000028,-0.022140221402214073,1.0,-1.0,-1.0,2.0,2.0,660,1.0,117.934,118.1,117.752,117.845,9748.0,11.0,15.74,0.162,-0.222,-0.163,119.13,118.085,5.86,24.56,29.69,11.48,29.27,28.08,119.238,23.75,0.11,1,0,0,0,0,0,0,0,1
2019-09-23 11:00:00,-1.6000000000000014,1.6000000000000014,-0.030188679245283047,1.0,-1.0,-1.0,2.0,2.0,660,1.0,117.934,118.1,117.752,117.845,9748.0,11.0,15.74,0.162,-0.222,-0.163,119.13,118.085,5.86,24.56,29.69,11.48,29.27,28.08,119.238,23.75,0.11,1,0,0,0,0,0,0,0,1
2019-09-27 12:00:00,1.0999999999999996,1.0999999999999996,0.11702127659574464,1.0,1.0,1.0,1.0,1.0,720,5.0,117.88,117.971,117.832,117.953,3627.0,12.0,63.25,0.112,-0.014,-0.058,117.92,117.554,93.46,90.72,28.45,26.79,12.13,52.72,117.993,69.31,0.081,0,0,0,0,0,1,0,0,1
2019-09-27 12:00:00,-1.0,1.0,-0.009643201542912247,1.0,-1.0,-1.0,2.0,2.0,720,5.0,117.88,117.971,117.832,117.953,3627.0,12.0,63.25,0.112,-0.014,-0.058,117.92,117.554,93.46,90.72,28.45,26.79,12.13,52.72,117.993,69.31,0.081,0,0,0,0,0,1,0,0,1
2019-09-27 12:00:00,-1.3000000000000007,1.3000000000000007,-0.15294117647058833,1.0,-1.0,-1.0,2.0,1.0,720,5.0,117.88,117.971,117.832,117.953,3627.0,12.0,63.25,0.112,-0.014,-0.058,117.92,117.554,93.46,90.72,28.45,26.79,12.13,52.72,117.993,69.31,0.081,0,0,0,0,0,1,0,0,1
2019-09-27 12:00:00,-0.12,0.12,-0.10909090909090907,1.0,-1.0,-1.0,2.0,1.0,720,5.0,117.88,117.971,117.832,117.953,3627.0,12.0,63.25,0.112,-0.014,-0.058,117.92,117.554,93.46,90.72,28.45,26.79,12.13,52.72,117.993,69.31,0.081,0,0,0,0,1,0,0,0,1
2019-09-30 12:00:00,-0.09999999999999964,0.09999999999999964,-0.0117647058823529,1.0,1.0,1.0,1.0,2.0,720,1.0,117.971,118.027,117.89,117.917,3944.0,12.0,46.47,0.114,-0.002,0.022,118.279,117.815,49.72,53.08,34.3,6.35,15.63,39.37,117.913,56.22,0.072,0,0,1,0,0,0,0,0,1
2019-10-01 11:00:00,0.10000000000000142,0.10000000000000142,0.0021459227467811462,1.0,1.0,1.0,1.0,2.0,660,2.0,117.963,118.128,117.961,118.089,5442.0,11.0,63.58,0.108,0.006,-0.026,117.993,117.686,61.0,38.61,26.85,25.96,11.72,52.61,117.898,64.05,0.071,1,0,0,0,0,0,0,0,1
2019-10-01 12:00:00,0.09999999999999998,0.09999999999999998,0.05263157894736841,1.0,1.0,1.0,1.0,2.0,720,2.0,118.091,118.146,118.029,118.034,4776.0,12.0,59.43,0.112,0.018,-0.02,118.024,117.683,75.97,56.25,28.8,24.55,10.16,51.93,117.896,71.58,0.082,0,1,0,0,0,0,0,0,1
2019-10-01 12:00:00,-0.09999999999999998,0.09999999999999998,-0.04999999999999999,1.0,-1.0,-1.0,2.0,3.0,720,2.0,118.091,118.146,118.029,118.034,4776.0,12.0,59.43,0.112,0.018,-0.02,118.024,117.683,75.97,56.25,28.8,24.55,10.16,51.93,117.896,71.58,0.082,0,1,0,0,0,0,0,0,1
2019-10-03 11:00:00,-0.3999999999999986,0.3999999999999986,-0.007547169811320728,1.0,-1.0,-1.0,2.0,2.0,660,4.0,117.356,117.649,117.288,117.429,5869.0,11.0,46.28,0.122,-0.067,-0.082,117.545,117.301,41.8,50.66,20.81,15.84,14.47,40.23,117.774,44.92,0.068,1,0,0,0,0,0,0,0,1
2019-10-03 11:00:00,-0.29999999999999716,0.29999999999999716,-0.005836575875486326,1.0,-1.0,-1.0,2.0,2.0,660,4.0,117.356,117.649,117.288,117.429,5869.0,11.0,46.28,0.122,-0.067,-0.082,117.545,117.301,41.8,50.66,20.81,15.84,14.47,40.23,117.774,44.92,0.068,1,0,0,0,0,0,0,0,1
2019-10-03 12:00:00,0.19999999999999998,0.19999999999999998,0.1818181818181818,1.0,1.0,1.0,1.0,1.0,720,4.0,117.428,117.428,117.303,117.312,4557.0,12.0,39.69,0.126,-0.07,-0.079,117.516,117.303,26.65,38.01,18.64,13.73,12.54,36.65,117.735,43.71,0.102,0,0,0,0,0,0,1,0,1
2019-10-03 12:00:00,0.7000000000000002,0.7000000000000002,0.29166666666666674,1.0,1.0,1.0,1.0,1.0,720,4.0,117.428,117.428,117.303,117.312,4557.0,12.0,39.69,0.126,-0.07,-0.079,117.516,117.303,26.65,38.01,18.64,13.73,12.54,36.65,117.735,43.71,0.102,0,0,0,0,0,0,1,0,1
2019-10-03 12:00:00,-0.20000000000000007,0.20000000000000007,-0.12500000000000003,1.0,-1.0,-1.0,2.0,1.0,720,4.0,117.428,117.428,117.303,117.312,4557.0,12.0,39.69,0.126,-0.07,-0.079,117.516,117.303,26.65,38.01,18.64,13.73,12.54,36.65,117.735,43.71,0.102,0,1,0,0,0,0,0,0,1
2019-10-03 12:00:00,-0.2,0.2,-0.15384615384615385,1.0,-1.0,-1.0,2.0,1.0,720,4.0,117.428,117.428,117.303,117.312,4557.0,12.0,39.69,0.126,-0.07,-0.079,117.516,117.303,26.65,38.01,18.64,13.73,12.54,36.65,117.735,43.71,0.102,0,1,0,0,0,0,0,0,1
2019-10-14 12:00:00,0.4,0.4,0.4,1.0,1.0,1.0,1.0,2.0,720,1.0,119.409,119.475,119.192,119.375,6240.0,12.0,49.64,0.163,0.035,0.096,119.93,119.191,40.21,30.81,20.78,16.53,21.31,67.18,118.557,56.62,0.082,1,0,0,0,0,0,0,0,1
2019-10-14 12:00:00,-1.2999999999999998,1.2999999999999998,-0.5199999999999999,1.0,-1.0,-1.0,2.0,1.0,720,1.0,119.409,119.475,119.192,119.375,6240.0,12.0,49.64,0.163,0.035,0.096,119.93,119.191,40.21,30.81,20.78,16.53,21.31,67.18,118.557,56.62,0.082,1,0,0,0,0,0,0,0,1
2019-10-15 12:00:00,9.5,9.5,0.27941176470588236,1.0,1.0,1.0,1.0,2.0,720,2.0,119.463,119.466,119.138,119.267,6142.0,12.0,39.02,0.147,-0.002,0.023,119.63,119.363,23.77,35.48,13.69,15.49,21.29,58.68,119.04,39.69,0.107,0,0,0,0,0,1,0,0,1
2019-10-16 12:00:00,1.4000000000000021,1.4000000000000021,0.07035175879396996,1.0,1.0,1.0,1.0,2.0,720,3.0,119.973,120.006,119.793,119.99,9904.0,12.0,56.56,0.16,0.088,0.109,120.185,119.82,30.65,38.86,20.91,15.83,12.29,67.01,119.494,43.53,0.146,0,0,0,0,0,0,0,1,1
2019-10-16 12:00:00,-0.7000000000000011,0.7000000000000011,-0.04268292682926836,1.0,-1.0,-1.0,2.0,2.0,720,3.0,119.973,120.006,119.793,119.99,9904.0,12.0,56.56,0.16,0.088,0.109,120.185,119.82,30.65,38.86,20.91,15.83,12.29,67.01,119.494,43.53,0.146,0,0,0,0,0,0,0,1,1
2019-10-16 12:00:00,0.10000000000000003,0.10000000000000003,0.07692307692307694,1.0,1.0,1.0,1.0,1.0,720,3.0,119.973,120.006,119.793,119.99,9904.0,12.0,56.56,0.16,0.088,0.109,120.185,119.82,30.65,38.86,20.91,15.83,12.29,67.01,119.494,43.53,0.146,0,1,0,0,0,0,0,0,1
2019-10-16 12:00:00,-0.39999999999999997,0.39999999999999997,-0.24999999999999997,1.0,-1.0,-1.0,2.0,1.0,720,3.0,119.973,120.006,119.793,119.99,9904.0,12.0,56.56,0.16,0.088,0.109,120.185,119.82,30.65,38.86,20.91,15.83,12.29,67.01,119.494,43.53,0.146,0,1,0,0,0,0,0,0,1
2019-10-16 12:00:00,-0.09999999999999998,0.09999999999999998,-0.05263157894736841,1.0,-1.0,-1.0,2.0,3.0,720,3.0,119.973,120.006,119.793,119.99,9904.0,12.0,56.56,0.16,0.088,0.109,120.185,119.82,30.65,38.86,20.91,15.83,12.29,67.01,119.494,43.53,0.146,0,1,0,0,0,0,0,0,1
2019-10-16 12:00:00,-0.39999999999999997,0.39999999999999997,-0.24999999999999997,1.0,-1.0,-1.0,2.0,2.0,720,3.0,119.973,120.006,119.793,119.99,9904.0,12.0,56.56,0.16,0.088,0.109,120.185,119.82,30.65,38.86,20.91,15.83,12.29,67.01,119.494,43.53,0.146,0,1,0,0,0,0,0,0,1
2019-10-17 12:00:00,-1.4000000000000001,1.4000000000000001,-0.3888888888888889,1.0,-1.0,-1.0,2.0,1.0,720,4.0,120.677,121.357,120.62,120.909,16958.0,12.0,74.13,0.162,0.163,0.145,120.735,120.187,66.9,60.23,23.48,30.02,14.21,78.29,119.871,67.06,0.1,1,0,0,0,0,0,0,0,1
2019-10-17 12:00:00,0.30000000000000004,0.30000000000000004,0.16666666666666669,1.0,1.0,1.0,1.0,1.0,720,4.0,120.677,121.357,120.62,120.909,16958.0,12.0,74.13,0.162,0.163,0.145,120.735,120.187,66.9,60.23,23.48,30.02,14.21,78.29,119.871,67.06,0.1,1,0,0,0,0,0,0,0,1
2019-10-18 11:00:00,8.099999999999998,8.099999999999998,0.43548387096774177,1.0,1.0,1.0,1.0,1.0,660,5.0,120.869,121.004,120.854,120.956,4942.0,11.0,63.11,0.114,0.072,0.089,120.949,120.683,67.47,37.08,17.97,21.26,15.24,72.39,120.142,61.1,0.064,0,0,0,0,0,0,0,1,1
2019-10-18 11:00:00,-0.09999999999999787,0.09999999999999787,-0.0036101083032490204,1.0,-1.0,-1.0,2.0,1.0,660,5.0,120.869,121.004,120.854,120.956,4942.0,11.0,63.11,0.114,0.072,0.089,120.949,120.683,67.47,37.08,17.97,21.26,15.24,72.39,120.142,61.1,0.064,0,0,0,0,0,0,0,1,1
2019-10-23 17:00:00,-1.2999999999999998,1.2999999999999998,-0.1780821917808219,1.0,-1.0,-1.0,2.0,1.0,1020,3.0,120.771,120.784,120.644,120.725,6020.0,17.0,52.46,0.141,-0.05,-0.106,120.834,120.346,86.61,83.58,22.28,22.98,11.82,55.22,120.926,63.55,0.077,0,0,0,0,0,1,0,0,1
2019-10-24 11:00:00,0.7000000000000028,0.7000000000000028,0.015217391304347887,1.0,1.0,1.0,1.0,2.0,660,4.0,121.168,121.179,120.879,120.994,8075.0,11.0,56.35,0.117,0.073,0.067,121.112,120.742,41.62,42.23,24.89,24.59,14.12,58.02,120.939,48.22,0.115,1,0,0,0,0,0,0,0,1
2019-10-24 11:00:00,0.29999999999999716,0.29999999999999716,0.0057142857142856605,1.0,1.0,1.0,1.0,2.0,660,4.0,121.168,121.179,120.879,120.994,8075.0,11.0,56.35,0.117,0.073,0.067,121.112,120.742,41.62,42.23,24.89,24.59,14.12,58.02,120.939,48.22,0.115,1,0,0,0,0,0,0,0,1
2019-10-24 11:00:00,0.8000000000000043,0.8000000000000043,0.01587301587301596,1.0,1.0,1.0,1.0,2.0,660,4.0,121.168,121.179,120.879,120.994,8075.0,11.0,56.35,0.117,0.073,0.067,121.112,120.742,41.62,42.23,24.89,24.59,14.12,58.02,120.939,48.22,0.115,1,0,0,0,0,0,0,0,1
2019-10-28 12:00:00,-0.5999999999999996,0.5999999999999996,-0.08450704225352108,1.0,-1.0,-1.0,2.0,1.0,720,1.0,120.558,120.635,120.549,120.618,2869.0,12.0,56.08,0.079,-0.005,-0.027,120.633,120.377,38.37,46.88,42.21,21.82,7.82,56.08,120.695,53.65,0.065,0,0,0,1,0,0,0,0,1
2019-10-28 12:00:00,-0.10000000000000009,0.10000000000000009,-0.02222222222222224,1.0,-1.0,-1.0,2.0,2.0,720,1.0,120.558,120.635,120.549,120.618,2869.0,12.0,56.08,0.079,-0.005,-0.027,120.633,120.377,38.37,46.88,42.21,21.82,7.82,56.08,120.695,53.65,0.065,0,0,0,1,0,0,0,0,1
2019-10-30 13:00:00,0.1999999999999993,0.1999999999999993,0.020408163265306048,1.0,1.0,1.0,1.0,1.0,780,3.0,121.049,121.072,120.892,120.96,3989.0,13.0,51.58,0.086,0.035,0.034,121.054,120.88,43.07,54.7,27.71,20.43,13.18,56.67,120.747,47.76,0.062,0,0,0,0,0,1,0,0,1
2019-10-30 13:00:00,-0.9000000000000057,0.9000000000000057,-0.008763388510224008,1.0,-1.0,-1.0,2.0,2.0,780,3.0,121.049,121.072,120.892,120.96,3989.0,13.0,51.58,0.086,0.035,0.034,121.054,120.88,43.07,54.7,27.71,20.43,13.18,56.67,120.747,47.76,0.062,0,0,0,0,0,1,0,0,1
2019-10-30 13:00:00,-0.6999999999999993,0.6999999999999993,-0.07142857142857136,1.0,-1.0,-1.0,2.0,1.0,780,3.0,121.049,121.072,120.892,120.96,3989.0,13.0,51.58,0.086,0.035,0.034,121.054,120.88,43.07,54.7,27.71,20.43,13.18,56.67,120.747,47.76,0.062,0,0,0,0,0,1,0,0,1
2019-10-30 13:00:00,0.01999999999999999,0.01999999999999999,0.016528925619834704,1.0,1.0,1.0,1.0,1.0,780,3.0,121.049,121.072,120.892,120.96,3989.0,13.0,51.58,0.086,0.035,0.034,121.054,120.88,43.07,54.7,27.71,20.43,13.18,56.67,120.747,47.76,0.062,0,0,0,0,1,0,0,0,1
2019-10-31 13:00:00,-0.10000000000000009,0.10000000000000009,-0.0555555555555556,1.0,-1.0,-1.0,2.0,3.0,780,4.0,120.79,120.816,120.548,120.646,5516.0,13.0,31.31,0.165,-0.036,0.067,121.652,120.795,11.09,21.72,26.54,11.1,30.01,39.69,120.864,22.52,0.116,0,1,0,0,0,0,0,0,1
2019-10-31 13:00:00,0.20000000000000007,0.20000000000000007,0.10526315789473688,1.0,1.0,1.0,1.0,2.0,780,4.0,120.79,120.816,120.548,120.646,5516.0,13.0,31.31,0.165,-0.036,0.067,121.652,120.795,11.09,21.72,26.54,11.1,30.01,39.69,120.864,22.52,0.116,0,1,0,0,0,0,0,0,1
2019-10-31 13:00:00,-0.09999999999999987,0.09999999999999987,-0.04545454545454539,1.0,-1.0,-1.0,2.0,2.0,780,4.0,120.79,120.816,120.548,120.646,5516.0,13.0,31.31,0.165,-0.036,0.067,121.652,120.795,11.09,21.72,26.54,11.1,30.01,39.69,120.864,22.52,0.116,1,0,0,0,0,0,0,0,1
2019-10-31 13:00:00,0.09999999999999964,0.09999999999999964,0.011904761904761862,1.0,-1.0,-1.0,2.0,2.0,780,4.0,120.79,120.816,120.548,120.646,5516.0,13.0,31.31,0.165,-0.036,0.067,121.652,120.795,11.09,21.72,26.54,11.1,30.01,39.69,120.864,22.52,0.116,0,0,1,0,0,0,0,0,1
2019-11-04 12:00:00,0.19999999999999574,0.19999999999999574,0.004282655246252585,1.0,1.0,1.0,1.0,2.0,720,1.0,121.004,121.088,120.952,121.077,4270.0,12.0,67.47,0.088,0.089,0.07,121.051,120.705,78.57,75.51,19.92,28.11,14.36,55.95,120.858,54.49,0.071,1,0,0,0,0,0,0,0,1
2019-11-05 13:00:00,-0.5,0.5,-0.29411764705882354,1.0,-1.0,-1.0,2.0,1.0,780,2.0,121.051,121.061,120.936,120.978,4845.0,13.0,48.73,0.12,0.05,0.05,121.203,120.795,23.33,44.0,21.22,19.42,27.26,51.01,120.861,36.55,0.078,0,1,0,0,0,0,0,0,1
2019-11-05 13:00:00,0.5,0.5,0.35714285714285715,1.0,1.0,1.0,1.0,1.0,780,2.0,121.051,121.061,120.936,120.978,4845.0,13.0,48.73,0.12,0.05,0.05,121.203,120.795,23.33,44.0,21.22,19.42,27.26,51.01,120.861,36.55,0.078,0,1,0,0,0,0,0,0,1
2019-11-06 12:00:00,0.4000000000000057,0.4000000000000057,0.0075757575757576835,1.0,1.0,1.0,1.0,2.0,720,3.0,120.848,120.91,120.824,120.91,3716.0,12.0,54.03,0.097,-0.024,-0.042,120.939,120.699,88.04,75.61,23.96,13.1,14.42,48.79,120.796,57.22,0.061,1,0,0,0,0,0,0,0,1
2019-11-06 12:00:00,0.3999999999999986,0.3999999999999986,0.007812499999999972,1.0,1.0,1.0,1.0,2.0,720,3.0,120.848,120.91,120.824,120.91,3716.0,12.0,54.03,0.097,-0.024,-0.042,120.939,120.699,88.04,75.61,23.96,13.1,14.42,48.79,120.796,57.22,0.061,1,0,0,0,0,0,0,0,1
2019-11-06 13:00:00,1.6,1.6,0.64,1.0,1.0,1.0,1.0,1.0,780,3.0,120.908,120.909,120.788,120.801,3436.0,13.0,47.13,0.102,-0.024,-0.041,120.934,120.698,78.85,80.94,23.2,11.35,16.43,48.79,120.796,61.78,0.054,0,0,0,0,0,0,1,0,1
2019-11-06 13:00:00,0.7,0.7,0.43749999999999994,1.0,1.0,1.0,1.0,1.0,780,3.0,120.908,120.909,120.788,120.801,3436.0,13.0,47.13,0.102,-0.024,-0.041,120.934,120.698,78.85,80.94,23.2,11.35,16.43,48.79,120.796,61.78,0.054,0,0,0,0,0,0,1,0,1
2019-11-12 13:00:00,31.5,31.5,0.9402985074626866,1.0,1.0,1.0,1.0,2.0,780,2.0,120.349,120.37,120.296,120.341,3874.0,13.0,46.64,0.113,0.02,0.028,120.538,120.24,17.61,22.03,23.26,19.33,19.79,40.98,120.487,36.07,0.071,0,0,0,0,0,1,0,0,1
2019-11-13 13:00:00,0.5000000000000002,0.5000000000000002,0.15625000000000006,1.0,1.0,1.0,1.0,1.0,780,3.0,119.979,119.992,119.868,119.916,3881.0,13.0,38.05,0.113,-0.067,-0.064,120.208,119.878,16.24,25.92,29.17,9.93,24.69,32.0,120.34,39.66,0.069,1,0,0,0,0,0,0,0,1
2019-11-14 13:00:00,0.09999999999999987,0.09999999999999987,0.047619047619047554,1.0,1.0,1.0,1.0,2.0,780,4.0,119.482,119.503,119.356,119.426,3954.0,13.0,34.74,0.124,-0.115,-0.104,119.862,119.435,15.01,28.17,38.22,8.6,29.93,26.86,120.063,35.5,0.081,1,0,0,0,0,0,0,0,1
2019-11-14 13:00:00,-0.1,0.1,-0.08333333333333334,1.0,-1.0,-1.0,2.0,1.0,780,4.0,119.482,119.503,119.356,119.426,3954.0,13.0,34.74,0.124,-0.115,-0.104,119.862,119.435,15.01,28.17,38.22,8.6,29.93,26.86,120.063,35.5,0.081,0,0,1,0,0,0,0,0,1
2019-11-15 13:00:00,-0.4,0.4,-0.26666666666666666,1.0,-1.0,-1.0,2.0,1.0,780,5.0,119.822,119.889,119.814,119.866,3304.0,13.0,62.52,0.107,0.048,0.022,119.928,119.299,89.06,72.17,30.05,28.4,12.19,52.63,119.912,74.58,0.056,0,1,0,0,0,0,0,0,1
2019-11-15 13:00:00,-0.20000000000000007,0.20000000000000007,-0.11111111111111115,1.0,-1.0,-1.0,2.0,1.0,780,5.0,119.822,119.889,119.814,119.866,3304.0,13.0,62.52,0.107,0.048,0.022,119.928,119.299,89.06,72.17,30.05,28.4,12.19,52.63,119.912,74.58,0.056,0,1,0,0,0,0,0,0,1
2019-11-15 13:00:00,-0.1,0.1,-0.08333333333333334,1.0,-1.0,-1.0,2.0,1.0,780,5.0,119.822,119.889,119.814,119.866,3304.0,13.0,62.52,0.107,0.048,0.022,119.928,119.299,89.06,72.17,30.05,28.4,12.19,52.63,119.912,74.58,0.056,0,1,0,0,0,0,0,0,1
2019-11-15 13:00:00,-1.0999999999999979,1.0999999999999979,-0.05392156862745088,1.0,-1.0,-1.0,2.0,2.0,780,5.0,119.822,119.889,119.814,119.866,3304.0,13.0,62.52,0.107,0.048,0.022,119.928,119.299,89.06,72.17,30.05,28.4,12.19,52.63,119.912,74.58,0.056,0,0,0,0,0,0,0,1,1
2019-11-15 13:00:00,1.3000000000000007,1.3000000000000007,0.07065217391304353,1.0,1.0,1.0,1.0,2.0,780,5.0,119.822,119.889,119.814,119.866,3304.0,13.0,62.52,0.107,0.048,0.022,119.928,119.299,89.06,72.17,30.05,28.4,12.19,52.63,119.912,74.58,0.056,0,0,0,0,0,0,0,1,1
2019-11-15 13:00:00,0.4,0.4,0.3076923076923077,1.0,1.0,1.0,1.0,1.0,780,5.0,119.822,119.889,119.814,119.866,3304.0,13.0,62.52,0.107,0.048,0.022,119.928,119.299,89.06,72.17,30.05,28.4,12.19,52.63,119.912,74.58,0.056,0,1,0,0,0,0,0,0,1
2019-11-19 12:00:00,3.6999999999999993,3.6999999999999993,0.14509803921568626,1.0,1.0,1.0,1.0,1.0,720,2.0,120.399,120.481,120.353,120.45,3277.0,12.0,60.53,0.114,0.028,0.009,120.446,120.168,89.86,76.39,20.14,22.53,11.18,58.37,119.986,58.24,0.059,0,0,0,0,0,0,0,1,1
2019-11-19 12:00:00,12.399999999999999,12.399999999999999,0.5081967213114754,1.0,1.0,1.0,1.0,1.0,720,2.0,120.399,120.481,120.353,120.45,3277.0,12.0,60.53,0.114,0.028,0.009,120.446,120.168,89.86,76.39,20.14,22.53,11.18,58.37,119.986,58.24,0.059,0,0,0,0,0,0,0,1,1
2019-11-19 13:00:00,-3.4000000000000004,3.4000000000000004,-0.918918918918919,1.0,-1.0,-1.0,2.0,1.0,780,2.0,120.45,120.474,120.346,120.417,3266.0,13.0,57.68,0.12,0.032,0.012,120.46,120.167,81.93,80.87,21.51,19.52,10.42,58.37,119.986,63.62,0.059,1,0,0,0,0,0,0,0,1
2019-11-21 18:00:00,0.39999999999999947,0.39999999999999947,0.04651162790697668,1.0,1.0,1.0,1.0,1.0,1080,4.0,120.189,120.273,120.103,120.103,4803.0,18.0,43.61,0.142,0.021,0.039,120.451,119.998,17.31,25.55,34.28,15.86,10.32,49.56,120.239,37.84,0.1,0,0,0,0,0,1,0,0,1
2019-11-22 12:00:00,0.7000000000000028,0.7000000000000028,0.014925373134328419,1.0,1.0,1.0,1.0,2.0,720,5.0,120.052,120.071,119.999,120.003,2885.0,12.0,38.92,0.114,-0.024,-0.007,120.278,120.038,20.86,28.54,21.87,19.62,16.23,47.58,120.196,39.49,0.108,1,0,0,0,0,0,0,0,1
2019-11-22 12:00:00,-0.20000000000000284,0.20000000000000284,-0.0038834951456311233,1.0,-1.0,-1.0,2.0,2.0,720,5.0,120.052,120.071,119.999,120.003,2885.0,12.0,38.92,0.114,-0.024,-0.007,120.278,120.038,20.86,28.54,21.87,19.62,16.23,47.58,120.196,39.49,0.108,1,0,0,0,0,0,0,0,1
2019-11-22 12:00:00,-0.7999999999999972,0.7999999999999972,-0.015009380863039348,1.0,-1.0,-1.0,2.0,2.0,720,5.0,120.052,120.071,119.999,120.003,2885.0,12.0,38.92,0.114,-0.024,-0.007,120.278,120.038,20.86,28.54,21.87,19.62,16.23,47.58,120.196,39.49,0.108,1,0,0,0,0,0,0,0,1
2019-11-28 12:00:00,0.1999999999999993,0.1999999999999993,0.03124999999999989,1.0,1.0,1.0,1.0,1.0,720,4.0,120.517,120.554,120.502,120.512,1837.0,12.0,59.67,0.092,0.073,0.077,120.604,120.313,70.72,71.96,42.08,18.02,5.38,65.61,120.136,56.09,0.056,0,0,0,1,0,0,0,0,1
2019-11-28 12:00:00,-0.39999999999999947,0.39999999999999947,-0.07843137254901951,1.0,-1.0,-1.0,2.0,1.0,720,4.0,120.517,120.554,120.502,120.512,1837.0,12.0,59.67,0.092,0.073,0.077,120.604,120.313,70.72,71.96,42.08,18.02,5.38,65.61,120.136,56.09,0.056,0,0,0,1,0,0,0,0,1
2019-11-28 13:00:00,-1.5000000000000002,1.5000000000000002,-0.46875000000000006,1.0,-1.0,-1.0,2.0,1.0,780,4.0,120.511,120.53,120.439,120.444,2994.0,13.0,53.47,0.093,0.065,0.075,120.594,120.337,46.17,62.71,37.24,15.61,13.9,65.61,120.136,47.3,0.053,0,0,0,0,0,1,0,0,1
2019-11-28 13:00:00,1.3999999999999986,1.3999999999999986,0.07368421052631571,1.0,1.0,1.0,1.0,3.0,780,4.0,120.511,120.53,120.439,120.444,2994.0,13.0,53.47,0.093,0.065,0.075,120.594,120.337,46.17,62.71,37.24,15.61,13.9,65.61,120.136,47.3,0.053,0,0,0,0,0,1,0,0,1
2019-11-28 13:00:00,0.01999999999999999,0.01999999999999999,0.015999999999999993,1.0,1.0,1.0,1.0,1.0,780,4.0,120.511,120.53,120.439,120.444,2994.0,13.0,53.47,0.093,0.065,0.075,120.594,120.337,46.17,62.71,37.24,15.61,13.9,65.61,120.136,47.3,0.053,0,0,0,0,1,0,0,0,1
2019-11-28 13:00:00,0.3000000000000007,0.3000000000000007,0.030000000000000072,1.0,1.0,1.0,1.0,1.0,780,4.0,120.511,120.53,120.439,120.444,2994.0,13.0,53.47,0.093,0.065,0.075,120.594,120.337,46.17,62.71,37.24,15.61,13.9,65.61,120.136,47.3,0.053,0,0,0,0,0,1,0,0,1
2019-11-28 13:00:00,1.2999999999999972,1.2999999999999972,0.012871287128712843,1.0,1.0,1.0,1.0,2.0,780,4.0,120.511,120.53,120.439,120.444,2994.0,13.0,53.47,0.093,0.065,0.075,120.594,120.337,46.17,62.71,37.24,15.61,13.9,65.61,120.136,47.3,0.053,0,0,0,0,0,1,0,0,1
2019-11-28 13:00:00,0.40000000000000036,0.40000000000000036,0.03773584905660381,1.0,1.0,1.0,1.0,1.0,780,4.0,120.511,120.53,120.439,120.444,2994.0,13.0,53.47,0.093,0.065,0.075,120.594,120.337,46.17,62.71,37.24,15.61,13.9,65.61,120.136,47.3,0.053,0,0,0,0,0,1,0,0,1
2019-11-29 13:00:00,-0.09999999999999998,0.09999999999999998,-0.08333333333333331,1.0,-1.0,-1.0,2.0,2.0,780,5.0,120.564,120.566,120.431,120.487,2613.0,13.0,43.31,0.067,0.018,0.03,120.602,120.512,40.35,48.26,18.67,9.59,20.51,61.75,120.302,45.72,0.048,0,1,0,0,0,0,0,0,1
2019-11-29 13:00:00,0.30000000000000004,0.30000000000000004,0.15000000000000002,1.0,1.0,1.0,1.0,2.0,780,5.0,120.564,120.566,120.431,120.487,2613.0,13.0,43.31,0.067,0.018,0.03,120.602,120.512,40.35,48.26,18.67,9.59,20.51,61.75,120.302,45.72,0.048,0,1,0,0,0,0,0,0,1
2019-11-29 13:00:00,0.30000000000000004,0.30000000000000004,0.17647058823529416,1.0,1.0,1.0,1.0,3.0,780,5.0,120.564,120.566,120.431,120.487,2613.0,13.0,43.31,0.067,0.018,0.03,120.602,120.512,40.35,48.26,18.67,9.59,20.51,61.75,120.302,45.72,0.048,0,1,0,0,0,0,0,0,1
2019-11-29 13:00:00,0.30000000000000004,0.30000000000000004,0.13636363636363638,1.0,1.0,1.0,1.0,1.0,780,5.0,120.564,120.566,120.431,120.487,2613.0,13.0,43.31,0.067,0.018,0.03,120.602,120.512,40.35,48.26,18.67,9.59,20.51,61.75,120.302,45.72,0.048,0,1,0,0,0,0,0,0,1
2019-11-29 13:00:00,-0.4,0.4,-0.4,1.0,-1.0,-1.0,2.0,1.0,780,5.0,120.564,120.566,120.431,120.487,2613.0,13.0,43.31,0.067,0.018,0.03,120.602,120.512,40.35,48.26,18.67,9.59,20.51,61.75,120.302,45.72,0.048,0,1,0,0,0,0,0,0,1
2019-11-29 13:00:00,-0.2,0.2,-0.15384615384615385,1.0,-1.0,-1.0,2.0,1.0,780,5.0,120.564,120.566,120.431,120.487,2613.0,13.0,43.31,0.067,0.018,0.03,120.602,120.512,40.35,48.26,18.67,9.59,20.51,61.75,120.302,45.72,0.048,0,1,0,0,0,0,0,0,1
2019-12-02 12:00:00,0.29999999999999716,0.29999999999999716,0.006302521008403302,1.0,1.0,1.0,1.0,2.0,720,1.0,120.77,120.785,120.735,120.735,2549.0,12.0,53.33,0.11,0.055,0.071,120.93,120.523,28.34,24.85,20.54,11.79,18.61,70.37,120.485,45.11,0.056,1,0,0,0,0,0,0,0,1
2019-12-03 13:00:00,0.2,0.2,0.18181818181818182,1.0,1.0,1.0,1.0,1.0,780,2.0,120.524,120.638,120.508,120.54,4248.0,13.0,37.44,0.135,-0.01,0.034,121.012,120.579,22.07,36.85,26.03,8.87,23.13,42.02,120.621,33.57,0.095,0,1,0,0,0,0,0,0,1
2019-12-03 13:00:00,-0.7999999999999998,0.7999999999999998,-0.3809523809523809,1.0,-1.0,-1.0,2.0,1.0,780,2.0,120.524,120.638,120.508,120.54,4248.0,13.0,37.44,0.135,-0.01,0.034,121.012,120.579,22.07,36.85,26.03,8.87,23.13,42.02,120.621,33.57,0.095,0,1,0,0,0,0,0,0,1
2019-12-04 12:00:00,0.30000000000000426,0.30000000000000426,0.005847953216374353,1.0,1.0,1.0,1.0,2.0,720,3.0,120.401,120.454,120.308,120.333,4441.0,12.0,46.48,0.117,-0.08,-0.104,120.432,120.178,61.96,53.82,28.48,15.06,15.83,55.73,120.601,60.18,0.096,1,0,0,0,0,0,0,0,1
2019-12-04 12:00:00,0.3999999999999986,0.3999999999999986,0.007619047619047592,1.0,1.0,1.0,1.0,2.0,720,3.0,120.401,120.454,120.308,120.333,4441.0,12.0,46.48,0.117,-0.08,-0.104,120.432,120.178,61.96,53.82,28.48,15.06,15.83,55.73,120.601,60.18,0.096,1,0,0,0,0,0,0,0,1
2019-12-05 13:00:00,-0.10000000000000009,0.10000000000000009,-0.040000000000000036,1.0,-1.0,-1.0,2.0,1.0,780,4.0,120.8,120.856,120.756,120.763,3230.0,13.0,60.69,0.092,0.074,0.058,120.811,120.491,77.28,84.6,28.44,22.5,9.97,57.5,120.63,54.39,0.063,0,0,0,0,0,0,1,0,1
2019-12-05 13:00:00,-0.7,0.7,-0.6363636363636362,1.0,-1.0,-1.0,2.0,1.0,780,4.0,120.8,120.856,120.756,120.763,3230.0,13.0,60.69,0.092,0.074,0.058,120.811,120.491,77.28,84.6,28.44,22.5,9.97,57.5,120.63,54.39,0.063,0,0,0,0,0,0,1,0,1
2019-12-05 13:00:00,-0.09999999999999998,0.09999999999999998,-0.04999999999999999,1.0,-1.0,-1.0,2.0,1.0,780,4.0,120.8,120.856,120.756,120.763,3230.0,13.0,60.69,0.092,0.074,0.058,120.811,120.491,77.28,84.6,28.44,22.5,9.97,57.5,120.63,54.39,0.063,0,0,1,0,0,0,0,0,1
2019-12-09 12:30:00,2.3,2.3,0.8846153846153845,1.0,1.0,1.0,1.0,1.0,750,1.0,120.055,120.1,120.0,120.092,2048.0,12.0,41.25,0.086,-0.095,-0.124,120.131,120.0,44.44,54.89,18.85,17.84,14.31,38.33,120.446,43.91,0.043,0,0,0,0,0,1,0,0,1
2019-12-10 13:00:00,28.9,28.9,1.5454545454545454,1.0,1.0,1.0,1.0,2.0,780,2.0,120.254,120.345,120.237,120.34,3561.0,13.0,64.29,0.079,0.029,0.013,120.318,120.087,68.9,60.43,39.97,20.95,5.74,49.18,120.403,62.01,0.059,0,0,0,0,0,1,0,0,1
2019-12-12 13:00:00,-0.5,0.5,-0.5,1.0,-1.0,-1.0,2.0,2.0,780,4.0,120.912,120.989,120.912,120.938,3729.0,13.0,62.17,0.071,0.099,0.118,121.14,120.597,24.72,29.63,28.69,19.48,12.85,67.48,120.425,48.67,0.044,1,0,0,0,0,0,0,0,1
2019-12-16 12:00:00,-1.5,1.5,-0.030991735537190084,1.0,-1.0,-1.0,2.0,2.0,720,1.0,121.826,121.937,121.819,121.88,2513.0,12.0,53.26,0.099,-0.001,-0.029,121.962,121.468,40.11,54.88,42.87,31.45,11.08,64.69,121.328,56.41,0.08,1,0,0,0,0,0,0,0,1
2019-12-16 12:00:00,0.29999999999999716,0.29999999999999716,0.00564971751412424,1.0,1.0,1.0,1.0,2.0,720,1.0,121.826,121.937,121.819,121.88,2513.0,12.0,53.26,0.099,-0.001,-0.029,121.962,121.468,40.11,54.88,42.87,31.45,11.08,64.69,121.328,56.41,0.08,1,0,0,0,0,0,0,0,1
2019-12-16 13:00:00,-0.19999999999999973,0.19999999999999973,-0.052631578947368356,1.0,-1.0,-1.0,2.0,2.0,780,1.0,121.881,121.979,121.866,121.978,1980.0,13.0,58.08,0.103,0.011,-0.021,122.002,121.457,55.11,48.98,44.36,32.22,9.6,64.69,121.328,55.53,0.076,0,0,1,0,0,0,0,0,1
2019-12-17 13:00:00,11.0,11.0,0.6111111111111112,1.0,1.0,1.0,1.0,2.0,780,2.0,122.255,122.355,122.201,122.31,3590.0,13.0,69.12,0.106,0.072,0.055,122.27,121.973,91.73,83.47,27.81,30.19,14.28,63.06,121.72,57.77,0.076,0,0,0,0,0,0,0,1,1
2019-12-17 13:00:00,5.199999999999999,5.199999999999999,0.25615763546798026,1.0,1.0,1.0,1.0,2.0,780,2.0,122.255,122.355,122.201,122.31,3590.0,13.0,69.12,0.106,0.072,0.055,122.27,121.973,91.73,83.47,27.81,30.19,14.28,63.06,121.72,57.77,0.076,0,0,0,0,0,0,0,1,1
2019-12-18 13:00:00,-0.5,0.5,-0.3333333333333333,1.0,-1.0,-1.0,2.0,1.0,780,3.0,121.869,121.9,121.789,121.865,3281.0,13.0,42.1,0.105,-0.069,-0.06,122.198,121.725,47.92,33.73,30.48,11.04,20.62,53.4,121.991,50.03,0.066,1,0,0,0,0,0,0,0,1
2019-12-18 13:00:00,-2.1,2.1,-0.6176470588235294,1.0,-1.0,-1.0,2.0,1.0,780,3.0,121.869,121.9,121.789,121.865,3281.0,13.0,42.1,0.105,-0.069,-0.06,122.198,121.725,47.92,33.73,30.48,11.04,20.62,53.4,121.991,50.03,0.066,1,0,0,0,0,0,0,0,1
2019-12-18 13:00:00,-0.2,0.2,-0.16666666666666669,1.0,-1.0,-1.0,2.0,1.0,780,3.0,121.869,121.9,121.789,121.865,3281.0,13.0,42.1,0.105,-0.069,-0.06,122.198,121.725,47.92,33.73,30.48,11.04,20.62,53.4,121.991,50.03,0.066,0,1,0,0,0,0,0,0,1
2019-12-18 13:00:00,0.20000000000000007,0.20000000000000007,0.11764705882352945,1.0,1.0,1.0,1.0,1.0,780,3.0,121.869,121.9,121.789,121.865,3281.0,13.0,42.1,0.105,-0.069,-0.06,122.198,121.725,47.92,33.73,30.48,11.04,20.62,53.4,121.991,50.03,0.066,0,1,0,0,0,0,0,0,1
2019-12-18 13:00:00,-0.10000000000000009,0.10000000000000009,-0.040000000000000036,1.0,-1.0,-1.0,2.0,1.0,780,3.0,121.869,121.9,121.789,121.865,3281.0,13.0,42.1,0.105,-0.069,-0.06,122.198,121.725,47.92,33.73,30.48,11.04,20.62,53.4,121.991,50.03,0.066,0,1,0,0,0,0,0,0,1
2019-12-20 12:00:00,6.899999999999999,6.899999999999999,0.260377358490566,1.0,1.0,1.0,1.0,1.0,720,5.0,121.582,121.612,121.507,121.519,3028.0,12.0,41.69,0.091,-0.054,-0.067,121.663,121.458,56.14,66.71,14.89,16.24,17.95,35.42,121.85,54.48,0.057,0,0,0,0,0,0,0,1,1
2019-12-20 12:00:00,14.3,14.3,0.516245487364621,1.0,1.0,1.0,1.0,1.0,720,5.0,121.582,121.612,121.507,121.519,3028.0,12.0,41.69,0.091,-0.054,-0.067,121.663,121.458,56.14,66.71,14.89,16.24,17.95,35.42,121.85,54.48,0.057,0,0,0,0,0,0,0,1,1
2019-12-20 18:00:00,-0.6999999999999993,0.6999999999999993,-0.08333333333333325,1.0,-1.0,-1.0,2.0,1.0,1080,5.0,121.334,121.373,121.217,121.225,4320.0,18.0,32.47,0.111,-0.112,-0.08,121.77,121.204,22.29,16.98,25.13,15.58,20.7,35.12,121.812,47.57,0.061,0,0,0,0,0,1,0,0,1
2020-01-02 12:00:00,0.3999999999999986,0.3999999999999986,0.008528784648187604,1.0,1.0,1.0,1.0,2.0,720,4.0,121.939,121.964,121.812,121.854,2819.0,12.0,45.41,0.117,-0.011,-0.013,122.042,121.791,57.1,67.15,27.57,18.49,18.35,44.16,122.002,47.64,0.052,1,0,0,0,0,0,0,0,1
2020-01-03 12:00:00,-0.10000000000000009,0.10000000000000009,-0.02222222222222224,1.0,-1.0,-1.0,2.0,1.0,720,5.0,120.387,120.455,120.262,120.321,6425.0,12.0,21.52,0.19,-0.327,-0.274,121.595,120.258,13.17,13.74,48.1,6.06,30.24,25.59,121.742,32.68,0.108,0,0,0,1,0,0,0,0,1
2020-01-03 12:00:00,0.09999999999999964,0.09999999999999964,0.01538461538461533,1.0,1.0,1.0,1.0,1.0,720,5.0,120.387,120.455,120.262,120.321,6425.0,12.0,21.52,0.19,-0.327,-0.274,121.595,120.258,13.17,13.74,48.1,6.06,30.24,25.59,121.742,32.68,0.108,0,0,0,1,0,0,0,0,1
2020-01-03 12:00:00,-0.10000000000000009,0.10000000000000009,-0.021276595744680868,1.0,-1.0,-1.0,2.0,1.0,720,5.0,120.387,120.455,120.262,120.321,6425.0,12.0,21.52,0.19,-0.327,-0.274,121.595,120.258,13.17,13.74,48.1,6.06,30.24,25.59,121.742,32.68,0.108,0,0,0,1,0,0,0,0,1
2020-01-06 12:00:00,0.3999999999999986,0.3999999999999986,0.007490636704119823,1.0,1.0,1.0,1.0,2.0,720,1.0,120.866,120.978,120.86,120.918,3732.0,12.0,59.28,0.17,-0.006,-0.071,120.874,120.383,89.35,81.16,18.97,32.08,14.46,46.27,121.335,69.79,0.095,1,0,0,0,0,0,0,0,1
2020-01-06 12:00:00,0.29999999999999716,0.29999999999999716,0.005813953488372037,1.0,1.0,1.0,1.0,2.0,720,1.0,120.866,120.978,120.86,120.918,3732.0,12.0,59.28,0.17,-0.006,-0.071,120.874,120.383,89.35,81.16,18.97,32.08,14.46,46.27,121.335,69.79,0.095,1,0,0,0,0,0,0,0,1
2020-01-06 12:30:00,-1.4000000000000004,1.4000000000000004,-0.14000000000000004,1.0,-1.0,-1.0,2.0,1.0,750,1.0,120.866,120.978,120.86,120.918,3732.0,12.0,59.28,0.17,-0.006,-0.071,120.874,120.383,89.35,81.16,18.97,32.08,14.46,46.27,121.335,69.79,0.095,0,0,0,0,0,1,0,0,1
2020-01-06 13:00:00,0.8000000000000003,0.8000000000000003,0.25000000000000006,1.0,1.0,1.0,1.0,1.0,780,1.0,120.919,121.105,120.919,121.063,5065.0,13.0,63.96,0.177,0.023,-0.054,120.961,120.342,92.72,89.08,23.0,36.86,12.53,46.27,121.335,73.54,0.094,0,1,0,0,0,0,0,0,1
2020-01-07 13:00:00,1.1,1.1,1.0,1.0,1.0,1.0,1.0,1.0,780,2.0,121.166,121.241,121.092,121.206,3119.0,13.0,51.23,0.153,0.064,0.11,121.48,121.119,58.31,56.64,29.21,10.98,22.0,43.61,121.165,39.74,0.107,0,0,0,0,0,0,1,0,1
2020-01-07 13:00:00,0.30000000000000004,0.30000000000000004,0.15000000000000002,1.0,1.0,1.0,1.0,3.0,780,2.0,121.166,121.241,121.092,121.206,3119.0,13.0,51.23,0.153,0.064,0.11,121.48,121.119,58.31,56.64,29.21,10.98,22.0,43.61,121.165,39.74,0.107,0,1,0,0,0,0,0,0,1
2020-01-07 13:00:00,0.19999999999999996,0.19999999999999996,0.09090909090909088,1.0,1.0,1.0,1.0,1.0,780,2.0,121.166,121.241,121.092,121.206,3119.0,13.0,51.23,0.153,0.064,0.11,121.48,121.119,58.31,56.64,29.21,10.98,22.0,43.61,121.165,39.74,0.107,0,1,0,0,0,0,0,0,1
2020-01-07 13:00:00,1.8,1.8,0.72,1.0,1.0,1.0,1.0,1.0,780,2.0,121.166,121.241,121.092,121.206,3119.0,13.0,51.23,0.153,0.064,0.11,121.48,121.119,58.31,56.64,29.21,10.98,22.0,43.61,121.165,39.74,0.107,0,1,0,0,0,0,0,0,1
2020-01-07 13:00:00,0.5,0.5,0.45454545454545453,1.0,1.0,1.0,1.0,1.0,780,2.0,121.166,121.241,121.092,121.206,3119.0,13.0,51.23,0.153,0.064,0.11,121.48,121.119,58.31,56.64,29.21,10.98,22.0,43.61,121.165,39.74,0.107,0,1,0,0,0,0,0,0,1
2020-01-07 13:00:00,0.8999999999999999,0.8999999999999999,0.5624999999999999,1.0,1.0,1.0,1.0,2.0,780,2.0,121.166,121.241,121.092,121.206,3119.0,13.0,51.23,0.153,0.064,0.11,121.48,121.119,58.31,56.64,29.21,10.98,22.0,43.61,121.165,39.74,0.107,0,1,0,0,0,0,0,0,1
2020-01-08 13:00:00,1.8000000000000007,1.8000000000000007,0.16981132075471705,1.0,1.0,1.0,1.0,1.0,780,3.0,120.929,121.035,120.817,120.974,5240.0,13.0,53.06,0.287,-0.04,-0.081,121.165,120.471,70.05,58.14,24.35,17.73,9.78,43.87,120.897,59.02,0.109,0,0,0,0,0,1,0,0,1
2020-01-08 13:00:00,0.7999999999999972,0.7999999999999972,0.007866273352998988,1.0,1.0,1.0,1.0,2.0,780,3.0,120.929,121.035,120.817,120.974,5240.0,13.0,53.06,0.287,-0.04,-0.081,121.165,120.471,70.05,58.14,24.35,17.73,9.78,43.87,120.897,59.02,0.109,0,0,0,0,0,1,0,0,1
2020-01-08 13:00:00,0.5,0.5,0.046296296296296294,1.0,1.0,1.0,1.0,1.0,780,3.0,120.929,121.035,120.817,120.974,5240.0,13.0,53.06,0.287,-0.04,-0.081,121.165,120.471,70.05,58.14,24.35,17.73,9.78,43.87,120.897,59.02,0.109,0,0,0,0,0,1,0,0,1
2020-01-08 13:00:00,0.08000000000000002,0.08000000000000002,0.060150375939849635,1.0,1.0,1.0,1.0,1.0,780,3.0,120.929,121.035,120.817,120.974,5240.0,13.0,53.06,0.287,-0.04,-0.081,121.165,120.471,70.05,58.14,24.35,17.73,9.78,43.87,120.897,59.02,0.109,0,0,0,0,1,0,0,0,1
2020-01-08 13:00:00,2.3000000000000007,2.3000000000000007,0.11979166666666671,1.0,1.0,1.0,1.0,3.0,780,3.0,120.929,121.035,120.817,120.974,5240.0,13.0,53.06,0.287,-0.04,-0.081,121.165,120.471,70.05,58.14,24.35,17.73,9.78,43.87,120.897,59.02,0.109,0,0,0,0,0,1,0,0,1
2020-01-08 13:00:00,0.8999999999999999,0.8999999999999999,0.44999999999999996,1.0,1.0,1.0,1.0,1.0,780,3.0,120.929,121.035,120.817,120.974,5240.0,13.0,53.06,0.287,-0.04,-0.081,121.165,120.471,70.05,58.14,24.35,17.73,9.78,43.87,120.897,59.02,0.109,0,0,0,0,0,1,0,0,1
2020-01-15 13:00:00,0.7000000000000002,0.7000000000000002,0.21875000000000006,1.0,1.0,1.0,1.0,1.0,780,3.0,122.387,122.543,122.381,122.46,3608.0,13.0,55.45,0.109,-0.002,-0.01,122.511,122.234,63.66,51.29,19.51,23.16,17.56,61.84,122.114,65.03,0.074,1,0,0,0,0,0,0,0,1
2020-01-15 13:00:00,0.1,0.1,0.09090909090909091,1.0,1.0,1.0,1.0,2.0,780,3.0,122.387,122.543,122.381,122.46,3608.0,13.0,55.45,0.109,-0.002,-0.01,122.511,122.234,63.66,51.29,19.51,23.16,17.56,61.84,122.114,65.03,0.074,1,0,0,0,0,0,0,0,1
2020-01-15 13:00:00,-7.100000000000001,7.100000000000001,-0.24652777777777782,1.0,-1.0,-1.0,2.0,2.0,780,3.0,122.387,122.543,122.381,122.46,3608.0,13.0,55.45,0.109,-0.002,-0.01,122.511,122.234,63.66,51.29,19.51,23.16,17.56,61.84,122.114,65.03,0.074,0,0,0,0,0,0,0,1,1
2020-01-15 13:00:00,-2.0,2.0,-0.0900900900900901,1.0,-1.0,-1.0,2.0,2.0,780,3.0,122.387,122.543,122.381,122.46,3608.0,13.0,55.45,0.109,-0.002,-0.01,122.511,122.234,63.66,51.29,19.51,23.16,17.56,61.84,122.114,65.03,0.074,0,0,0,0,0,0,0,1,1
2020-01-17 12:00:00,8.299999999999997,8.299999999999997,0.3120300751879698,1.0,1.0,1.0,1.0,1.0,720,5.0,122.603,122.613,122.398,122.399,3338.0,12.0,34.18,0.103,-0.005,0.028,122.843,122.509,9.13,29.41,29.33,15.68,30.47,47.3,122.52,30.08,0.05,0,0,0,0,0,0,0,1,1
2020-01-17 12:00:00,7.5,7.5,0.24916943521594684,1.0,1.0,1.0,1.0,1.0,720,5.0,122.603,122.613,122.398,122.399,3338.0,12.0,34.18,0.103,-0.005,0.028,122.843,122.509,9.13,29.41,29.33,15.68,30.47,47.3,122.52,30.08,0.05,0,0,0,0,0,0,0,1,1
2020-01-17 13:00:00,0.49999999999999994,0.49999999999999994,0.41666666666666663,1.0,1.0,1.0,1.0,1.0,780,5.0,122.4,122.408,122.304,122.405,2899.0,13.0,34.66,0.107,-0.024,0.021,122.867,122.458,11.65,15.65,31.79,13.59,38.46,47.3,122.52,17.45,0.065,1,0,0,0,0,0,0,0,1
2020-01-17 13:00:00,-0.5,0.5,-0.1724137931034483,1.0,-1.0,-1.0,2.0,1.0,780,5.0,122.4,122.408,122.304,122.405,2899.0,13.0,34.66,0.107,-0.024,0.021,122.867,122.458,11.65,15.65,31.79,13.59,38.46,47.3,122.52,17.45,0.065,1,0,0,0,0,0,0,0,1
2020-01-17 13:00:00,0.19999999999999998,0.19999999999999998,0.1818181818181818,1.0,1.0,1.0,1.0,1.0,780,5.0,122.4,122.408,122.304,122.405,2899.0,13.0,34.66,0.107,-0.024,0.021,122.867,122.458,11.65,15.65,31.79,13.59,38.46,47.3,122.52,17.45,0.065,0,1,0,0,0,0,0,0,1
2020-01-17 13:00:00,0.29999999999999993,0.29999999999999993,0.15789473684210523,1.0,1.0,1.0,1.0,1.0,780,5.0,122.4,122.408,122.304,122.405,2899.0,13.0,34.66,0.107,-0.024,0.021,122.867,122.458,11.65,15.65,31.79,13.59,38.46,47.3,122.52,17.45,0.065,0,1,0,0,0,0,0,0,1
2020-01-21 13:00:00,20.1,20.1,3.0923076923076924,1.0,1.0,1.0,1.0,2.0,780,2.0,122.147,122.271,122.142,122.22,3281.0,13.0,56.94,0.131,-0.041,-0.059,122.342,121.869,78.49,62.17,21.58,25.27,11.76,52.73,122.378,70.56,0.085,0,0,0,0,0,1,0,0,1
2020-01-23 18:00:00,-0.09999999999999964,0.09999999999999964,-0.011111111111111072,1.0,-1.0,-1.0,2.0,1.0,1080,4.0,120.804,120.817,120.63,120.785,5260.0,18.0,21.92,0.192,-0.204,-0.129,122.005,120.91,10.93,14.06,26.57,15.09,33.25,24.04,121.883,15.79,0.143,0,0,0,0,0,1,0,0,1
2020-01-24 12:00:00,2.6999999999999957,2.6999999999999957,0.05856832971800424,1.0,1.0,1.0,1.0,2.0,720,5.0,120.918,120.962,120.83,120.927,2865.0,12.0,37.22,0.108,-0.108,-0.129,121.18,120.807,26.03,42.75,13.54,20.27,22.26,29.23,121.63,34.98,0.086,1,0,0,0,0,0,0,0,1
2020-01-24 12:00:00,-0.10000000000000142,0.10000000000000142,-0.0019230769230769505,1.0,-1.0,-1.0,2.0,2.0,720,5.0,120.918,120.962,120.83,120.927,2865.0,12.0,37.22,0.108,-0.108,-0.129,121.18,120.807,26.03,42.75,13.54,20.27,22.26,29.23,121.63,34.98,0.086,1,0,0,0,0,0,0,0,1
2020-01-24 12:00:00,-0.7999999999999972,0.7999999999999972,-0.014814814814814762,1.0,-1.0,-1.0,2.0,2.0,720,5.0,120.918,120.962,120.83,120.927,2865.0,12.0,37.22,0.108,-0.108,-0.129,121.18,120.807,26.03,42.75,13.54,20.27,22.26,29.23,121.63,34.98,0.086,1,0,0,0,0,0,0,0,1
2020-01-29 12:00:00,0.10000000000000009,0.10000000000000009,0.02173913043478263,1.0,1.0,1.0,1.0,1.0,720,3.0,119.95,120.022,119.931,120.01,2518.0,12.0,40.72,0.115,-0.025,0.023,120.42,119.957,15.01,13.92,41.72,6.98,24.22,34.62,120.357,37.06,0.075,0,0,0,1,0,0,0,0,1
2020-01-29 12:00:00,-0.5,0.5,-0.07692307692307693,1.0,-1.0,-1.0,2.0,1.0,720,3.0,119.95,120.022,119.931,120.01,2518.0,12.0,40.72,0.115,-0.025,0.023,120.42,119.957,15.01,13.92,41.72,6.98,24.22,34.62,120.357,37.06,0.075,0,0,0,1,0,0,0,0,1
2020-01-29 12:00:00,0.10000000000000009,0.10000000000000009,0.02173913043478263,1.0,1.0,1.0,1.0,2.0,720,3.0,119.95,120.022,119.931,120.01,2518.0,12.0,40.72,0.115,-0.025,0.023,120.42,119.957,15.01,13.92,41.72,6.98,24.22,34.62,120.357,37.06,0.075,0,0,0,1,0,0,0,0,1
2020-01-30 13:00:00,-0.09999999999999964,0.09999999999999964,-0.0117647058823529,1.0,1.0,1.0,1.0,2.0,780,4.0,119.968,120.03,119.918,120.029,2777.0,13.0,51.74,0.114,-0.032,-0.044,120.159,119.844,72.2,68.03,20.52,14.11,13.53,40.36,120.121,48.01,0.074,0,0,1,0,0,0,0,0,1
2020-01-30 13:00:00,-1.1999999999999993,1.1999999999999993,-0.0524017467248908,1.0,-1.0,-1.0,2.0,3.0,780,4.0,119.968,120.03,119.918,120.029,2777.0,13.0,51.74,0.114,-0.032,-0.044,120.159,119.844,72.2,68.03,20.52,14.11,13.53,40.36,120.121,48.01,0.074,0,0,0,0,0,1,0,0,1
2020-01-30 13:00:00,2.3,2.3,1.352941176470588,1.0,1.0,1.0,1.0,1.0,780,4.0,119.968,120.03,119.918,120.029,2777.0,13.0,51.74,0.114,-0.032,-0.044,120.159,119.844,72.2,68.03,20.52,14.11,13.53,40.36,120.121,48.01,0.074,0,0,0,0,0,1,0,0,1
2020-01-30 13:00:00,0.5999999999999943,0.5999999999999943,0.005813953488372037,1.0,1.0,1.0,1.0,2.0,780,4.0,119.968,120.03,119.918,120.029,2777.0,13.0,51.74,0.114,-0.032,-0.044,120.159,119.844,72.2,68.03,20.52,14.11,13.53,40.36,120.121,48.01,0.074,0,0,0,0,0,1,0,0,1
2020-01-30 13:00:00,2.6000000000000005,2.6000000000000005,0.23853211009174316,1.0,1.0,1.0,1.0,1.0,780,4.0,119.968,120.03,119.918,120.029,2777.0,13.0,51.74,0.114,-0.032,-0.044,120.159,119.844,72.2,68.03,20.52,14.11,13.53,40.36,120.121,48.01,0.074,0,0,0,0,0,1,0,0,1
2020-01-30 13:00:00,-1.1999999999999993,1.1999999999999993,-0.09090909090909086,1.0,-1.0,-1.0,2.0,1.0,780,4.0,119.968,120.03,119.918,120.029,2777.0,13.0,51.74,0.114,-0.032,-0.044,120.159,119.844,72.2,68.03,20.52,14.11,13.53,40.36,120.121,48.01,0.074,0,0,0,0,0,1,0,0,1
2020-01-30 13:00:00,0.03,0.03,0.023809523809523808,1.0,1.0,1.0,1.0,1.0,780,4.0,119.968,120.03,119.918,120.029,2777.0,13.0,51.74,0.114,-0.032,-0.044,120.159,119.844,72.2,68.03,20.52,14.11,13.53,40.36,120.121,48.01,0.074,0,0,0,0,1,0,0,0,1
2020-01-31 13:00:00,1.0999999999999999,1.0999999999999999,0.28947368421052627,1.0,1.0,1.0,1.0,1.0,780,5.0,120.167,120.24,120.145,120.211,3494.0,13.0,55.42,0.119,0.045,0.057,120.395,119.893,47.86,39.69,14.73,20.48,18.43,51.82,120.09,50.9,0.059,0,1,0,0,0,0,0,0,1
2020-01-31 13:00:00,-2.1,2.1,-1.0,1.0,-1.0,-1.0,2.0,2.0,780,5.0,120.167,120.24,120.145,120.211,3494.0,13.0,55.42,0.119,0.045,0.057,120.395,119.893,47.86,39.69,14.73,20.48,18.43,51.82,120.09,50.9,0.059,0,1,0,0,0,0,0,0,1
2020-01-31 13:00:00,-0.9,0.9,-0.6428571428571429,1.0,-1.0,-1.0,2.0,1.0,780,5.0,120.167,120.24,120.145,120.211,3494.0,13.0,55.42,0.119,0.045,0.057,120.395,119.893,47.86,39.69,14.73,20.48,18.43,51.82,120.09,50.9,0.059,0,1,0,0,0,0,0,0,1
2020-01-31 13:00:00,-0.1,0.1,-0.08333333333333334,1.0,-1.0,-1.0,2.0,2.0,780,5.0,120.167,120.24,120.145,120.211,3494.0,13.0,55.42,0.119,0.045,0.057,120.395,119.893,47.86,39.69,14.73,20.48,18.43,51.82,120.09,50.9,0.059,1,0,0,0,0,0,0,0,1
2020-01-31 13:00:00,-0.19999999999999996,0.19999999999999996,-0.09090909090909088,1.0,-1.0,-1.0,2.0,2.0,780,5.0,120.167,120.24,120.145,120.211,3494.0,13.0,55.42,0.119,0.045,0.057,120.395,119.893,47.86,39.69,14.73,20.48,18.43,51.82,120.09,50.9,0.059,1,0,0,0,0,0,0,0,1
2020-01-31 13:00:00,-0.19999999999999996,0.19999999999999996,-0.08695652173913042,1.0,-1.0,-1.0,2.0,2.0,780,5.0,120.167,120.24,120.145,120.211,3494.0,13.0,55.42,0.119,0.045,0.057,120.395,119.893,47.86,39.69,14.73,20.48,18.43,51.82,120.09,50.9,0.059,0,1,0,0,0,0,0,0,1
2020-02-03 12:00:00,0.10000000000000142,0.10000000000000142,0.0020491803278688816,1.0,1.0,1.0,1.0,2.0,720,1.0,120.141,120.152,119.957,119.963,3565.0,12.0,38.2,0.14,-0.007,0.021,120.351,120.027,15.67,29.57,20.52,8.84,21.15,43.97,120.129,38.46,0.084,1,0,0,0,0,0,0,0,1
2020-02-04 13:00:00,1.1,1.1,0.3928571428571429,1.0,1.0,1.0,1.0,1.0,780,2.0,120.48,120.561,120.478,120.519,2469.0,13.0,62.23,0.138,0.094,0.05,120.586,119.974,66.22,74.81,33.92,23.64,11.13,60.98,120.179,59.32,0.082,0,1,0,0,0,0,0,0,1
2020-02-04 13:00:00,-0.3,0.3,-0.23076923076923075,1.0,-1.0,-1.0,2.0,1.0,780,2.0,120.48,120.561,120.478,120.519,2469.0,13.0,62.23,0.138,0.094,0.05,120.586,119.974,66.22,74.81,33.92,23.64,11.13,60.98,120.179,59.32,0.082,0,1,0,0,0,0,0,0,1
2020-02-05 12:00:00,0.3999999999999986,0.3999999999999986,0.007707129094412304,1.0,1.0,1.0,1.0,2.0,720,3.0,120.947,120.969,120.829,120.848,3898.0,12.0,56.92,0.131,0.092,0.108,121.002,120.67,54.44,50.78,26.2,13.05,19.22,63.34,120.396,57.94,0.103,1,0,0,0,0,0,0,0,1
2020-02-05 12:00:00,0.29999999999999716,0.29999999999999716,0.005639097744360848,1.0,1.0,1.0,1.0,2.0,720,3.0,120.947,120.969,120.829,120.848,3898.0,12.0,56.92,0.131,0.092,0.108,121.002,120.67,54.44,50.78,26.2,13.05,19.22,63.34,120.396,57.94,0.103,1,0,0,0,0,0,0,0,1
2020-02-05 13:00:00,-0.9000000000000001,0.9000000000000001,-0.28125,1.0,-1.0,-1.0,2.0,1.0,780,3.0,120.849,120.905,120.734,120.768,4783.0,13.0,52.14,0.137,0.081,0.101,120.994,120.688,41.06,50.02,27.52,11.31,24.07,63.34,120.396,46.55,0.106,0,0,0,0,0,0,1,0,1
2020-02-05 13:00:00,-1.3,1.3,-1.0,1.0,-1.0,-1.0,2.0,1.0,780,3.0,120.849,120.905,120.734,120.768,4783.0,13.0,52.14,0.137,0.081,0.101,120.994,120.688,41.06,50.02,27.52,11.31,24.07,63.34,120.396,46.55,0.106,0,0,0,0,0,0,1,0,1
2020-02-10 12:30:00,-7.499999999999999,7.499999999999999,-0.5474452554744526,1.0,-1.0,-1.0,2.0,1.0,750,1.0,120.15,120.238,120.133,120.198,3764.0,12.0,44.84,0.116,-0.063,-0.084,120.352,120.028,30.07,30.98,16.88,14.0,15.9,34.29,120.606,48.62,0.072,0,0,0,0,0,1,0,0,1
2020-02-12 13:00:00,-2.2,2.2,-2.0,1.0,-1.0,-1.0,2.0,2.0,780,3.0,120.059,120.064,119.941,119.981,2497.0,13.0,51.73,0.132,0.035,0.008,120.136,119.716,53.76,67.65,16.19,15.54,18.47,44.88,120.116,52.3,0.101,1,0,0,0,0,0,0,0,1
2020-02-12 13:00:00,-3.1999999999999997,3.1999999999999997,-1.6842105263157894,1.0,-1.0,-1.0,2.0,1.0,780,3.0,120.059,120.064,119.941,119.981,2497.0,13.0,51.73,0.132,0.035,0.008,120.136,119.716,53.76,67.65,16.19,15.54,18.47,44.88,120.116,52.3,0.101,1,0,0,0,0,0,0,0,1
2020-02-14 13:00:00,1.7000000000000028,1.7000000000000028,0.07589285714285728,1.0,1.0,1.0,1.0,2.0,780,5.0,119.035,119.084,118.987,118.99,1702.0,13.0,40.56,0.113,-0.083,-0.113,119.112,118.929,57.89,69.59,26.42,15.76,14.49,35.13,119.566,54.14,0.064,0,0,0,0,0,0,0,1,1
2020-02-14 13:00:00,0.5999999999999979,0.5999999999999979,0.026548672566371584,1.0,1.0,1.0,1.0,2.0,780,5.0,119.035,119.084,118.987,118.99,1702.0,13.0,40.56,0.113,-0.083,-0.113,119.112,118.929,57.89,69.59,26.42,15.76,14.49,35.13,119.566,54.14,0.064,0,0,0,0,0,0,0,1,1
2020-02-14 13:00:00,-0.09999999999999998,0.09999999999999998,-0.04999999999999999,1.0,-1.0,-1.0,2.0,2.0,780,5.0,119.035,119.084,118.987,118.99,1702.0,13.0,40.56,0.113,-0.083,-0.113,119.112,118.929,57.89,69.59,26.42,15.76,14.49,35.13,119.566,54.14,0.064,1,0,0,0,0,0,0,0,1
2020-02-14 13:00:00,0.09999999999999998,0.09999999999999998,0.05263157894736841,1.0,1.0,1.0,1.0,1.0,780,5.0,119.035,119.084,118.987,118.99,1702.0,13.0,40.56,0.113,-0.083,-0.113,119.112,118.929,57.89,69.59,26.42,15.76,14.49,35.13,119.566,54.14,0.064,0,0,1,0,0,0,0,0,1
2020-02-14 13:00:00,0.19999999999999998,0.19999999999999998,0.1818181818181818,1.0,1.0,1.0,1.0,1.0,780,5.0,119.035,119.084,118.987,118.99,1702.0,13.0,40.56,0.113,-0.083,-0.113,119.112,118.929,57.89,69.59,26.42,15.76,14.49,35.13,119.566,54.14,0.064,0,0,1,0,0,0,0,0,1
2020-02-18 13:00:00,-19.6,19.6,-0.6322580645161291,1.0,-1.0,-1.0,2.0,2.0,780,2.0,118.791,118.876,118.748,118.763,2513.0,13.0,34.75,0.118,-0.071,-0.064,119.174,118.666,22.77,24.33,20.97,12.44,12.62,26.8,119.103,52.31,0.076,0,0,0,0,0,1,0,0,1
2020-02-19 12:00:00,-3.799999999999997,3.799999999999997,-0.10160427807486624,1.0,-1.0,-1.0,2.0,1.0,720,3.0,119.083,119.217,119.069,119.154,2494.0,12.0,71.15,0.114,0.06,-0.003,119.115,118.453,90.0,85.8,30.26,35.69,11.47,59.48,118.955,70.5,0.075,0,0,0,0,0,0,0,1,1
2020-02-19 12:00:00,8.800000000000004,8.800000000000004,0.20276497695852544,1.0,1.0,1.0,1.0,1.0,720,3.0,119.083,119.217,119.069,119.154,2494.0,12.0,71.15,0.114,0.06,-0.003,119.115,118.453,90.0,85.8,30.26,35.69,11.47,59.48,118.955,70.5,0.075,0,0,0,0,0,0,0,1,1
2020-02-19 13:00:00,-3.3000000000000003,3.3000000000000003,-2.7500000000000004,1.0,-1.0,-1.0,2.0,1.0,780,3.0,119.155,119.197,119.059,119.182,2624.0,13.0,72.23,0.12,0.078,0.011,119.175,118.427,90.0,90.03,32.6,30.93,10.91,59.48,118.955,65.27,0.079,1,0,0,0,0,0,0,0,1
2020-02-19 13:00:00,-5.1,5.1,-2.125,1.0,-1.0,-1.0,2.0,1.0,780,3.0,119.155,119.197,119.059,119.182,2624.0,13.0,72.23,0.12,0.078,0.011,119.175,118.427,90.0,90.03,32.6,30.93,10.91,59.48,118.955,65.27,0.079,1,0,0,0,0,0,0,0,1
2020-02-20 18:00:00,1.4000000000000004,1.4000000000000004,0.15555555555555559,1.0,1.0,1.0,1.0,1.0,1080,4.0,121.093,121.119,120.51,120.778,7639.0,18.0,59.69,0.261,0.365,0.368,121.292,119.846,53.91,67.17,65.69,31.66,15.14,74.41,119.391,51.95,0.137,0,0,0,0,0,1,0,0,1
2020-02-21 12:00:00,0.20000000000000284,0.20000000000000284,0.0038167938931298255,1.0,1.0,1.0,1.0,2.0,720,5.0,120.753,120.802,120.663,120.742,3145.0,12.0,51.03,0.158,0.074,0.134,121.048,120.674,74.64,63.43,33.6,10.53,32.14,71.27,119.77,45.08,0.131,1,0,0,0,0,0,0,0,1
2020-02-21 12:00:00,0.3999999999999986,0.3999999999999986,0.007490636704119823,1.0,1.0,1.0,1.0,2.0,720,5.0,120.753,120.802,120.663,120.742,3145.0,12.0,51.03,0.158,0.074,0.134,121.048,120.674,74.64,63.43,33.6,10.53,32.14,71.27,119.77,45.08,0.131,1,0,0,0,0,0,0,0,1
2020-02-21 13:00:00,0.19999999999999996,0.19999999999999996,0.09523809523809522,1.0,1.0,1.0,1.0,1.0,780,5.0,120.742,120.919,120.684,120.905,2477.0,13.0,57.25,0.166,0.077,0.121,121.007,120.696,80.85,72.47,32.82,15.77,27.85,71.27,119.77,46.43,0.127,0,1,0,0,0,0,0,0,1
2020-02-21 13:00:00,-0.30000000000000004,0.30000000000000004,-0.17647058823529416,1.0,-1.0,-1.0,2.0,1.0,780,5.0,120.742,120.919,120.684,120.905,2477.0,13.0,57.25,0.166,0.077,0.121,121.007,120.696,80.85,72.47,32.82,15.77,27.85,71.27,119.77,46.43,0.127,0,1,0,0,0,0,0,0,1
2020-02-27 12:00:00,-0.09999999999999964,0.09999999999999964,-0.023255813953488292,1.0,-1.0,-1.0,2.0,1.0,720,4.0,120.465,120.557,120.388,120.397,5988.0,12.0,60.45,0.177,0.075,0.047,120.45,119.955,85.5,84.14,24.18,23.24,10.82,58.84,120.265,72.09,0.106,0,0,0,1,0,0,0,0,1
2020-02-27 12:00:00,0.09999999999999964,0.09999999999999964,0.021276595744680774,1.0,1.0,1.0,1.0,1.0,720,4.0,120.465,120.557,120.388,120.397,5988.0,12.0,60.45,0.177,0.075,0.047,120.45,119.955,85.5,84.14,24.18,23.24,10.82,58.84,120.265,72.09,0.106,0,0,0,1,0,0,0,0,1
2020-02-27 13:00:00,-1.6999999999999993,1.6999999999999993,-0.0714285714285714,1.0,-1.0,-1.0,2.0,3.0,780,4.0,120.397,120.454,120.31,120.347,5915.0,13.0,57.52,0.179,0.076,0.049,120.466,119.959,73.39,82.85,22.24,20.14,16.6,58.84,120.265,56.99,0.112,0,0,0,0,0,1,0,0,1
2020-02-27 13:00:00,1.9999999999999998,1.9999999999999998,0.7142857142857143,1.0,1.0,1.0,1.0,1.0,780,4.0,120.397,120.454,120.31,120.347,5915.0,13.0,57.52,0.179,0.076,0.049,120.466,119.959,73.39,82.85,22.24,20.14,16.6,58.84,120.265,56.99,0.112,0,0,0,0,0,1,0,0,1
2020-02-27 13:00:00,-0.4000000000000057,0.4000000000000057,-0.003813155386082037,1.0,-1.0,-1.0,2.0,2.0,780,4.0,120.397,120.454,120.31,120.347,5915.0,13.0,57.52,0.179,0.076,0.049,120.466,119.959,73.39,82.85,22.24,20.14,16.6,58.84,120.265,56.99,0.112,0,0,0,0,0,1,0,0,1
2020-02-27 13:00:00,1.7000000000000002,1.7000000000000002,0.19318181818181818,1.0,1.0,1.0,1.0,1.0,780,4.0,120.397,120.454,120.31,120.347,5915.0,13.0,57.52,0.179,0.076,0.049,120.466,119.959,73.39,82.85,22.24,20.14,16.6,58.84,120.265,56.99,0.112,0,0,0,0,0,1,0,0,1
2020-02-27 13:00:00,0.3999999999999986,0.3999999999999986,0.03389830508474564,1.0,1.0,1.0,1.0,1.0,780,4.0,120.397,120.454,120.31,120.347,5915.0,13.0,57.52,0.179,0.076,0.049,120.466,119.959,73.39,82.85,22.24,20.14,16.6,58.84,120.265,56.99,0.112,0,0,0,0,0,1,0,0,1
2020-02-27 13:00:00,0.19999999999999998,0.19999999999999998,0.16129032258064516,1.0,1.0,1.0,1.0,1.0,780,4.0,120.397,120.454,120.31,120.347,5915.0,13.0,57.52,0.179,0.076,0.049,120.466,119.959,73.39,82.85,22.24,20.14,16.6,58.84,120.265,56.99,0.112,0,0,0,0,1,0,0,0,1
2020-03-02 12:00:00,0.10000000000000142,0.10000000000000142,0.0019960079840319646,1.0,1.0,1.0,1.0,2.0,720,1.0,119.479,119.592,119.399,119.407,6331.0,12.0,48.04,0.394,-0.007,-0.081,119.997,118.493,21.04,39.47,21.21,20.09,21.51,48.35,119.93,44.44,0.207,1,0,0,0,0,0,0,0,1
2020-03-03 13:00:00,-0.10000000000000009,0.10000000000000009,-0.04347826086956526,1.0,-1.0,-1.0,2.0,3.0,780,2.0,120.018,120.021,119.85,119.949,5307.0,13.0,45.71,0.273,0.036,0.125,120.87,119.837,44.29,44.58,30.34,7.58,23.9,47.07,120.003,41.18,0.146,0,1,0,0,0,0,0,0,1
2020-03-03 13:00:00,0.30000000000000004,0.30000000000000004,0.27272727272727276,1.0,1.0,1.0,1.0,2.0,780,2.0,120.018,120.021,119.85,119.949,5307.0,13.0,45.71,0.273,0.036,0.125,120.87,119.837,44.29,44.58,30.34,7.58,23.9,47.07,120.003,41.18,0.146,0,1,0,0,0,0,0,0,1
2020-03-03 13:00:00,0.09999999999999987,0.09999999999999987,0.047619047619047554,1.0,1.0,1.0,1.0,2.0,780,2.0,120.018,120.021,119.85,119.949,5307.0,13.0,45.71,0.273,0.036,0.125,120.87,119.837,44.29,44.58,30.34,7.58,23.9,47.07,120.003,41.18,0.146,0,1,0,0,0,0,0,0,1
2020-03-03 13:00:00,-17.200000000000003,17.200000000000003,-0.924731182795699,1.0,-1.0,-1.0,2.0,1.0,780,2.0,120.018,120.021,119.85,119.949,5307.0,13.0,45.71,0.273,0.036,0.125,120.87,119.837,44.29,44.58,30.34,7.58,23.9,47.07,120.003,41.18,0.146,0,1,0,0,0,0,0,0,1
2020-03-03 13:00:00,0.2,0.2,0.16666666666666669,1.0,1.0,1.0,1.0,1.0,780,2.0,120.018,120.021,119.85,119.949,5307.0,13.0,45.71,0.273,0.036,0.125,120.87,119.837,44.29,44.58,30.34,7.58,23.9,47.07,120.003,41.18,0.146,0,1,0,0,0,0,0,0,1
2020-03-03 13:00:00,-0.2,0.2,-0.15384615384615385,1.0,-1.0,-1.0,2.0,1.0,780,2.0,120.018,120.021,119.85,119.949,5307.0,13.0,45.71,0.273,0.036,0.125,120.87,119.837,44.29,44.58,30.34,7.58,23.9,47.07,120.003,41.18,0.146,0,1,0,0,0,0,0,0,1
2020-03-03 13:00:00,-1.2999999999999998,1.2999999999999998,-0.4814814814814814,1.0,-1.0,-1.0,2.0,1.0,780,2.0,120.018,120.021,119.85,119.949,5307.0,13.0,45.71,0.273,0.036,0.125,120.87,119.837,44.29,44.58,30.34,7.58,23.9,47.07,120.003,41.18,0.146,0,1,0,0,0,0,0,0,1
2020-03-03 13:00:00,-0.09999999999999964,0.09999999999999964,-0.0117647058823529,1.0,1.0,1.0,1.0,2.0,780,2.0,120.018,120.021,119.85,119.949,5307.0,13.0,45.71,0.273,0.036,0.125,120.87,119.837,44.29,44.58,30.34,7.58,23.9,47.07,120.003,41.18,0.146,0,0,1,0,0,0,0,0,1
2020-03-04 12:00:00,-0.19999999999999574,0.19999999999999574,-0.0037174721189590287,1.0,-1.0,-1.0,2.0,2.0,720,3.0,119.843,120.078,119.709,119.722,6921.0,12.0,44.34,0.235,-0.039,-0.05,120.088,119.577,21.31,39.17,13.7,16.54,15.49,43.63,119.868,53.22,0.145,1,0,0,0,0,0,0,0,1
2020-03-04 13:00:00,-0.40000000000000013,0.40000000000000013,-0.12903225806451618,1.0,-1.0,-1.0,2.0,1.0,780,3.0,119.722,119.971,119.717,119.82,4388.0,13.0,48.0,0.233,-0.038,-0.046,119.994,119.631,16.94,27.68,12.31,14.34,13.42,43.63,119.868,47.3,0.153,0,0,0,0,0,0,1,0,1
2020-03-04 13:00:00,0.5,0.5,0.45454545454545453,1.0,1.0,1.0,1.0,1.0,780,3.0,119.722,119.971,119.717,119.82,4388.0,13.0,48.0,0.233,-0.038,-0.046,119.994,119.631,16.94,27.68,12.31,14.34,13.42,43.63,119.868,47.3,0.153,0,0,0,0,0,0,1,0,1
2020-03-09 12:30:00,-21.5,21.5,-3.9814814814814814,1.0,-1.0,-1.0,2.0,1.0,750,1.0,116.776,117.011,116.679,116.925,9987.0,12.0,34.26,0.652,-0.605,-0.56,119.932,115.883,37.69,44.11,48.46,6.17,14.57,21.75,118.984,42.58,0.291,0,0,0,0,0,1,0,0,1
2020-03-10 13:00:00,0.10000000000000009,0.10000000000000009,0.050000000000000044,1.0,1.0,1.0,1.0,1.0,780,2.0,119.136,119.136,118.771,118.894,9333.0,13.0,64.09,0.523,0.357,0.212,119.353,116.488,69.3,59.72,37.42,27.11,9.68,53.42,118.562,59.69,0.262,0,0,1,0,0,0,0,0,1
2020-03-10 13:00:00,0.09999999999999998,0.09999999999999998,0.05263157894736841,1.0,1.0,1.0,1.0,2.0,780,2.0,119.136,119.136,118.771,118.894,9333.0,13.0,64.09,0.523,0.357,0.212,119.353,116.488,69.3,59.72,37.42,27.11,9.68,53.42,118.562,59.69,0.262,1,0,0,0,0,0,0,0,1
2020-03-12 13:00:00,2.3,2.3,2.3,1.0,1.0,1.0,1.0,2.0,780,4.0,116.657,116.682,116.304,116.555,6324.0,13.0,33.06,0.445,-0.42,-0.36,118.466,116.388,22.88,28.29,44.22,8.23,32.38,45.69,117.896,37.12,0.219,1,0,0,0,0,0,0,0,1
2020-03-12 13:00:00,0.20000000000000018,0.20000000000000018,0.06451612903225812,1.0,1.0,1.0,1.0,1.0,780,4.0,116.657,116.682,116.304,116.555,6324.0,13.0,33.06,0.445,-0.42,-0.36,118.466,116.388,22.88,28.29,44.22,8.23,32.38,45.69,117.896,37.12,0.219,1,0,0,0,0,0,0,0,1
2020-03-17 13:00:00,-0.7000000000000002,0.7000000000000002,-0.17500000000000004,1.0,-1.0,-1.0,2.0,2.0,780,2.0,118.027,118.1,117.494,117.561,17214.0,13.0,35.92,0.499,-0.078,0.089,119.466,117.694,7.92,16.28,28.85,9.44,32.12,43.12,118.178,29.24,0.272,0,0,1,0,0,0,0,0,1
2020-03-17 13:00:00,-84.9,84.9,-2.3324175824175826,1.0,-1.0,-1.0,2.0,2.0,780,2.0,118.027,118.1,117.494,117.561,17214.0,13.0,35.92,0.499,-0.078,0.089,119.466,117.694,7.92,16.28,28.85,9.44,32.12,43.12,118.178,29.24,0.272,0,0,0,0,0,1,0,0,1
2020-03-17 13:00:00,-0.6000000000000001,0.6000000000000001,-0.15000000000000002,1.0,-1.0,-1.0,2.0,1.0,780,2.0,118.027,118.1,117.494,117.561,17214.0,13.0,35.92,0.499,-0.078,0.089,119.466,117.694,7.92,16.28,28.85,9.44,32.12,43.12,118.178,29.24,0.272,0,0,0,0,1,0,0,0,1
2020-03-18 13:00:00,-4.699999999999999,4.699999999999999,-0.20434782608695648,1.0,-1.0,-1.0,2.0,2.0,780,3.0,118.07,118.096,117.746,117.773,15829.0,13.0,41.76,0.329,-0.105,-0.081,118.591,117.696,37.93,45.25,22.99,12.53,20.97,45.43,118.335,44.65,0.218,0,0,0,0,0,0,0,1,1
2020-03-18 13:00:00,-2.5999999999999996,2.5999999999999996,-0.5306122448979591,1.0,-1.0,-1.0,2.0,2.0,780,3.0,118.07,118.096,117.746,117.773,15829.0,13.0,41.76,0.329,-0.105,-0.081,118.591,117.696,37.93,45.25,22.99,12.53,20.97,45.43,118.335,44.65,0.218,0,0,0,0,0,0,0,1,1
2020-03-18 13:00:00,-0.2999999999999998,0.2999999999999998,-0.12499999999999993,1.0,-1.0,-1.0,2.0,1.0,780,3.0,118.07,118.096,117.746,117.773,15829.0,13.0,41.76,0.329,-0.105,-0.081,118.591,117.696,37.93,45.25,22.99,12.53,20.97,45.43,118.335,44.65,0.218,0,1,0,0,0,0,0,0,1
2020-03-18 13:00:00,-0.09999999999999987,0.09999999999999987,-0.041666666666666616,1.0,-1.0,-1.0,2.0,1.0,780,3.0,118.07,118.096,117.746,117.773,15829.0,13.0,41.76,0.329,-0.105,-0.081,118.591,117.696,37.93,45.25,22.99,12.53,20.97,45.43,118.335,44.65,0.218,0,1,0,0,0,0,0,0,1
2020-03-19 13:00:00,3.3000000000000003,3.3000000000000003,2.5384615384615388,1.0,1.0,1.0,1.0,1.0,780,4.0,118.049,118.32,117.898,118.137,15235.0,13.0,48.06,0.527,0.057,0.156,119.22,117.225,19.3,13.86,23.31,15.8,14.34,55.03,118.402,46.26,0.312,1,0,0,0,0,0,0,0,1
2020-03-19 13:00:00,4.7,4.7,2.0434782608695654,1.0,1.0,1.0,1.0,1.0,780,4.0,118.049,118.32,117.898,118.137,15235.0,13.0,48.06,0.527,0.057,0.156,119.22,117.225,19.3,13.86,23.31,15.8,14.34,55.03,118.402,46.26,0.312,1,0,0,0,0,0,0,0,1
2020-03-20 12:00:00,-11.8,11.8,-0.5488372093023256,1.0,-1.0,-1.0,2.0,1.0,720,5.0,118.202,118.291,117.922,118.074,19347.0,12.0,45.76,0.38,0.009,0.03,118.733,117.718,46.59,61.88,16.33,13.09,12.96,53.49,118.258,44.85,0.222,0,0,0,0,0,0,0,1,1
2020-03-20 12:00:00,-0.7999999999999972,0.7999999999999972,-0.021917808219178006,1.0,-1.0,-1.0,2.0,1.0,720,5.0,118.202,118.291,117.922,118.074,19347.0,12.0,45.76,0.38,0.009,0.03,118.733,117.718,46.59,61.88,16.33,13.09,12.96,53.49,118.258,44.85,0.222,0,0,0,0,0,0,0,1,1
2020-03-23 18:00:00,-5.1,5.1,-0.6799999999999999,1.0,-1.0,-1.0,2.0,1.0,1080,1.0,119.797,119.934,119.521,119.565,20434.0,18.0,67.4,0.409,0.303,0.063,119.69,117.301,88.66,91.21,47.9,30.88,4.19,61.68,118.34,75.69,0.275,0,0,0,0,0,1,0,0,1
2020-03-24 12:00:00,-20.5,20.5,-0.38752362948960306,1.0,-1.0,-1.0,2.0,2.0,720,2.0,119.848,120.249,119.762,120.22,8108.0,12.0,71.88,0.379,0.285,0.203,120.082,118.814,86.53,83.26,22.71,21.08,9.89,64.62,118.631,63.85,0.256,1,0,0,0,0,0,0,0,1
2020-03-24 12:00:00,-5.100000000000001,5.100000000000001,-0.100196463654224,1.0,-1.0,-1.0,2.0,2.0,720,2.0,119.848,120.249,119.762,120.22,8108.0,12.0,71.88,0.379,0.285,0.203,120.082,118.814,86.53,83.26,22.71,21.08,9.89,64.62,118.631,63.85,0.256,1,0,0,0,0,0,0,0,1
2020-03-24 12:00:00,-24.0,24.0,-0.449438202247191,1.0,-1.0,-1.0,2.0,2.0,720,2.0,119.848,120.249,119.762,120.22,8108.0,12.0,71.88,0.379,0.285,0.203,120.082,118.814,86.53,83.26,22.71,21.08,9.89,64.62,118.631,63.85,0.256,1,0,0,0,0,0,0,0,1
2020-03-26 12:00:00,0.10000000000000009,0.10000000000000009,0.025641025641025664,1.0,1.0,1.0,1.0,1.0,720,4.0,120.457,120.538,120.198,120.464,8750.0,12.0,46.76,0.316,0.032,0.118,121.107,120.395,33.06,25.63,22.98,11.94,20.84,57.44,119.7,44.46,0.18,0,0,0,1,0,0,0,0,1
2020-03-26 12:00:00,0.5,0.5,0.08333333333333333,1.0,1.0,1.0,1.0,1.0,720,4.0,120.457,120.538,120.198,120.464,8750.0,12.0,46.76,0.316,0.032,0.118,121.107,120.395,33.06,25.63,22.98,11.94,20.84,57.44,119.7,44.46,0.18,0,0,0,1,0,0,0,0,1
2020-03-26 12:00:00,-0.09999999999999964,0.09999999999999964,-0.02083333333333326,1.0,-1.0,-1.0,2.0,1.0,720,4.0,120.457,120.538,120.198,120.464,8750.0,12.0,46.76,0.316,0.032,0.118,121.107,120.395,33.06,25.63,22.98,11.94,20.84,57.44,119.7,44.46,0.18,0,0,0,1,0,0,0,0,1
2020-03-30 12:00:00,-12.8,12.8,-1.103448275862069,1.0,-1.0,-1.0,2.0,1.0,720,1.0,119.372,119.41,119.106,119.369,8020.0,12.0,44.67,0.38,-0.148,-0.195,120.216,118.837,56.75,72.07,19.69,19.21,25.28,44.77,120.113,43.88,0.203,0,0,0,0,0,1,0,0,1
2020-03-30 12:00:00,-0.23000000000000004,0.23000000000000004,-0.21904761904761907,1.0,-1.0,-1.0,2.0,1.0,720,1.0,119.372,119.41,119.106,119.369,8020.0,12.0,44.67,0.38,-0.148,-0.195,120.216,118.837,56.75,72.07,19.69,19.21,25.28,44.77,120.113,43.88,0.203,0,0,0,0,1,0,0,0,1
2020-03-30 12:00:00,-5.300000000000001,5.300000000000001,-0.8153846153846155,1.0,-1.0,-1.0,2.0,1.0,720,1.0,119.372,119.41,119.106,119.369,8020.0,12.0,44.67,0.38,-0.148,-0.195,120.216,118.837,56.75,72.07,19.69,19.21,25.28,44.77,120.113,43.88,0.203,0,0,0,0,0,1,0,0,1
2020-03-30 12:00:00,-9.599999999999994,9.599999999999994,-0.09134157944814457,1.0,-1.0,-1.0,2.0,2.0,720,1.0,119.372,119.41,119.106,119.369,8020.0,12.0,44.67,0.38,-0.148,-0.195,120.216,118.837,56.75,72.07,19.69,19.21,25.28,44.77,120.113,43.88,0.203,0,0,0,0,0,1,0,0,1
2020-03-30 12:00:00,-3.7,3.7,-0.925,1.0,-1.0,-1.0,2.0,1.0,720,1.0,119.372,119.41,119.106,119.369,8020.0,12.0,44.67,0.38,-0.148,-0.195,120.216,118.837,56.75,72.07,19.69,19.21,25.28,44.77,120.113,43.88,0.203,0,0,0,0,0,1,0,0,1
2020-03-30 12:00:00,0.5,0.5,0.02127659574468085,1.0,1.0,1.0,1.0,3.0,720,1.0,119.372,119.41,119.106,119.369,8020.0,12.0,44.67,0.38,-0.148,-0.195,120.216,118.837,56.75,72.07,19.69,19.21,25.28,44.77,120.113,43.88,0.203,0,0,0,0,0,1,0,0,1
2020-03-31 12:00:00,-0.5,0.5,-0.22727272727272727,1.0,-1.0,-1.0,2.0,3.0,720,2.0,119.137,119.152,118.907,119.052,6374.0,12.0,41.86,0.254,-0.06,-0.035,119.602,118.815,22.77,19.63,21.27,12.39,27.77,42.88,119.842,34.6,0.135,0,1,0,0,0,0,0,0,1
2020-03-31 12:00:00,0.19999999999999996,0.19999999999999996,0.09999999999999998,1.0,1.0,1.0,1.0,1.0,720,2.0,119.137,119.152,118.907,119.052,6374.0,12.0,41.86,0.254,-0.06,-0.035,119.602,118.815,22.77,19.63,21.27,12.39,27.77,42.88,119.842,34.6,0.135,0,1,0,0,0,0,0,0,1
2020-03-31 12:00:00,2.5,2.5,1.0,1.0,1.0,1.0,1.0,1.0,720,2.0,119.137,119.152,118.907,119.052,6374.0,12.0,41.86,0.254,-0.06,-0.035,119.602,118.815,22.77,19.63,21.27,12.39,27.77,42.88,119.842,34.6,0.135,0,1,0,0,0,0,0,0,1
2020-03-31 12:00:00,8.9,8.9,1.0113636363636362,1.0,1.0,1.0,1.0,1.0,720,2.0,119.137,119.152,118.907,119.052,6374.0,12.0,41.86,0.254,-0.06,-0.035,119.602,118.815,22.77,19.63,21.27,12.39,27.77,42.88,119.842,34.6,0.135,0,1,0,0,0,0,0,0,1
2020-03-31 12:00:00,0.9,0.9,0.6428571428571429,1.0,1.0,1.0,1.0,2.0,720,2.0,119.137,119.152,118.907,119.052,6374.0,12.0,41.86,0.254,-0.06,-0.035,119.602,118.815,22.77,19.63,21.27,12.39,27.77,42.88,119.842,34.6,0.135,0,1,0,0,0,0,0,0,1
2020-04-01 11:00:00,-0.29999999999999716,0.29999999999999716,-0.006550218340611292,1.0,-1.0,-1.0,2.0,2.0,660,3.0,117.965,118.055,117.709,117.75,7957.0,11.0,26.85,0.256,-0.234,-0.156,119.003,117.95,4.21,12.41,30.14,10.26,34.92,34.75,119.359,24.02,0.15,1,0,0,0,0,0,0,0,1
2020-04-01 12:00:00,-0.10000000000000053,0.10000000000000053,-0.011904761904761968,1.0,1.0,1.0,1.0,2.0,720,3.0,117.75,117.767,117.463,117.643,7089.0,12.0,25.38,0.265,-0.274,-0.167,119.069,117.794,7.03,5.53,34.71,8.89,41.05,32.13,119.235,16.31,0.169,0,0,1,0,0,0,0,0,1
2020-04-02 12:00:00,-1.6,1.6,-1.2307692307692308,1.0,-1.0,-1.0,2.0,1.0,720,4.0,117.167,117.369,117.126,117.326,5044.0,12.0,41.98,0.213,-0.165,-0.183,117.725,116.934,21.43,13.73,23.03,12.31,22.8,30.76,118.532,35.97,0.13,0,1,0,0,0,0,0,0,1
2020-04-02 12:00:00,-0.8,0.8,-0.6666666666666667,1.0,-1.0,-1.0,2.0,1.0,720,4.0,117.167,117.369,117.126,117.326,5044.0,12.0,41.98,0.213,-0.165,-0.183,117.725,116.934,21.43,13.73,23.03,12.31,22.8,30.76,118.532,35.97,0.13,0,1,0,0,0,0,0,0,1
2020-04-03 11:00:00,-1.6999999999999993,1.6999999999999993,-0.05246913580246912,1.0,-1.0,-1.0,2.0,2.0,660,5.0,116.769,116.947,116.741,116.902,6371.0,11.0,42.57,0.205,-0.105,-0.085,117.429,116.648,22.68,23.7,29.59,7.62,23.92,35.95,118.0,41.75,0.13,1,0,0,0,0,0,0,0,1
2020-04-03 11:00:00,-2.0,2.0,-0.06802721088435375,1.0,-1.0,-1.0,2.0,2.0,660,5.0,116.769,116.947,116.741,116.902,6371.0,11.0,42.57,0.205,-0.105,-0.085,117.429,116.648,22.68,23.7,29.59,7.62,23.92,35.95,118.0,41.75,0.13,1,0,0,0,0,0,0,0,1
2020-04-03 12:00:00,1.3,1.3,0.9285714285714287,1.0,1.0,1.0,1.0,1.0,720,5.0,116.902,117.296,116.89,117.276,6276.0,12.0,53.86,0.215,-0.076,-0.083,117.356,116.809,53.05,31.61,26.56,18.06,20.73,37.83,117.907,54.86,0.137,0,0,0,0,0,0,1,0,1
2020-04-03 12:00:00,1.0,1.0,0.3333333333333333,1.0,1.0,1.0,1.0,1.0,720,5.0,116.902,117.296,116.89,117.276,6276.0,12.0,53.86,0.215,-0.076,-0.083,117.356,116.809,53.05,31.61,26.56,18.06,20.73,37.83,117.907,54.86,0.137,0,0,0,0,0,0,1,0,1
2020-04-06 11:30:00,-14.7,14.7,-0.5034246575342466,1.0,-1.0,-1.0,2.0,1.0,690,1.0,118.103,118.111,117.744,117.843,6061.0,11.0,60.91,0.268,0.223,0.169,118.235,116.745,52.76,66.38,53.56,26.22,11.29,50.68,117.568,58.57,0.127,0,0,0,0,0,1,0,0,1
2020-04-16 12:00:00,-0.2,0.2,-0.18181818181818182,1.0,-1.0,-1.0,2.0,2.0,720,4.0,117.266,117.289,117.04,117.109,4231.0,12.0,41.45,0.178,-0.035,-0.031,117.477,117.052,25.23,28.69,21.38,10.98,19.55,39.79,117.619,41.75,0.109,1,0,0,0,0,0,0,0,1
2020-04-16 12:00:00,0.6000000000000001,0.6000000000000001,0.17142857142857146,1.0,1.0,1.0,1.0,1.0,720,4.0,117.266,117.289,117.04,117.109,4231.0,12.0,41.45,0.178,-0.035,-0.031,117.477,117.052,25.23,28.69,21.38,10.98,19.55,39.79,117.619,41.75,0.109,1,0,0,0,0,0,0,0,1
2020-04-17 12:00:00,-0.3999999999999999,0.3999999999999999,-0.19047619047619044,1.0,-1.0,-1.0,2.0,1.0,720,5.0,116.704,116.736,116.635,116.694,4040.0,12.0,34.98,0.183,-0.089,-0.041,117.359,116.515,13.49,15.39,33.49,9.16,31.57,38.2,117.291,32.2,0.099,1,0,0,0,0,0,0,0,1
2020-04-17 12:00:00,-2.0,2.0,-0.9523809523809523,1.0,-1.0,-1.0,2.0,1.0,720,5.0,116.704,116.736,116.635,116.694,4040.0,12.0,34.98,0.183,-0.089,-0.041,117.359,116.515,13.49,15.39,33.49,9.16,31.57,38.2,117.291,32.2,0.099,1,0,0,0,0,0,0,0,1
2020-04-17 12:00:00,-0.4,0.4,-0.2105263157894737,1.0,-1.0,-1.0,2.0,1.0,720,5.0,116.704,116.736,116.635,116.694,4040.0,12.0,34.98,0.183,-0.089,-0.041,117.359,116.515,13.49,15.39,33.49,9.16,31.57,38.2,117.291,32.2,0.099,0,1,0,0,0,0,0,0,1
2020-04-17 12:00:00,-0.6000000000000001,0.6000000000000001,-0.26086956521739135,1.0,-1.0,-1.0,2.0,1.0,720,5.0,116.704,116.736,116.635,116.694,4040.0,12.0,34.98,0.183,-0.089,-0.041,117.359,116.515,13.49,15.39,33.49,9.16,31.57,38.2,117.291,32.2,0.099,0,1,0,0,0,0,0,0,1
2020-04-20 11:00:00,14.399999999999999,14.399999999999999,0.7058823529411764,1.0,1.0,1.0,1.0,1.0,660,1.0,117.044,117.186,116.998,117.149,3529.0,11.0,56.3,0.146,0.041,0.03,117.23,116.809,49.62,46.52,18.68,16.26,12.66,47.64,117.184,45.94,0.077,0,0,0,0,0,0,0,1,1
2020-04-20 11:00:00,4.0,4.0,0.1075268817204301,1.0,1.0,1.0,1.0,1.0,660,1.0,117.044,117.186,116.998,117.149,3529.0,11.0,56.3,0.146,0.041,0.03,117.23,116.809,49.62,46.52,18.68,16.26,12.66,47.64,117.184,45.94,0.077,0,0,0,0,0,0,0,1,1
2020-04-20 12:00:00,4.699999999999999,4.699999999999999,0.21266968325791852,1.0,1.0,1.0,1.0,2.0,720,1.0,117.149,117.281,117.123,117.145,3436.0,12.0,56.06,0.151,0.044,0.035,117.235,116.834,52.37,45.41,20.68,22.11,10.97,45.37,117.152,64.73,0.084,0,0,0,0,0,0,0,1,1
2020-04-20 12:00:00,3.0,3.0,0.14285714285714285,1.0,1.0,1.0,1.0,2.0,720,1.0,117.149,117.281,117.123,117.145,3436.0,12.0,56.06,0.151,0.044,0.035,117.235,116.834,52.37,45.41,20.68,22.11,10.97,45.37,117.152,64.73,0.084,0,0,0,0,0,0,0,1,1
2020-04-21 12:00:00,21.5,21.5,4.574468085106383,1.0,1.0,1.0,1.0,2.0,720,2.0,116.33,116.478,116.28,116.358,4916.0,12.0,29.55,0.19,-0.179,-0.118,117.324,116.201,27.8,24.74,46.72,9.26,25.43,37.29,116.966,37.7,0.094,0,0,0,0,0,1,0,0,1
2020-04-22 17:00:00,-11.2,11.2,-0.8959999999999999,1.0,-1.0,-1.0,2.0,1.0,1020,3.0,117.025,117.063,116.683,116.738,4719.0,17.0,43.08,0.177,0.031,0.03,117.132,116.722,40.73,62.65,25.74,21.17,17.82,43.13,116.887,46.59,0.099,0,0,0,0,0,1,0,0,1
2020-04-23 11:00:00,-0.09999999999999964,0.09999999999999964,-0.006849315068493127,1.0,-1.0,-1.0,2.0,2.0,660,4.0,116.192,116.252,116.101,116.201,4034.0,11.0,32.78,0.153,-0.113,-0.087,116.911,116.219,17.88,38.46,19.78,20.78,21.72,36.92,116.8,23.6,0.119,1,0,0,0,0,0,0,0,1
2020-04-23 11:00:00,-8.299999999999997,8.299999999999997,-0.19347319347319342,1.0,-1.0,-1.0,2.0,2.0,660,4.0,116.192,116.252,116.101,116.201,4034.0,11.0,32.78,0.153,-0.113,-0.087,116.911,116.219,17.88,38.46,19.78,20.78,21.72,36.92,116.8,23.6,0.119,1,0,0,0,0,0,0,0,1
2020-04-23 11:00:00,-31.599999999999998,31.599999999999998,-0.7133182844243793,1.0,-1.0,-1.0,2.0,2.0,660,4.0,116.192,116.252,116.101,116.201,4034.0,11.0,32.78,0.153,-0.113,-0.087,116.911,116.219,17.88,38.46,19.78,20.78,21.72,36.92,116.8,23.6,0.119,1,0,0,0,0,0,0,0,1
2020-04-29 11:00:00,2.2,2.2,0.34920634920634924,1.0,1.0,1.0,1.0,1.0,660,3.0,115.649,115.757,115.59,115.727,3124.0,11.0,47.76,0.107,-0.093,-0.123,115.844,115.502,71.51,73.15,31.53,17.46,18.71,40.2,116.011,57.6,0.079,0,0,0,1,0,0,0,0,1
2020-04-29 11:00:00,-0.5,0.5,-0.1020408163265306,1.0,-1.0,-1.0,2.0,2.0,660,3.0,115.649,115.757,115.59,115.727,3124.0,11.0,47.76,0.107,-0.093,-0.123,115.844,115.502,71.51,73.15,31.53,17.46,18.71,40.2,116.011,57.6,0.079,0,0,0,1,0,0,0,0,1
2020-04-29 11:00:00,2.3000000000000003,2.3000000000000003,0.5609756097560977,1.0,1.0,1.0,1.0,1.0,660,3.0,115.649,115.757,115.59,115.727,3124.0,11.0,47.76,0.107,-0.093,-0.123,115.844,115.502,71.51,73.15,31.53,17.46,18.71,40.2,116.011,57.6,0.079,0,0,0,1,0,0,0,0,1
2020-04-29 11:00:00,1.4,1.4,0.30434782608695654,1.0,1.0,1.0,1.0,1.0,660,3.0,115.649,115.757,115.59,115.727,3124.0,11.0,47.76,0.107,-0.093,-0.123,115.844,115.502,71.51,73.15,31.53,17.46,18.71,40.2,116.011,57.6,0.079,0,0,0,1,0,0,0,0,1
2020-04-29 12:00:00,-1.6600000000000001,1.6600000000000001,-1.4434782608695655,1.0,-1.0,-1.0,2.0,1.0,720,3.0,115.724,115.773,115.583,115.609,2313.0,12.0,40.54,0.115,-0.09,-0.118,115.836,115.496,60.15,67.57,27.34,16.26,16.22,41.96,116.008,60.62,0.091,0,0,0,0,1,0,0,0,1
2020-04-29 12:00:00,-1.5,1.5,-0.043478260869565216,1.0,-1.0,-1.0,2.0,1.0,720,3.0,115.724,115.773,115.583,115.609,2313.0,12.0,40.54,0.115,-0.09,-0.118,115.836,115.496,60.15,67.57,27.34,16.26,16.22,41.96,116.008,60.62,0.091,0,0,0,0,0,1,0,0,1
2020-04-29 12:00:00,-23.099999999999998,23.099999999999998,-2.7831325301204815,1.0,-1.0,-1.0,2.0,1.0,720,3.0,115.724,115.773,115.583,115.609,2313.0,12.0,40.54,0.115,-0.09,-0.118,115.836,115.496,60.15,67.57,27.34,16.26,16.22,41.96,116.008,60.62,0.091,0,0,0,0,0,1,0,0,1
2020-04-29 12:00:00,-8.6,8.6,-5.0588235294117645,1.0,-1.0,-1.0,2.0,1.0,720,3.0,115.724,115.773,115.583,115.609,2313.0,12.0,40.54,0.115,-0.09,-0.118,115.836,115.496,60.15,67.57,27.34,16.26,16.22,41.96,116.008,60.62,0.091,0,0,0,0,0,1,0,0,1
2020-04-29 12:00:00,7.100000000000001,7.100000000000001,0.3086956521739131,1.0,1.0,1.0,1.0,3.0,720,3.0,115.724,115.773,115.583,115.609,2313.0,12.0,40.54,0.115,-0.09,-0.118,115.836,115.496,60.15,67.57,27.34,16.26,16.22,41.96,116.008,60.62,0.091,0,0,0,0,0,1,0,0,1
2020-04-29 12:00:00,-19.700000000000003,19.700000000000003,-0.22462941847206389,1.0,-1.0,-1.0,2.0,2.0,720,3.0,115.724,115.773,115.583,115.609,2313.0,12.0,40.54,0.115,-0.09,-0.118,115.836,115.496,60.15,67.57,27.34,16.26,16.22,41.96,116.008,60.62,0.091,0,0,0,0,0,1,0,0,1
2020-04-30 12:00:00,-0.19999999999999996,0.19999999999999996,-0.08695652173913042,1.0,-1.0,-1.0,2.0,1.0,720,4.0,116.104,116.129,115.862,115.873,2757.0,12.0,51.25,0.175,0.044,0.035,116.108,115.626,77.8,77.52,20.14,16.61,12.64,48.36,115.972,58.08,0.13,0,1,0,0,0,0,0,0,1
2020-04-30 12:00:00,1.5,1.5,0.8823529411764706,1.0,1.0,1.0,1.0,1.0,720,4.0,116.104,116.129,115.862,115.873,2757.0,12.0,51.25,0.175,0.044,0.035,116.108,115.626,77.8,77.52,20.14,16.61,12.64,48.36,115.972,58.08,0.13,0,1,0,0,0,0,0,0,1
2020-04-30 12:00:00,2.3,2.3,0.8846153846153845,1.0,1.0,1.0,1.0,1.0,720,4.0,116.104,116.129,115.862,115.873,2757.0,12.0,51.25,0.175,0.044,0.035,116.108,115.626,77.8,77.52,20.14,16.61,12.64,48.36,115.972,58.08,0.13,0,1,0,0,0,0,0,0,1
2020-04-30 12:00:00,-0.29999999999999993,0.29999999999999993,-0.17647058823529407,1.0,-1.0,-1.0,2.0,3.0,720,4.0,116.104,116.129,115.862,115.873,2757.0,12.0,51.25,0.175,0.044,0.035,116.108,115.626,77.8,77.52,20.14,16.61,12.64,48.36,115.972,58.08,0.13,0,1,0,0,0,0,0,0,1
2020-04-30 12:00:00,-4.2,4.2,-2.210526315789474,1.0,-1.0,-1.0,2.0,2.0,720,4.0,116.104,116.129,115.862,115.873,2757.0,12.0,51.25,0.175,0.044,0.035,116.108,115.626,77.8,77.52,20.14,16.61,12.64,48.36,115.972,58.08,0.13,1,0,0,0,0,0,0,0,1
2020-04-30 12:00:00,0.10000000000000053,0.10000000000000053,0.0120481927710844,1.0,-1.0,-1.0,2.0,2.0,720,4.0,116.104,116.129,115.862,115.873,2757.0,12.0,51.25,0.175,0.044,0.035,116.108,115.626,77.8,77.52,20.14,16.61,12.64,48.36,115.972,58.08,0.13,0,0,1,0,0,0,0,0,1
2020-04-30 12:00:00,-3.9,3.9,-3.545454545454545,1.0,-1.0,-1.0,2.0,2.0,720,4.0,116.104,116.129,115.862,115.873,2757.0,12.0,51.25,0.175,0.044,0.035,116.108,115.626,77.8,77.52,20.14,16.61,12.64,48.36,115.972,58.08,0.13,1,0,0,0,0,0,0,0,1
2020-04-30 12:00:00,-0.09999999999999998,0.09999999999999998,-0.04999999999999999,1.0,-1.0,-1.0,2.0,2.0,720,4.0,116.104,116.129,115.862,115.873,2757.0,12.0,51.25,0.175,0.044,0.035,116.108,115.626,77.8,77.52,20.14,16.61,12.64,48.36,115.972,58.08,0.13,0,1,0,0,0,0,0,0,1
2020-05-04 11:00:00,-0.20000000000000284,0.20000000000000284,-0.005780346820809331,1.0,-1.0,-1.0,2.0,2.0,660,1.0,116.734,116.87,116.601,116.841,3167.0,11.0,45.26,0.173,-0.087,-0.046,117.636,116.504,64.93,47.16,47.43,7.84,22.87,54.5,116.402,35.71,0.101,1,0,0,0,0,0,0,0,1
2020-05-04 11:30:00,23.900000000000006,23.900000000000006,0.35832083958020994,1.0,1.0,1.0,1.0,1.0,690,1.0,116.734,116.87,116.601,116.841,3167.0,11.0,45.26,0.173,-0.087,-0.046,117.636,116.504,64.93,47.16,47.43,7.84,22.87,54.5,116.402,35.71,0.101,0,0,0,0,0,1,0,0,1
2020-05-05 12:00:00,-1.5999999999999999,1.5999999999999999,-0.7272727272727272,1.0,-1.0,-1.0,2.0,1.0,720,2.0,115.807,115.96,115.596,115.934,4580.0,12.0,30.15,0.173,-0.184,-0.166,116.682,115.938,25.35,35.73,38.93,11.25,24.11,34.39,116.555,23.9,0.169,0,1,0,0,0,0,0,0,1
2020-05-05 12:00:00,-1.3,1.3,-1.0833333333333335,1.0,-1.0,-1.0,2.0,1.0,720,2.0,115.807,115.96,115.596,115.934,4580.0,12.0,30.15,0.173,-0.184,-0.166,116.682,115.938,25.35,35.73,38.93,11.25,24.11,34.39,116.555,23.9,0.169,0,1,0,0,0,0,0,0,1
2020-05-06 11:00:00,0.3000000000000007,0.3000000000000007,0.023622047244094547,1.0,1.0,1.0,1.0,2.0,660,3.0,115.069,115.074,114.79,114.882,3948.0,11.0,23.03,0.156,-0.257,-0.258,115.811,114.926,31.64,52.77,32.64,8.09,30.57,27.98,116.425,30.56,0.094,1,0,0,0,0,0,0,0,1
2020-05-06 11:00:00,0.09999999999999964,0.09999999999999964,0.006896551724137907,1.0,1.0,1.0,1.0,2.0,660,3.0,115.069,115.074,114.79,114.882,3948.0,11.0,23.03,0.156,-0.257,-0.258,115.811,114.926,31.64,52.77,32.64,8.09,30.57,27.98,116.425,30.56,0.094,1,0,0,0,0,0,0,0,1
2020-05-06 12:00:00,-11.5,11.5,-8.846153846153847,1.0,-1.0,-1.0,2.0,1.0,720,3.0,114.884,114.887,114.603,114.649,3163.0,12.0,19.17,0.17,-0.284,-0.259,115.77,114.837,11.83,32.45,37.2,7.01,35.27,27.17,116.378,29.57,0.111,0,0,0,0,0,0,1,0,1
2020-05-06 12:00:00,-11.2,11.2,-3.733333333333333,1.0,-1.0,-1.0,2.0,1.0,720,3.0,114.884,114.887,114.603,114.649,3163.0,12.0,19.17,0.17,-0.284,-0.259,115.77,114.837,11.83,32.45,37.2,7.01,35.27,27.17,116.378,29.57,0.111,0,0,0,0,0,0,1,0,1
2020-05-13 12:00:00,-11.4,11.4,-10.363636363636363,1.0,-1.0,-1.0,2.0,2.0,720,3.0,116.063,116.13,115.964,116.097,2628.0,12.0,41.99,0.139,-0.05,-0.007,116.612,115.999,32.4,25.35,37.18,11.21,23.69,56.29,115.926,33.31,0.093,1,0,0,0,0,0,0,0,1
2020-05-13 12:00:00,-10.2,10.2,-2.7567567567567566,1.0,-1.0,-1.0,2.0,1.0,720,3.0,116.063,116.13,115.964,116.097,2628.0,12.0,41.99,0.139,-0.05,-0.007,116.612,115.999,32.4,25.35,37.18,11.21,23.69,56.29,115.926,33.31,0.093,1,0,0,0,0,0,0,0,1
2020-05-15 12:00:00,-0.30000000000000004,0.30000000000000004,-0.27272727272727276,1.0,-1.0,-1.0,2.0,1.0,720,5.0,115.739,115.823,115.678,115.76,2341.0,12.0,48.49,0.128,0.021,0.043,116.046,115.57,39.32,37.89,28.01,6.45,14.04,48.63,115.991,48.47,0.077,0,0,1,0,0,0,0,0,1
2020-05-15 12:00:00,-0.5,0.5,-0.2777777777777778,1.0,-1.0,-1.0,2.0,1.0,720,5.0,115.739,115.823,115.678,115.76,2341.0,12.0,48.49,0.128,0.021,0.043,116.046,115.57,39.32,37.89,28.01,6.45,14.04,48.63,115.991,48.47,0.077,0,0,1,0,0,0,0,0,1
2020-05-15 12:00:00,0.09999999999999964,0.09999999999999964,0.023255813953488292,1.0,1.0,1.0,1.0,2.0,720,5.0,115.739,115.823,115.678,115.76,2341.0,12.0,48.49,0.128,0.021,0.043,116.046,115.57,39.32,37.89,28.01,6.45,14.04,48.63,115.991,48.47,0.077,1,0,0,0,0,0,0,0,1
2020-05-15 12:00:00,1.5,1.5,0.06521739130434782,1.0,1.0,1.0,1.0,2.0,720,5.0,115.739,115.823,115.678,115.76,2341.0,12.0,48.49,0.128,0.021,0.043,116.046,115.57,39.32,37.89,28.01,6.45,14.04,48.63,115.991,48.47,0.077,0,0,0,0,0,0,0,1,1
2020-05-15 12:00:00,3.6999999999999993,3.6999999999999993,0.14509803921568626,1.0,1.0,1.0,1.0,2.0,720,5.0,115.739,115.823,115.678,115.76,2341.0,12.0,48.49,0.128,0.021,0.043,116.046,115.57,39.32,37.89,28.01,6.45,14.04,48.63,115.991,48.47,0.077,0,0,0,0,0,0,0,1,1
2020-05-19 12:00:00,-15.5,15.5,-6.458333333333334,1.0,-1.0,-1.0,2.0,1.0,720,2.0,117.679,117.826,117.641,117.732,3758.0,12.0,75.31,0.173,0.323,0.301,117.7,116.728,79.62,80.32,42.11,28.22,8.3,82.56,116.207,65.75,0.146,1,0,0,0,0,0,0,0,1
2020-05-19 12:00:00,-16.0,16.0,-10.0,1.0,-1.0,-1.0,2.0,1.0,720,2.0,117.679,117.826,117.641,117.732,3758.0,12.0,75.31,0.173,0.323,0.301,117.7,116.728,79.62,80.32,42.11,28.22,8.3,82.56,116.207,65.75,0.146,1,0,0,0,0,0,0,0,1
2020-05-19 12:00:00,58.1,58.1,4.435114503816794,1.0,1.0,1.0,1.0,2.0,720,2.0,117.679,117.826,117.641,117.732,3758.0,12.0,75.31,0.173,0.323,0.301,117.7,116.728,79.62,80.32,42.11,28.22,8.3,82.56,116.207,65.75,0.146,0,0,0,0,0,1,0,0,1
2020-05-20 11:00:00,-5.199999999999996,5.199999999999996,-0.11087420042643914,1.0,-1.0,-1.0,2.0,1.0,660,3.0,117.798,117.872,117.753,117.773,3215.0,11.0,52.35,0.165,0.12,0.168,118.133,117.605,23.93,33.38,15.52,11.78,16.5,65.86,116.662,42.98,0.083,0,0,0,0,0,0,0,1,1
2020-05-20 11:00:00,-4.400000000000002,4.400000000000002,-0.1341463414634147,1.0,-1.0,-1.0,2.0,1.0,660,3.0,117.798,117.872,117.753,117.773,3215.0,11.0,52.35,0.165,0.12,0.168,118.133,117.605,23.93,33.38,15.52,11.78,16.5,65.86,116.662,42.98,0.083,0,0,0,0,0,0,0,1,1
2020-05-20 12:00:00,-0.10000000000000003,0.10000000000000003,-0.07142857142857145,1.0,-1.0,-1.0,2.0,3.0,720,3.0,117.768,117.928,117.75,117.917,2768.0,12.0,57.31,0.159,0.117,0.159,118.13,117.605,27.51,28.64,13.5,14.4,14.3,68.41,116.769,42.43,0.091,0,1,0,0,0,0,0,0,1
2020-05-20 12:00:00,-0.6000000000000001,0.6000000000000001,-0.33333333333333337,1.0,-1.0,-1.0,2.0,1.0,720,3.0,117.768,117.928,117.75,117.917,2768.0,12.0,57.31,0.159,0.117,0.159,118.13,117.605,27.51,28.64,13.5,14.4,14.3,68.41,116.769,42.43,0.091,0,1,0,0,0,0,0,0,1
2020-05-20 12:00:00,-0.3,0.3,-0.18749999999999997,1.0,-1.0,-1.0,2.0,1.0,720,3.0,117.768,117.928,117.75,117.917,2768.0,12.0,57.31,0.159,0.117,0.159,118.13,117.605,27.51,28.64,13.5,14.4,14.3,68.41,116.769,42.43,0.091,0,1,0,0,0,0,0,0,1
2020-05-20 12:00:00,-0.10000000000000009,0.10000000000000009,-0.0555555555555556,1.0,-1.0,-1.0,2.0,1.0,720,3.0,117.768,117.928,117.75,117.917,2768.0,12.0,57.31,0.159,0.117,0.159,118.13,117.605,27.51,28.64,13.5,14.4,14.3,68.41,116.769,42.43,0.091,0,1,0,0,0,0,0,0,1
2020-05-20 17:00:00,4.0,4.0,0.1680672268907563,1.0,1.0,1.0,1.0,1.0,1020,3.0,118.096,118.202,118.03,118.075,4126.0,17.0,61.38,0.159,0.122,0.122,118.14,117.608,84.77,77.46,23.48,24.89,6.99,68.67,116.87,62.18,0.106,0,0,0,0,0,1,0,0,1
2020-05-21 11:00:00,29.2,29.2,12.695652173913045,1.0,1.0,1.0,1.0,2.0,660,4.0,118.189,118.274,118.094,118.243,2556.0,11.0,63.64,0.136,0.072,0.071,118.231,117.914,71.45,54.88,20.9,23.55,14.61,68.59,117.243,61.27,0.089,1,0,0,0,0,0,0,0,1
2020-05-21 11:00:00,14.7,14.7,0.569767441860465,1.0,1.0,1.0,1.0,2.0,660,4.0,118.189,118.274,118.094,118.243,2556.0,11.0,63.64,0.136,0.072,0.071,118.231,117.914,71.45,54.88,20.9,23.55,14.61,68.59,117.243,61.27,0.089,1,0,0,0,0,0,0,0,1
2020-05-21 11:00:00,16.9,16.9,1.3203124999999998,1.0,1.0,1.0,1.0,2.0,660,4.0,118.189,118.274,118.094,118.243,2556.0,11.0,63.64,0.136,0.072,0.071,118.231,117.914,71.45,54.88,20.9,23.55,14.61,68.59,117.243,61.27,0.089,1,0,0,0,0,0,0,0,1
2020-05-28 12:00:00,5.600000000000001,5.600000000000001,0.2333333333333334,1.0,1.0,1.0,1.0,3.0,720,4.0,118.592,118.687,118.479,118.597,4205.0,12.0,53.55,0.177,0.124,0.173,118.994,118.191,20.74,29.89,26.5,19.64,20.23,62.46,117.905,41.13,0.12,0,0,0,0,0,1,0,0,1
2020-05-28 12:00:00,-0.5999999999999996,0.5999999999999996,-0.06666666666666662,1.0,-1.0,-1.0,2.0,1.0,720,4.0,118.592,118.687,118.479,118.597,4205.0,12.0,53.55,0.177,0.124,0.173,118.994,118.191,20.74,29.89,26.5,19.64,20.23,62.46,117.905,41.13,0.12,0,0,0,0,0,1,0,0,1
2020-05-28 12:00:00,56.5,56.5,4.708333333333333,1.0,1.0,1.0,1.0,2.0,720,4.0,118.592,118.687,118.479,118.597,4205.0,12.0,53.55,0.177,0.124,0.173,118.994,118.191,20.74,29.89,26.5,19.64,20.23,62.46,117.905,41.13,0.12,0,0,0,0,0,1,0,0,1
2020-05-28 12:00:00,-2.1000000000000014,2.1000000000000014,-0.0795454545454546,1.0,-1.0,-1.0,2.0,1.0,720,4.0,118.592,118.687,118.479,118.597,4205.0,12.0,53.55,0.177,0.124,0.173,118.994,118.191,20.74,29.89,26.5,19.64,20.23,62.46,117.905,41.13,0.12,0,0,0,0,0,1,0,0,1
2020-05-28 12:00:00,68.69999999999999,68.69999999999999,0.6063548102383053,1.0,1.0,1.0,1.0,1.0,720,4.0,118.592,118.687,118.479,118.597,4205.0,12.0,53.55,0.177,0.124,0.173,118.994,118.191,20.74,29.89,26.5,19.64,20.23,62.46,117.905,41.13,0.12,0,0,0,0,0,1,0,0,1
2020-05-28 12:00:00,0.69,0.69,0.1674757281553398,1.0,1.0,1.0,1.0,1.0,720,4.0,118.592,118.687,118.479,118.597,4205.0,12.0,53.55,0.177,0.124,0.173,118.994,118.191,20.74,29.89,26.5,19.64,20.23,62.46,117.905,41.13,0.12,0,0,0,0,1,0,0,0,1
2020-05-29 11:00:00,0.40000000000000036,0.40000000000000036,0.0727272727272728,1.0,1.0,1.0,1.0,1.0,660,5.0,119.046,119.251,118.933,119.199,4471.0,11.0,60.77,0.173,0.078,0.118,119.385,118.85,64.05,39.34,22.81,17.33,12.48,64.21,118.291,46.84,0.123,0,0,0,1,0,0,0,0,1
2020-05-29 11:00:00,2.3999999999999995,2.3999999999999995,0.4615384615384614,1.0,1.0,1.0,1.0,1.0,660,5.0,119.046,119.251,118.933,119.199,4471.0,11.0,60.77,0.173,0.078,0.118,119.385,118.85,64.05,39.34,22.81,17.33,12.48,64.21,118.291,46.84,0.123,0,0,0,1,0,0,0,0,1
2020-05-29 11:00:00,1.9000000000000004,1.9000000000000004,0.2567567567567568,1.0,1.0,1.0,1.0,1.0,660,5.0,119.046,119.251,118.933,119.199,4471.0,11.0,60.77,0.173,0.078,0.118,119.385,118.85,64.05,39.34,22.81,17.33,12.48,64.21,118.291,46.84,0.123,0,0,0,1,0,0,0,0,1
2020-05-29 11:00:00,-0.7000000000000002,0.7000000000000002,-0.14893617021276598,1.0,-1.0,-1.0,2.0,2.0,660,5.0,119.046,119.251,118.933,119.199,4471.0,11.0,60.77,0.173,0.078,0.118,119.385,118.85,64.05,39.34,22.81,17.33,12.48,64.21,118.291,46.84,0.123,0,0,0,1,0,0,0,0,1
2020-05-29 12:00:00,-0.20000000000000007,0.20000000000000007,-0.09523809523809526,1.0,-1.0,-1.0,2.0,2.0,720,5.0,119.203,119.408,119.163,119.338,4264.0,12.0,65.34,0.17,0.095,0.108,119.407,118.868,83.39,61.65,24.71,23.57,10.82,65.09,118.368,66.62,0.133,0,1,0,0,0,0,0,0,1
2020-05-29 12:00:00,-0.19999999999999998,0.19999999999999998,-0.15384615384615383,1.0,-1.0,-1.0,2.0,3.0,720,5.0,119.203,119.408,119.163,119.338,4264.0,12.0,65.34,0.17,0.095,0.108,119.407,118.868,83.39,61.65,24.71,23.57,10.82,65.09,118.368,66.62,0.133,0,1,0,0,0,0,0,0,1
2020-05-29 12:00:00,-0.09999999999999987,0.09999999999999987,-0.04545454545454539,1.0,-1.0,-1.0,2.0,1.0,720,5.0,119.203,119.408,119.163,119.338,4264.0,12.0,65.34,0.17,0.095,0.108,119.407,118.868,83.39,61.65,24.71,23.57,10.82,65.09,118.368,66.62,0.133,0,1,0,0,0,0,0,0,1
2020-05-29 12:00:00,-0.1,0.1,-0.1,1.0,-1.0,-1.0,2.0,2.0,720,5.0,119.203,119.408,119.163,119.338,4264.0,12.0,65.34,0.17,0.095,0.108,119.407,118.868,83.39,61.65,24.71,23.57,10.82,65.09,118.368,66.62,0.133,0,1,0,0,0,0,0,0,1
2020-06-01 11:00:00,-0.10000000000000142,0.10000000000000142,-0.002469135802469171,1.0,-1.0,-1.0,2.0,2.0,660,1.0,119.877,119.877,119.418,119.644,6318.0,11.0,51.92,0.191,0.143,0.181,119.942,119.547,55.34,51.06,27.63,14.51,19.68,66.11,118.809,33.62,0.115,1,0,0,0,0,0,0,0,1
2020-06-03 11:00:00,1.3999999999999986,1.3999999999999986,0.0444444444444444,1.0,1.0,1.0,1.0,2.0,660,3.0,121.969,122.008,121.646,121.962,5446.0,11.0,71.88,0.219,0.377,0.386,121.961,121.107,85.68,82.27,43.5,29.63,12.71,82.7,120.013,53.22,0.136,1,0,0,0,0,0,0,0,1
2020-06-03 11:00:00,1.8000000000000007,1.8000000000000007,0.06060606060606063,1.0,1.0,1.0,1.0,2.0,660,3.0,121.969,122.008,121.646,121.962,5446.0,11.0,71.88,0.219,0.377,0.386,121.961,121.107,85.68,82.27,43.5,29.63,12.71,82.7,120.013,53.22,0.136,1,0,0,0,0,0,0,0,1
2020-06-03 12:00:00,-0.40000000000000036,0.40000000000000036,-0.07843137254901968,1.0,-1.0,-1.0,2.0,1.0,720,3.0,121.957,122.091,121.909,122.007,3730.0,12.0,72.63,0.22,0.377,0.38,122.022,121.125,84.89,85.27,44.17,31.76,11.01,73.54,120.131,64.54,0.156,0,1,0,0,0,0,0,0,1
2020-06-03 12:00:00,-0.8999999999999999,0.8999999999999999,-0.4285714285714285,1.0,-1.0,-1.0,2.0,1.0,720,3.0,121.957,122.091,121.909,122.007,3730.0,12.0,72.63,0.22,0.377,0.38,122.022,121.125,84.89,85.27,44.17,31.76,11.01,73.54,120.131,64.54,0.156,0,1,0,0,0,0,0,0,1
2020-06-04 12:00:00,-28.0,28.0,-1.6184971098265895,1.0,-1.0,-1.0,2.0,1.0,720,4.0,122.217,122.219,121.959,122.019,3458.0,12.0,48.76,0.172,0.124,0.193,122.546,122.002,26.68,41.01,17.22,18.75,25.83,73.13,120.908,41.12,0.103,0,0,0,0,0,0,1,0,1
2020-06-04 12:00:00,-20.400000000000002,20.400000000000002,-11.333333333333334,1.0,-1.0,-1.0,2.0,1.0,720,4.0,122.217,122.219,121.959,122.019,3458.0,12.0,48.76,0.172,0.124,0.193,122.546,122.002,26.68,41.01,17.22,18.75,25.83,73.13,120.908,41.12,0.103,0,0,0,0,0,0,1,0,1
2020-06-08 11:30:00,31.499999999999996,31.499999999999996,0.5497382198952879,1.0,1.0,1.0,1.0,1.0,690,1.0,123.72,123.928,123.69,123.727,3709.0,11.0,51.48,0.208,0.014,0.043,124.073,123.481,58.62,53.98,19.1,16.37,14.64,73.05,122.703,59.52,0.111,0,0,0,0,0,1,0,0,1
2020-06-09 12:00:00,0.10000000000000003,0.10000000000000003,0.07692307692307694,1.0,1.0,1.0,1.0,1.0,720,2.0,121.494,121.669,121.36,121.556,4600.0,12.0,25.81,0.267,-0.43,-0.387,122.877,121.442,29.66,29.35,59.89,3.45,26.85,44.84,122.906,30.51,0.194,0,0,1,0,0,0,0,0,1
2020-06-09 12:00:00,0.10000000000000009,0.10000000000000009,0.02380952380952383,1.0,1.0,1.0,1.0,2.0,720,2.0,121.494,121.669,121.36,121.556,4600.0,12.0,25.81,0.267,-0.43,-0.387,122.877,121.442,29.66,29.35,59.89,3.45,26.85,44.84,122.906,30.51,0.194,1,0,0,0,0,0,0,0,1
2020-06-09 12:00:00,0.19999999999999973,0.19999999999999973,0.041666666666666616,1.0,1.0,1.0,1.0,2.0,720,2.0,121.494,121.669,121.36,121.556,4600.0,12.0,25.81,0.267,-0.43,-0.387,122.877,121.442,29.66,29.35,59.89,3.45,26.85,44.84,122.906,30.51,0.194,1,0,0,0,0,0,0,0,1
2020-06-12 12:00:00,-23.6,23.6,-3.146666666666667,1.0,-1.0,-1.0,2.0,2.0,720,5.0,121.509,121.756,121.468,121.72,4944.0,12.0,62.67,0.291,-0.009,-0.191,121.715,120.232,88.82,83.77,41.7,29.03,10.87,46.11,121.705,70.53,0.182,1,0,0,0,0,0,0,0,1
2020-06-12 12:00:00,-23.1,23.1,-3.915254237288136,1.0,-1.0,-1.0,2.0,1.0,720,5.0,121.509,121.756,121.468,121.72,4944.0,12.0,62.67,0.291,-0.009,-0.191,121.715,120.232,88.82,83.77,41.7,29.03,10.87,46.11,121.705,70.53,0.182,1,0,0,0,0,0,0,0,1
2020-06-15 12:00:00,-21.7,21.7,-0.9079497907949791,1.0,-1.0,-1.0,2.0,2.0,720,1.0,120.888,120.891,120.684,120.714,4755.0,12.0,47.49,0.239,-0.104,-0.134,120.944,120.453,81.4,65.94,17.85,16.43,15.73,41.98,121.39,56.47,0.154,0,0,0,0,0,0,0,1,1
2020-06-15 12:00:00,-13.0,13.0,-0.7692307692307693,1.0,-1.0,-1.0,2.0,2.0,720,1.0,120.888,120.891,120.684,120.714,4755.0,12.0,47.49,0.239,-0.104,-0.134,120.944,120.453,81.4,65.94,17.85,16.43,15.73,41.98,121.39,56.47,0.154,0,0,0,0,0,0,0,1,1
2020-06-16 12:00:00,1.1,1.1,0.33333333333333337,1.0,1.0,1.0,1.0,1.0,720,2.0,121.806,121.861,121.571,121.672,3852.0,12.0,54.83,0.288,0.202,0.24,122.181,120.969,38.81,40.48,33.82,14.48,13.6,49.38,121.24,49.22,0.17,0,0,0,0,1,0,0,0,1
2020-06-16 12:00:00,0.5,0.5,0.12820512820512822,1.0,1.0,1.0,1.0,2.0,720,2.0,121.806,121.861,121.571,121.672,3852.0,12.0,54.83,0.288,0.202,0.24,122.181,120.969,38.81,40.48,33.82,14.48,13.6,49.38,121.24,49.22,0.17,0,0,1,0,0,0,0,0,1
2020-06-16 12:00:00,-54.199999999999996,54.199999999999996,-0.4762741652021089,1.0,-1.0,-1.0,2.0,2.0,720,2.0,121.806,121.861,121.571,121.672,3852.0,12.0,54.83,0.288,0.202,0.24,122.181,120.969,38.81,40.48,33.82,14.48,13.6,49.38,121.24,49.22,0.17,0,0,0,0,0,1,0,0,1
2020-06-17 12:00:00,-0.2,0.2,-0.16666666666666669,1.0,-1.0,-1.0,2.0,1.0,720,3.0,120.934,120.955,120.48,120.558,5056.0,12.0,35.84,0.209,-0.11,-0.118,121.07,120.64,25.7,46.26,24.15,20.74,22.94,40.21,121.044,38.36,0.159,0,1,0,0,0,0,0,0,1
2020-06-17 12:00:00,-0.2,0.2,-0.18181818181818182,1.0,-1.0,-1.0,2.0,1.0,720,3.0,120.934,120.955,120.48,120.558,5056.0,12.0,35.84,0.209,-0.11,-0.118,121.07,120.64,25.7,46.26,24.15,20.74,22.94,40.21,121.044,38.36,0.159,0,1,0,0,0,0,0,0,1
2020-06-17 12:00:00,0.09999999999999987,0.09999999999999987,0.047619047619047554,1.0,1.0,1.0,1.0,1.0,720,3.0,120.934,120.955,120.48,120.558,5056.0,12.0,35.84,0.209,-0.11,-0.118,121.07,120.64,25.7,46.26,24.15,20.74,22.94,40.21,121.044,38.36,0.159,0,1,0,0,0,0,0,0,1
2020-06-17 12:00:00,-17.5,17.5,-4.487179487179487,1.0,-1.0,-1.0,2.0,1.0,720,3.0,120.934,120.955,120.48,120.558,5056.0,12.0,35.84,0.209,-0.11,-0.118,121.07,120.64,25.7,46.26,24.15,20.74,22.94,40.21,121.044,38.36,0.159,1,0,0,0,0,0,0,0,1
2020-06-17 12:00:00,-28.0,28.0,-20.0,1.0,-1.0,-1.0,2.0,1.0,720,3.0,120.934,120.955,120.48,120.558,5056.0,12.0,35.84,0.209,-0.11,-0.118,121.07,120.64,25.7,46.26,24.15,20.74,22.94,40.21,121.044,38.36,0.159,1,0,0,0,0,0,0,0,1
2020-06-19 11:00:00,-16.6,16.6,-0.5971223021582734,1.0,-1.0,-1.0,2.0,1.0,660,5.0,119.937,119.99,119.8,119.922,3666.0,11.0,47.88,0.151,-0.073,-0.112,119.975,119.666,59.45,55.96,14.77,18.23,13.49,38.2,120.648,47.37,0.081,0,0,0,0,0,0,0,1,1
2020-06-19 11:00:00,-17.1,17.1,-0.5261538461538462,1.0,-1.0,-1.0,2.0,1.0,660,5.0,119.937,119.99,119.8,119.922,3666.0,11.0,47.88,0.151,-0.073,-0.112,119.975,119.666,59.45,55.96,14.77,18.23,13.49,38.2,120.648,47.37,0.081,0,0,0,0,0,0,0,1,1
2020-06-22 17:00:00,4.100000000000001,4.100000000000001,0.20707070707070713,1.0,1.0,1.0,1.0,1.0,1020,1.0,120.143,120.42,120.084,120.231,5506.0,17.0,68.96,0.197,0.093,0.023,120.215,119.219,77.02,72.52,31.36,33.92,10.0,52.01,120.134,67.73,0.098,0,0,0,0,0,1,0,0,1
2020-06-23 11:00:00,4.799999999999997,4.799999999999997,0.10983981693363837,1.0,1.0,1.0,1.0,2.0,660,2.0,121.026,121.08,120.78,120.85,4655.0,11.0,64.91,0.236,0.237,0.216,120.971,120.072,73.35,74.6,30.5,24.99,12.67,60.35,120.083,59.33,0.134,1,0,0,0,0,0,0,0,1
2020-06-23 11:00:00,-1.0,1.0,-0.02044989775051125,1.0,-1.0,-1.0,2.0,2.0,660,2.0,121.026,121.08,120.78,120.85,4655.0,11.0,64.91,0.236,0.237,0.216,120.971,120.072,73.35,74.6,30.5,24.99,12.67,60.35,120.083,59.33,0.134,1,0,0,0,0,0,0,0,1
2020-06-23 11:00:00,17.799999999999997,17.799999999999997,0.5836065573770491,1.0,1.0,1.0,1.0,2.0,660,2.0,121.026,121.08,120.78,120.85,4655.0,11.0,64.91,0.236,0.237,0.216,120.971,120.072,73.35,74.6,30.5,24.99,12.67,60.35,120.083,59.33,0.134,1,0,0,0,0,0,0,0,1
2020-06-26 11:00:00,1.7000000000000002,1.7000000000000002,0.20731707317073175,1.0,1.0,1.0,1.0,1.0,660,5.0,120.091,120.127,120.005,120.101,3633.0,11.0,38.14,0.108,-0.065,-0.054,120.35,120.072,28.41,24.95,24.87,9.53,25.0,41.64,120.409,32.57,0.071,0,0,0,1,0,0,0,0,1
2020-06-26 11:00:00,-0.20000000000000018,0.20000000000000018,-0.04761904761904766,1.0,-1.0,-1.0,2.0,2.0,660,5.0,120.091,120.127,120.005,120.101,3633.0,11.0,38.14,0.108,-0.065,-0.054,120.35,120.072,28.41,24.95,24.87,9.53,25.0,41.64,120.409,32.57,0.071,0,0,0,1,0,0,0,0,1
2020-06-26 11:00:00,-2.2,2.2,-0.20952380952380953,1.0,-1.0,-1.0,2.0,1.0,660,5.0,120.091,120.127,120.005,120.101,3633.0,11.0,38.14,0.108,-0.065,-0.054,120.35,120.072,28.41,24.95,24.87,9.53,25.0,41.64,120.409,32.57,0.071,0,0,0,1,0,0,0,0,1
2020-06-26 11:00:00,0.20000000000000018,0.20000000000000018,0.03278688524590167,1.0,1.0,1.0,1.0,1.0,660,5.0,120.091,120.127,120.005,120.101,3633.0,11.0,38.14,0.108,-0.065,-0.054,120.35,120.072,28.41,24.95,24.87,9.53,25.0,41.64,120.409,32.57,0.071,0,0,0,1,0,0,0,0,1
2020-06-29 12:00:00,1.6500000000000004,1.6500000000000004,0.33604887983706727,1.0,1.0,1.0,1.0,1.0,720,1.0,120.637,120.826,120.574,120.826,3154.0,12.0,71.58,0.174,0.114,0.074,120.721,120.092,85.07,76.6,25.05,28.89,11.55,68.34,120.401,61.94,0.081,0,0,0,0,1,0,0,0,1
2020-06-29 12:00:00,-43.900000000000006,43.900000000000006,-4.720430107526882,1.0,-1.0,-1.0,2.0,1.0,720,1.0,120.637,120.826,120.574,120.826,3154.0,12.0,71.58,0.174,0.114,0.074,120.721,120.092,85.07,76.6,25.05,28.89,11.55,68.34,120.401,61.94,0.081,0,0,0,0,0,1,0,0,1
2020-06-29 12:00:00,14.8,14.8,0.39466666666666667,1.0,1.0,1.0,1.0,1.0,720,1.0,120.637,120.826,120.574,120.826,3154.0,12.0,71.58,0.174,0.114,0.074,120.721,120.092,85.07,76.6,25.05,28.89,11.55,68.34,120.401,61.94,0.081,0,0,0,0,0,1,0,0,1
2020-06-29 12:00:00,-95.89999999999999,95.89999999999999,-0.5556199304750868,1.0,-1.0,-1.0,2.0,2.0,720,1.0,120.637,120.826,120.574,120.826,3154.0,12.0,71.58,0.174,0.114,0.074,120.721,120.092,85.07,76.6,25.05,28.89,11.55,68.34,120.401,61.94,0.081,0,0,0,0,0,1,0,0,1
2020-06-29 12:00:00,8.2,8.2,0.6029411764705882,1.0,1.0,1.0,1.0,1.0,720,1.0,120.637,120.826,120.574,120.826,3154.0,12.0,71.58,0.174,0.114,0.074,120.721,120.092,85.07,76.6,25.05,28.89,11.55,68.34,120.401,61.94,0.081,0,0,0,0,0,1,0,0,1
2020-06-29 12:00:00,-13.0,13.0,-0.3651685393258427,1.0,-1.0,-1.0,2.0,3.0,720,1.0,120.637,120.826,120.574,120.826,3154.0,12.0,71.58,0.174,0.114,0.074,120.721,120.092,85.07,76.6,25.05,28.89,11.55,68.34,120.401,61.94,0.081,0,0,0,0,0,1,0,0,1
2020-06-30 12:00:00,-0.30000000000000004,0.30000000000000004,-0.14285714285714288,1.0,-1.0,-1.0,2.0,2.0,720,2.0,120.808,120.812,120.714,120.774,2896.0,12.0,45.98,0.151,0.041,0.107,121.204,120.739,35.85,31.45,23.71,14.31,30.15,54.34,120.518,37.74,0.088,0,1,0,0,0,0,0,0,1
2020-06-30 12:00:00,0.19999999999999998,0.19999999999999998,0.1818181818181818,1.0,1.0,1.0,1.0,3.0,720,2.0,120.808,120.812,120.714,120.774,2896.0,12.0,45.98,0.151,0.041,0.107,121.204,120.739,35.85,31.45,23.71,14.31,30.15,54.34,120.518,37.74,0.088,0,1,0,0,0,0,0,0,1
2020-06-30 12:00:00,0.19999999999999998,0.19999999999999998,0.1818181818181818,1.0,1.0,1.0,1.0,1.0,720,2.0,120.808,120.812,120.714,120.774,2896.0,12.0,45.98,0.151,0.041,0.107,121.204,120.739,35.85,31.45,23.71,14.31,30.15,54.34,120.518,37.74,0.088,0,1,0,0,0,0,0,0,1
2020-06-30 12:00:00,0.09999999999999998,0.09999999999999998,0.08333333333333331,1.0,1.0,1.0,1.0,1.0,720,2.0,120.808,120.812,120.714,120.774,2896.0,12.0,45.98,0.151,0.041,0.107,121.204,120.739,35.85,31.45,23.71,14.31,30.15,54.34,120.518,37.74,0.088,0,1,0,0,0,0,0,0,1
2020-06-30 12:00:00,0.6,0.6,0.4615384615384615,1.0,1.0,1.0,1.0,2.0,720,2.0,120.808,120.812,120.714,120.774,2896.0,12.0,45.98,0.151,0.041,0.107,121.204,120.739,35.85,31.45,23.71,14.31,30.15,54.34,120.518,37.74,0.088,0,1,0,0,0,0,0,0,1
2020-07-01 11:00:00,0.5,0.5,0.010438413361169102,1.0,1.0,1.0,1.0,2.0,660,3.0,120.817,120.891,120.73,120.759,3413.0,11.0,41.12,0.16,-0.033,0.044,121.521,120.641,37.6,27.49,25.24,14.96,24.58,50.57,120.646,41.99,0.078,1,0,0,0,0,0,0,0,1
2020-07-02 12:00:00,0.10000000000000053,0.10000000000000053,0.0120481927710844,1.0,-1.0,-1.0,2.0,2.0,720,4.0,121.294,121.333,121.215,121.265,2422.0,12.0,62.67,0.129,0.087,0.039,121.286,120.747,82.65,81.62,35.63,22.29,5.62,58.5,120.874,63.79,0.089,0,0,1,0,0,0,0,0,1
2020-07-02 12:00:00,1.2000000000000002,1.2000000000000002,0.16666666666666669,1.0,1.0,1.0,1.0,1.0,720,4.0,121.294,121.333,121.215,121.265,2422.0,12.0,62.67,0.129,0.087,0.039,121.286,120.747,82.65,81.62,35.63,22.29,5.62,58.5,120.874,63.79,0.089,0,1,0,0,0,0,0,0,1
2020-07-02 12:00:00,1.5,1.5,0.48387096774193544,1.0,1.0,1.0,1.0,1.0,720,4.0,121.294,121.333,121.215,121.265,2422.0,12.0,62.67,0.129,0.087,0.039,121.286,120.747,82.65,81.62,35.63,22.29,5.62,58.5,120.874,63.79,0.089,0,1,0,0,0,0,0,0,1
2020-07-03 11:00:00,1.0,1.0,0.020618556701030927,1.0,1.0,1.0,1.0,2.0,660,5.0,120.749,120.813,120.703,120.716,2295.0,11.0,39.52,0.107,-0.06,-0.049,121.053,120.634,38.27,34.87,18.35,11.98,19.73,47.28,120.952,42.09,0.066,1,0,0,0,0,0,0,0,1
2020-07-03 11:00:00,1.0,1.0,0.020703933747412008,1.0,1.0,1.0,1.0,2.0,660,5.0,120.749,120.813,120.703,120.716,2295.0,11.0,39.52,0.107,-0.06,-0.049,121.053,120.634,38.27,34.87,18.35,11.98,19.73,47.28,120.952,42.09,0.066,1,0,0,0,0,0,0,0,1
2020-07-06 11:30:00,-15.299999999999999,15.299999999999999,-3.923076923076923,1.0,-1.0,-1.0,2.0,1.0,690,1.0,121.544,121.55,121.369,121.445,3192.0,11.0,66.83,0.136,0.183,0.137,121.756,120.531,45.29,68.66,50.84,30.07,13.72,62.09,120.983,48.24,0.091,0,0,0,0,0,1,0,0,1
2020-07-06 12:00:00,-1.3999999999999995,1.3999999999999995,-0.2978723404255318,1.0,-1.0,-1.0,2.0,1.0,720,1.0,121.445,121.489,121.325,121.456,2615.0,12.0,67.26,0.142,0.177,0.152,121.782,120.57,42.04,53.36,47.46,26.06,15.47,67.38,121.026,42.69,0.096,0,0,0,0,0,0,1,0,1
2020-07-06 12:00:00,38.900000000000006,38.900000000000006,1.7601809954751133,1.0,1.0,1.0,1.0,1.0,720,1.0,121.445,121.489,121.325,121.456,2615.0,12.0,67.26,0.142,0.177,0.152,121.782,120.57,42.04,53.36,47.46,26.06,15.47,67.38,121.026,42.69,0.096,0,0,0,0,0,0,1,0,1
2020-07-14 12:00:00,31.4,31.4,1.5699999999999998,1.0,1.0,1.0,1.0,2.0,720,2.0,121.808,121.968,121.781,121.928,3570.0,12.0,64.69,0.153,0.117,0.123,121.97,121.475,74.08,65.2,28.06,29.1,12.01,66.91,121.289,68.18,0.092,1,0,0,0,0,0,0,0,1
2020-07-14 12:00:00,4.300000000000001,4.300000000000001,0.16412213740458018,1.0,1.0,1.0,1.0,1.0,720,2.0,121.808,121.968,121.781,121.928,3570.0,12.0,64.69,0.153,0.117,0.123,121.97,121.475,74.08,65.2,28.06,29.1,12.01,66.91,121.289,68.18,0.092,1,0,0,0,0,0,0,0,1
2020-07-14 12:00:00,30.6,30.6,1.02,1.0,1.0,1.0,1.0,2.0,720,2.0,121.808,121.968,121.781,121.928,3570.0,12.0,64.69,0.153,0.117,0.123,121.97,121.475,74.08,65.2,28.06,29.1,12.01,66.91,121.289,68.18,0.092,0,0,0,0,0,1,0,0,1
2020-07-16 12:00:00,1.0999999999999996,1.0999999999999996,0.13924050632911386,1.0,1.0,1.0,1.0,2.0,720,4.0,121.956,122.02,121.935,121.948,3166.0,12.0,44.87,0.125,-0.04,-0.035,122.09,121.887,58.67,51.43,29.71,12.22,16.47,62.14,121.769,50.16,0.073,0,0,0,0,0,0,0,1,1
2020-07-16 12:00:00,-3.4000000000000004,3.4000000000000004,-0.2463768115942029,1.0,-1.0,-1.0,2.0,2.0,720,4.0,121.956,122.02,121.935,121.948,3166.0,12.0,44.87,0.125,-0.04,-0.035,122.09,121.887,58.67,51.43,29.71,12.22,16.47,62.14,121.769,50.16,0.073,0,0,0,0,0,0,0,1,1
2020-07-17 12:00:00,39.4,39.4,3.1519999999999997,1.0,1.0,1.0,1.0,1.0,720,5.0,122.312,122.416,122.285,122.295,2624.0,12.0,59.5,0.136,0.011,-0.002,122.41,121.916,72.64,52.11,17.15,25.13,16.15,63.38,122.075,68.37,0.089,1,0,0,0,0,0,0,0,1
2020-07-17 12:00:00,14.9,14.9,0.5359712230215827,1.0,1.0,1.0,1.0,1.0,720,5.0,122.312,122.416,122.285,122.295,2624.0,12.0,59.5,0.136,0.011,-0.002,122.41,121.916,72.64,52.11,17.15,25.13,16.15,63.38,122.075,68.37,0.089,1,0,0,0,0,0,0,0,1
2020-07-17 12:00:00,0.6,0.6,0.39999999999999997,1.0,1.0,1.0,1.0,1.0,720,5.0,122.312,122.416,122.285,122.295,2624.0,12.0,59.5,0.136,0.011,-0.002,122.41,121.916,72.64,52.11,17.15,25.13,16.15,63.38,122.075,68.37,0.089,0,1,0,0,0,0,0,0,1
2020-07-20 11:00:00,-26.2,26.2,-1.5688622754491017,1.0,-1.0,-1.0,2.0,1.0,660,1.0,122.762,122.88,122.663,122.82,4292.0,11.0,65.33,0.188,0.148,0.115,122.918,122.156,65.29,75.49,27.66,23.04,15.63,68.3,122.252,47.17,0.103,0,0,0,0,0,0,0,1,1
2020-07-20 11:00:00,-18.5,18.5,-0.6727272727272727,1.0,-1.0,-1.0,2.0,1.0,660,1.0,122.762,122.88,122.663,122.82,4292.0,11.0,65.33,0.188,0.148,0.115,122.918,122.156,65.29,75.49,27.66,23.04,15.63,68.3,122.252,47.17,0.103,0,0,0,0,0,0,0,1,1
2020-07-23 17:00:00,-0.40000000000000036,0.40000000000000036,-0.025641025641025664,1.0,-1.0,-1.0,2.0,1.0,1020,4.0,124.071,124.162,124.022,124.05,5111.0,17.0,54.6,0.162,0.088,0.137,124.261,123.827,45.06,35.71,21.34,18.64,20.5,67.39,123.226,50.62,0.11,0,0,0,0,0,1,0,0,1
2020-07-24 11:00:00,7.300000000000004,7.300000000000004,0.1495901639344263,1.0,1.0,1.0,1.0,2.0,660,5.0,123.311,123.502,123.173,123.446,5189.0,11.0,37.17,0.167,-0.14,-0.081,124.292,123.272,38.29,26.99,44.6,13.34,31.95,52.03,123.393,29.66,0.119,1,0,0,0,0,0,0,0,1
2020-07-24 11:00:00,4.0,4.0,0.08316008316008315,1.0,1.0,1.0,1.0,2.0,660,5.0,123.311,123.502,123.173,123.446,5189.0,11.0,37.17,0.167,-0.14,-0.081,124.292,123.272,38.29,26.99,44.6,13.34,31.95,52.03,123.393,29.66,0.119,1,0,0,0,0,0,0,0,1
2020-07-24 11:00:00,6.799999999999997,6.799999999999997,0.13877551020408158,1.0,1.0,1.0,1.0,2.0,660,5.0,123.311,123.502,123.173,123.446,5189.0,11.0,37.17,0.167,-0.14,-0.081,124.292,123.272,38.29,26.99,44.6,13.34,31.95,52.03,123.393,29.66,0.119,1,0,0,0,0,0,0,0,1
2020-07-27 11:00:00,0.3999999999999986,0.3999999999999986,0.040816326530612096,1.0,1.0,1.0,1.0,1.0,660,1.0,123.468,123.537,123.35,123.405,4376.0,11.0,45.82,0.205,0.001,0.002,123.885,122.92,16.14,25.58,21.74,15.04,18.59,50.41,123.579,46.09,0.101,0,0,0,1,0,0,0,0,1
2020-07-27 11:00:00,-1.4000000000000004,1.4000000000000004,-0.14736842105263162,1.0,-1.0,-1.0,2.0,1.0,660,1.0,123.468,123.537,123.35,123.405,4376.0,11.0,45.82,0.205,0.001,0.002,123.885,122.92,16.14,25.58,21.74,15.04,18.59,50.41,123.579,46.09,0.101,0,0,0,1,0,0,0,0,1
2020-07-27 11:00:00,-0.5,0.5,-0.07936507936507936,1.0,-1.0,-1.0,2.0,1.0,660,1.0,123.468,123.537,123.35,123.405,4376.0,11.0,45.82,0.205,0.001,0.002,123.885,122.92,16.14,25.58,21.74,15.04,18.59,50.41,123.579,46.09,0.101,0,0,0,1,0,0,0,0,1
2020-07-30 12:00:00,0.39999999999999947,0.39999999999999947,0.047619047619047554,1.0,-1.0,-1.0,2.0,2.0,720,4.0,123.379,123.508,123.33,123.466,3763.0,12.0,44.61,0.14,0.025,0.077,123.861,123.465,18.44,23.69,18.89,10.83,22.25,55.39,123.518,24.52,0.098,0,0,1,0,0,0,0,0,1
2020-07-30 12:00:00,-6.800000000000001,6.800000000000001,-0.26877470355731226,1.0,-1.0,-1.0,2.0,3.0,720,4.0,123.379,123.508,123.33,123.466,3763.0,12.0,44.61,0.14,0.025,0.077,123.861,123.465,18.44,23.69,18.89,10.83,22.25,55.39,123.518,24.52,0.098,0,0,0,0,0,1,0,0,1
2020-07-30 12:00:00,-0.7,0.7,-0.5384615384615384,1.0,-1.0,-1.0,2.0,1.0,720,4.0,123.379,123.508,123.33,123.466,3763.0,12.0,44.61,0.14,0.025,0.077,123.861,123.465,18.44,23.69,18.89,10.83,22.25,55.39,123.518,24.52,0.098,0,0,0,0,0,1,0,0,1
2020-07-30 12:00:00,5.200000000000003,5.200000000000003,0.06658130601792578,1.0,1.0,1.0,1.0,2.0,720,4.0,123.379,123.508,123.33,123.466,3763.0,12.0,44.61,0.14,0.025,0.077,123.861,123.465,18.44,23.69,18.89,10.83,22.25,55.39,123.518,24.52,0.098,0,0,0,0,0,1,0,0,1
2020-07-30 12:00:00,12.7,12.7,0.42474916387959866,1.0,1.0,1.0,1.0,1.0,720,4.0,123.379,123.508,123.33,123.466,3763.0,12.0,44.61,0.14,0.025,0.077,123.861,123.465,18.44,23.69,18.89,10.83,22.25,55.39,123.518,24.52,0.098,0,0,0,0,0,1,0,0,1
2020-07-30 12:00:00,4.5,4.5,0.14240506329113922,1.0,1.0,1.0,1.0,1.0,720,4.0,123.379,123.508,123.33,123.466,3763.0,12.0,44.61,0.14,0.025,0.077,123.861,123.465,18.44,23.69,18.89,10.83,22.25,55.39,123.518,24.52,0.098,0,0,0,0,0,1,0,0,1
2020-07-30 12:00:00,-0.1200000000000001,0.1200000000000001,-0.04477611940298512,1.0,-1.0,-1.0,2.0,1.0,720,4.0,123.379,123.508,123.33,123.466,3763.0,12.0,44.61,0.14,0.025,0.077,123.861,123.465,18.44,23.69,18.89,10.83,22.25,55.39,123.518,24.52,0.098,0,0,0,0,1,0,0,0,1
2020-07-31 12:00:00,-0.2,0.2,-0.2,1.0,-1.0,-1.0,2.0,1.0,720,5.0,124.126,124.165,124.019,124.08,4523.0,12.0,55.46,0.199,0.098,0.11,124.25,123.831,45.86,57.25,33.91,13.57,5.93,69.89,123.667,51.34,0.128,0,1,0,0,0,0,0,0,1
2020-07-31 12:00:00,-0.19999999999999998,0.19999999999999998,-0.1818181818181818,1.0,-1.0,-1.0,2.0,2.0,720,5.0,124.126,124.165,124.019,124.08,4523.0,12.0,55.46,0.199,0.098,0.11,124.25,123.831,45.86,57.25,33.91,13.57,5.93,69.89,123.667,51.34,0.128,0,1,0,0,0,0,0,0,1
2020-07-31 12:00:00,-0.4,0.4,-0.36363636363636365,1.0,-1.0,-1.0,2.0,1.0,720,5.0,124.126,124.165,124.019,124.08,4523.0,12.0,55.46,0.199,0.098,0.11,124.25,123.831,45.86,57.25,33.91,13.57,5.93,69.89,123.667,51.34,0.128,0,1,0,0,0,0,0,0,1
2020-07-31 12:00:00,-7.3999999999999995,7.3999999999999995,-1.2982456140350875,1.0,-1.0,-1.0,2.0,2.0,720,5.0,124.126,124.165,124.019,124.08,4523.0,12.0,55.46,0.199,0.098,0.11,124.25,123.831,45.86,57.25,33.91,13.57,5.93,69.89,123.667,51.34,0.128,1,0,0,0,0,0,0,0,1
2020-07-31 12:00:00,0.29999999999999993,0.29999999999999993,0.15789473684210523,1.0,1.0,1.0,1.0,2.0,720,5.0,124.126,124.165,124.019,124.08,4523.0,12.0,55.46,0.199,0.098,0.11,124.25,123.831,45.86,57.25,33.91,13.57,5.93,69.89,123.667,51.34,0.128,0,1,0,0,0,0,0,0,1
2020-07-31 12:00:00,0.19999999999999996,0.19999999999999996,0.09523809523809522,1.0,1.0,1.0,1.0,1.0,720,5.0,124.126,124.165,124.019,124.08,4523.0,12.0,55.46,0.199,0.098,0.11,124.25,123.831,45.86,57.25,33.91,13.57,5.93,69.89,123.667,51.34,0.128,0,1,0,0,0,0,0,0,1
2020-07-31 12:00:00,-10.7,10.7,-2.0188679245283017,1.0,-1.0,-1.0,2.0,2.0,720,5.0,124.126,124.165,124.019,124.08,4523.0,12.0,55.46,0.199,0.098,0.11,124.25,123.831,45.86,57.25,33.91,13.57,5.93,69.89,123.667,51.34,0.128,1,0,0,0,0,0,0,0,1
2020-08-03 11:00:00,0.6999999999999957,0.6999999999999957,0.013435700575815657,1.0,1.0,1.0,1.0,2.0,660,1.0,124.549,124.587,124.346,124.382,4584.0,11.0,44.81,0.186,0.064,0.132,125.029,124.369,24.87,28.5,24.69,8.24,19.34,58.93,123.854,45.31,0.084,1,0,0,0,0,0,0,0,1
2020-08-04 12:00:00,2.2,2.2,0.31884057971014496,1.0,1.0,1.0,1.0,1.0,720,2.0,124.94,124.997,124.912,124.993,3930.0,12.0,66.32,0.113,0.102,0.087,125.002,124.497,79.39,64.24,36.73,19.37,6.77,55.5,124.267,63.2,0.096,0,1,0,0,0,0,0,0,1
2020-08-04 12:00:00,1.8,1.8,0.8571428571428571,1.0,1.0,1.0,1.0,1.0,720,2.0,124.94,124.997,124.912,124.993,3930.0,12.0,66.32,0.113,0.102,0.087,125.002,124.497,79.39,64.24,36.73,19.37,6.77,55.5,124.267,63.2,0.096,0,1,0,0,0,0,0,0,1
2020-08-05 11:00:00,0.10000000000000142,0.10000000000000142,0.0017921146953405274,1.0,1.0,1.0,1.0,2.0,660,3.0,124.91,125.142,124.83,125.135,4608.0,11.0,67.38,0.13,0.065,0.025,125.04,124.389,88.91,77.7,26.41,32.58,10.85,66.43,124.509,65.75,0.077,1,0,0,0,0,0,0,0,1
2020-08-05 11:00:00,-0.3999999999999986,0.3999999999999986,-0.007130124777183575,1.0,-1.0,-1.0,2.0,2.0,660,3.0,124.91,125.142,124.83,125.135,4608.0,11.0,67.38,0.13,0.065,0.025,125.04,124.389,88.91,77.7,26.41,32.58,10.85,66.43,124.509,65.75,0.077,1,0,0,0,0,0,0,0,1
2020-08-05 12:00:00,7.8999999999999995,7.8999999999999995,1.0394736842105263,1.0,1.0,1.0,1.0,1.0,720,3.0,125.138,125.397,125.089,125.328,4288.0,12.0,72.34,0.144,0.1,0.034,125.137,124.394,88.84,83.85,31.07,39.27,9.41,69.0,124.575,69.85,0.1,0,0,0,0,0,0,1,0,1
2020-08-05 12:00:00,-13.400000000000002,13.400000000000002,-0.6666666666666667,1.0,-1.0,-1.0,2.0,1.0,720,3.0,125.138,125.397,125.089,125.328,4288.0,12.0,72.34,0.144,0.1,0.034,125.137,124.394,88.84,83.85,31.07,39.27,9.41,69.0,124.575,69.85,0.1,0,0,0,0,0,0,1,0,1
2020-08-10 11:30:00,8.999999999999998,8.999999999999998,0.3846153846153846,1.0,1.0,1.0,1.0,1.0,690,1.0,124.703,124.765,124.597,124.724,3433.0,11.0,44.81,0.122,-0.071,-0.079,124.881,124.613,39.45,35.75,18.34,8.37,15.15,45.62,124.993,49.64,0.076,0,0,0,0,0,1,0,0,1
2020-08-11 12:00:00,4.100000000000001,4.100000000000001,0.0673234811165846,1.0,1.0,1.0,1.0,2.0,720,2.0,124.89,125.057,124.889,125.029,4594.0,12.0,69.98,0.126,0.041,-0.037,124.881,124.185,88.12,73.0,37.62,37.92,11.5,57.35,124.943,79.93,0.094,0,0,0,0,0,1,0,0,1
2020-08-12 12:00:00,9.2,9.2,0.40888888888888886,1.0,1.0,1.0,1.0,1.0,720,3.0,125.467,125.714,125.442,125.663,3688.0,12.0,73.51,0.152,0.144,0.091,125.58,124.813,90.09,85.65,33.54,34.08,6.34,69.6,124.959,72.88,0.103,1,0,0,0,0,0,0,0,1
2020-08-12 12:00:00,-5.200000000000001,5.200000000000001,-0.3398692810457517,1.0,-1.0,-1.0,2.0,2.0,720,3.0,125.467,125.714,125.442,125.663,3688.0,12.0,73.51,0.152,0.144,0.091,125.58,124.813,90.09,85.65,33.54,34.08,6.34,69.6,124.959,72.88,0.103,1,0,0,0,0,0,0,0,1
2020-08-14 12:00:00,5.799999999999999,5.799999999999999,0.35365853658536583,1.0,1.0,1.0,1.0,2.0,720,5.0,126.095,126.109,125.736,125.853,3283.0,12.0,35.79,0.135,-0.03,0.042,126.563,125.961,25.51,22.36,33.47,8.05,30.76,56.21,125.579,32.11,0.091,0,0,0,0,0,0,0,1,1
2020-08-14 12:00:00,4.700000000000001,4.700000000000001,0.3507462686567165,1.0,1.0,1.0,1.0,2.0,720,5.0,126.095,126.109,125.736,125.853,3283.0,12.0,35.79,0.135,-0.03,0.042,126.563,125.961,25.51,22.36,33.47,8.05,30.76,56.21,125.579,32.11,0.091,0,0,0,0,0,0,0,1,1
2020-08-14 12:00:00,-2.6999999999999997,2.6999999999999997,-2.454545454545454,1.0,-1.0,-1.0,2.0,1.0,720,5.0,126.095,126.109,125.736,125.853,3283.0,12.0,35.79,0.135,-0.03,0.042,126.563,125.961,25.51,22.36,33.47,8.05,30.76,56.21,125.579,32.11,0.091,0,0,1,0,0,0,0,0,1
2020-08-14 12:00:00,-3.1999999999999997,3.1999999999999997,-2.4615384615384612,1.0,-1.0,-1.0,2.0,1.0,720,5.0,126.095,126.109,125.736,125.853,3283.0,12.0,35.79,0.135,-0.03,0.042,126.563,125.961,25.51,22.36,33.47,8.05,30.76,56.21,125.579,32.11,0.091,0,0,1,0,0,0,0,0,1
2020-08-19 11:00:00,11.700000000000001,11.700000000000001,1.772727272727273,1.0,1.0,1.0,1.0,1.0,660,3.0,125.846,125.951,125.806,125.828,3492.0,11.0,49.92,0.127,0.033,0.018,126.028,125.62,31.07,60.23,17.13,16.12,16.51,50.41,126.015,43.96,0.068,0,0,0,0,0,0,0,1,1
2020-08-19 11:00:00,17.2,17.2,3.822222222222222,1.0,1.0,1.0,1.0,1.0,660,3.0,125.846,125.951,125.806,125.828,3492.0,11.0,49.92,0.127,0.033,0.018,126.028,125.62,31.07,60.23,17.13,16.12,16.51,50.41,126.015,43.96,0.068,0,0,0,0,0,0,0,1,1
2020-08-19 12:00:00,-0.09999999999999998,0.09999999999999998,-0.08333333333333331,1.0,-1.0,-1.0,2.0,1.0,720,3.0,125.829,125.932,125.728,125.761,3518.0,12.0,46.4,0.134,0.023,0.023,126.012,125.617,10.8,35.39,17.02,13.97,19.41,49.73,125.978,51.02,0.082,0,1,0,0,0,0,0,0,1
2020-08-19 12:00:00,-0.2,0.2,-0.16666666666666669,1.0,-1.0,-1.0,2.0,1.0,720,3.0,125.829,125.932,125.728,125.761,3518.0,12.0,46.4,0.134,0.023,0.023,126.012,125.617,10.8,35.39,17.02,13.97,19.41,49.73,125.978,51.02,0.082,0,1,0,0,0,0,0,0,1
2020-08-19 12:00:00,-0.09999999999999998,0.09999999999999998,-0.0769230769230769,1.0,-1.0,-1.0,2.0,1.0,720,3.0,125.829,125.932,125.728,125.761,3518.0,12.0,46.4,0.134,0.023,0.023,126.012,125.617,10.8,35.39,17.02,13.97,19.41,49.73,125.978,51.02,0.082,0,1,0,0,0,0,0,0,1
2020-08-19 12:00:00,-0.10000000000000003,0.10000000000000003,-0.07692307692307694,1.0,-1.0,-1.0,2.0,2.0,720,3.0,125.829,125.932,125.728,125.761,3518.0,12.0,46.4,0.134,0.023,0.023,126.012,125.617,10.8,35.39,17.02,13.97,19.41,49.73,125.978,51.02,0.082,0,1,0,0,0,0,0,0,1
2020-08-20 12:00:00,10.700000000000001,10.700000000000001,0.6079545454545454,1.0,1.0,1.0,1.0,1.0,720,4.0,125.392,125.498,125.335,125.368,3832.0,12.0,33.54,0.147,-0.066,-0.046,125.777,125.421,31.13,40.96,17.68,15.47,22.19,37.98,125.806,41.49,0.122,1,0,0,0,0,0,0,0,1
2020-08-20 12:00:00,-20.8,20.8,-0.8062015503875969,1.0,-1.0,-1.0,2.0,1.0,720,4.0,125.392,125.498,125.335,125.368,3832.0,12.0,33.54,0.147,-0.066,-0.046,125.777,125.421,31.13,40.96,17.68,15.47,22.19,37.98,125.806,41.49,0.122,1,0,0,0,0,0,0,0,1
2020-08-21 11:00:00,-3.299999999999997,3.299999999999997,-0.059033989266547356,1.0,-1.0,-1.0,2.0,2.0,660,5.0,124.92,124.925,124.529,124.642,4880.0,11.0,19.01,0.148,-0.129,-0.052,125.792,124.958,11.93,22.84,21.81,14.71,41.7,27.32,125.622,13.39,0.108,1,0,0,0,0,0,0,0,1
2020-08-21 11:00:00,-4.899999999999999,4.899999999999999,-0.08749999999999998,1.0,-1.0,-1.0,2.0,2.0,660,5.0,124.92,124.925,124.529,124.642,4880.0,11.0,19.01,0.148,-0.129,-0.052,125.792,124.958,11.93,22.84,21.81,14.71,41.7,27.32,125.622,13.39,0.108,1,0,0,0,0,0,0,0,1
2020-08-21 11:00:00,0.20000000000000284,0.20000000000000284,0.0038095238095238637,1.0,1.0,1.0,1.0,2.0,660,5.0,124.92,124.925,124.529,124.642,4880.0,11.0,19.01,0.148,-0.129,-0.052,125.792,124.958,11.93,22.84,21.81,14.71,41.7,27.32,125.622,13.39,0.108,1,0,0,0,0,0,0,0,1
2020-08-21 17:00:00,0.20000000000000107,0.20000000000000107,0.012578616352201324,1.0,1.0,1.0,1.0,1.0,1020,5.0,124.644,124.889,124.582,124.804,5829.0,17.0,37.38,0.215,-0.23,-0.168,125.898,124.393,55.98,31.22,36.47,15.09,23.79,28.23,125.516,48.29,0.125,0,0,0,0,0,1,0,0,1
2020-08-27 11:00:00,0.7999999999999989,0.7999999999999989,0.07692307692307682,1.0,1.0,1.0,1.0,1.0,660,4.0,125.451,125.614,125.331,125.494,4007.0,11.0,53.06,0.136,-0.025,-0.05,125.523,125.271,62.23,54.97,17.58,16.73,11.43,52.12,125.282,48.27,0.093,0,0,0,1,0,0,0,0,1
2020-08-27 11:00:00,0.20000000000000018,0.20000000000000018,0.052631578947368474,1.0,1.0,1.0,1.0,2.0,660,4.0,125.451,125.614,125.331,125.494,4007.0,11.0,53.06,0.136,-0.025,-0.05,125.523,125.271,62.23,54.97,17.58,16.73,11.43,52.12,125.282,48.27,0.093,0,0,0,1,0,0,0,0,1
2020-08-27 11:00:00,1.2999999999999998,1.2999999999999998,0.19402985074626863,1.0,1.0,1.0,1.0,1.0,660,4.0,125.451,125.614,125.331,125.494,4007.0,11.0,53.06,0.136,-0.025,-0.05,125.523,125.271,62.23,54.97,17.58,16.73,11.43,52.12,125.282,48.27,0.093,0,0,0,1,0,0,0,0,1
2020-08-27 11:00:00,-0.5,0.5,-0.08064516129032258,1.0,-1.0,-1.0,2.0,1.0,660,4.0,125.451,125.614,125.331,125.494,4007.0,11.0,53.06,0.136,-0.025,-0.05,125.523,125.271,62.23,54.97,17.58,16.73,11.43,52.12,125.282,48.27,0.093,0,0,0,1,0,0,0,0,1
2020-08-28 12:00:00,-5.600000000000001,5.600000000000001,-0.2382978723404256,1.0,-1.0,-1.0,2.0,3.0,720,5.0,126.069,126.099,125.576,125.637,5193.0,12.0,42.19,0.25,0.118,0.205,126.65,125.479,12.66,14.91,31.33,25.29,23.96,46.62,125.598,37.32,0.12,0,0,0,0,0,1,0,0,1
2020-08-28 12:00:00,1.4,1.4,0.3111111111111111,1.0,1.0,1.0,1.0,1.0,720,5.0,126.069,126.099,125.576,125.637,5193.0,12.0,42.19,0.25,0.118,0.205,126.65,125.479,12.66,14.91,31.33,25.29,23.96,46.62,125.598,37.32,0.12,0,0,0,0,0,1,0,0,1
2020-08-28 12:00:00,8.900000000000006,8.900000000000006,0.11152882205513792,1.0,1.0,1.0,1.0,2.0,720,5.0,126.069,126.099,125.576,125.637,5193.0,12.0,42.19,0.25,0.118,0.205,126.65,125.479,12.66,14.91,31.33,25.29,23.96,46.62,125.598,37.32,0.12,0,0,0,0,0,1,0,0,1
2020-08-28 12:00:00,6.400000000000002,6.400000000000002,0.3184079601990051,1.0,1.0,1.0,1.0,1.0,720,5.0,126.069,126.099,125.576,125.637,5193.0,12.0,42.19,0.25,0.118,0.205,126.65,125.479,12.66,14.91,31.33,25.29,23.96,46.62,125.598,37.32,0.12,0,0,0,0,0,1,0,0,1
2020-08-28 12:00:00,14.7,14.7,0.44680851063829785,1.0,1.0,1.0,1.0,1.0,720,5.0,126.069,126.099,125.576,125.637,5193.0,12.0,42.19,0.25,0.118,0.205,126.65,125.479,12.66,14.91,31.33,25.29,23.96,46.62,125.598,37.32,0.12,0,0,0,0,0,1,0,0,1
2020-08-28 12:00:00,-0.15000000000000013,0.15000000000000013,-0.06880733944954136,1.0,-1.0,-1.0,2.0,1.0,720,5.0,126.069,126.099,125.576,125.637,5193.0,12.0,42.19,0.25,0.118,0.205,126.65,125.479,12.66,14.91,31.33,25.29,23.96,46.62,125.598,37.32,0.12,0,0,0,0,1,0,0,0,1
2020-09-01 12:00:00,-0.6,0.6,-0.3,1.0,-1.0,-1.0,2.0,2.0,720,2.0,126.601,126.683,126.522,126.679,3306.0,12.0,60.16,0.177,0.159,0.174,126.842,126.247,51.79,52.57,40.36,16.7,13.22,65.85,125.944,48.15,0.098,0,1,0,0,0,0,0,0,1
2020-09-01 12:00:00,-0.30000000000000004,0.30000000000000004,-0.27272727272727276,1.0,-1.0,-1.0,2.0,2.0,720,2.0,126.601,126.683,126.522,126.679,3306.0,12.0,60.16,0.177,0.159,0.174,126.842,126.247,51.79,52.57,40.36,16.7,13.22,65.85,125.944,48.15,0.098,0,1,0,0,0,0,0,0,1
2020-09-01 12:00:00,-0.5,0.5,-0.5,1.0,-1.0,-1.0,2.0,1.0,720,2.0,126.601,126.683,126.522,126.679,3306.0,12.0,60.16,0.177,0.159,0.174,126.842,126.247,51.79,52.57,40.36,16.7,13.22,65.85,125.944,48.15,0.098,0,1,0,0,0,0,0,0,1
2020-09-01 12:00:00,-0.30000000000000004,0.30000000000000004,-0.27272727272727276,1.0,-1.0,-1.0,2.0,1.0,720,2.0,126.601,126.683,126.522,126.679,3306.0,12.0,60.16,0.177,0.159,0.174,126.842,126.247,51.79,52.57,40.36,16.7,13.22,65.85,125.944,48.15,0.098,0,1,0,0,0,0,0,0,1
2020-09-01 12:00:00,0.3000000000000007,0.3000000000000007,0.03488372093023264,1.0,-1.0,-1.0,2.0,2.0,720,2.0,126.601,126.683,126.522,126.679,3306.0,12.0,60.16,0.177,0.159,0.174,126.842,126.247,51.79,52.57,40.36,16.7,13.22,65.85,125.944,48.15,0.098,0,0,1,0,0,0,0,0,1
2020-09-01 12:00:00,-0.7,0.7,-0.4666666666666666,1.0,-1.0,-1.0,2.0,3.0,720,2.0,126.601,126.683,126.522,126.679,3306.0,12.0,60.16,0.177,0.159,0.174,126.842,126.247,51.79,52.57,40.36,16.7,13.22,65.85,125.944,48.15,0.098,0,1,0,0,0,0,0,0,1
2020-09-01 12:00:00,-0.7000000000000001,0.7000000000000001,-0.3043478260869566,1.0,-1.0,-1.0,2.0,1.0,720,2.0,126.601,126.683,126.522,126.679,3306.0,12.0,60.16,0.177,0.159,0.174,126.842,126.247,51.79,52.57,40.36,16.7,13.22,65.85,125.944,48.15,0.098,0,1,0,0,0,0,0,0,1
2020-09-02 12:00:00,-0.2999999999999998,0.2999999999999998,-0.07499999999999996,1.0,-1.0,-1.0,2.0,1.0,720,3.0,125.909,125.989,125.88,125.972,3445.0,12.0,33.11,0.138,-0.118,-0.082,126.663,125.84,24.23,31.97,33.44,6.34,19.34,46.36,126.128,33.48,0.114,0,1,0,0,0,0,0,0,1
2020-09-02 12:00:00,-0.7999999999999999,0.7999999999999999,-0.3333333333333333,1.0,-1.0,-1.0,2.0,1.0,720,3.0,125.909,125.989,125.88,125.972,3445.0,12.0,33.11,0.138,-0.118,-0.082,126.663,125.84,24.23,31.97,33.44,6.34,19.34,46.36,126.128,33.48,0.114,0,1,0,0,0,0,0,0,1
2020-09-03 11:00:00,0.3999999999999986,0.3999999999999986,0.00782778864970643,1.0,1.0,1.0,1.0,2.0,660,4.0,125.507,125.765,125.507,125.72,3306.0,11.0,47.65,0.152,-0.139,-0.14,125.942,125.41,57.99,34.77,28.39,21.92,25.57,45.14,126.044,54.3,0.091,1,0,0,0,0,0,0,0,1
2020-09-03 11:00:00,0.29999999999999716,0.29999999999999716,0.005703422053231885,1.0,1.0,1.0,1.0,2.0,660,4.0,125.507,125.765,125.507,125.72,3306.0,11.0,47.65,0.152,-0.139,-0.14,125.942,125.41,57.99,34.77,28.39,21.92,25.57,45.14,126.044,54.3,0.091,1,0,0,0,0,0,0,0,1
2020-09-03 12:00:00,6.1000000000000005,6.1000000000000005,0.7261904761904763,1.0,1.0,1.0,1.0,1.0,720,4.0,125.718,125.883,125.586,125.777,3511.0,12.0,50.27,0.165,-0.116,-0.14,125.95,125.411,80.51,56.32,25.21,24.29,22.16,48.58,126.062,56.84,0.107,0,0,0,0,0,0,1,0,1
2020-09-03 12:00:00,5.7,5.7,0.9047619047619048,1.0,1.0,1.0,1.0,1.0,720,4.0,125.718,125.883,125.586,125.777,3511.0,12.0,50.27,0.165,-0.116,-0.14,125.95,125.411,80.51,56.32,25.21,24.29,22.16,48.58,126.062,56.84,0.107,0,0,0,0,0,0,1,0,1
2020-09-07 11:30:00,18.4,18.4,0.6715328467153284,1.0,1.0,1.0,1.0,1.0,690,1.0,125.706,125.776,125.65,125.658,3336.0,11.0,44.38,0.121,-0.014,0.006,125.94,125.538,28.28,24.59,22.46,8.95,18.98,45.19,125.908,53.87,0.065,0,0,0,0,0,1,0,0,1
2020-09-08 12:00:00,0.29999999999999893,0.29999999999999893,0.022900763358778546,1.0,1.0,1.0,1.0,2.0,720,2.0,125.514,125.608,125.4,125.422,4328.0,12.0,38.35,0.116,-0.048,-0.052,125.676,125.405,44.27,54.65,21.78,14.13,21.26,32.4,125.673,57.25,0.099,1,0,0,0,0,0,0,0,1
2020-09-08 12:00:00,0.3000000000000007,0.3000000000000007,0.018750000000000044,1.0,1.0,1.0,1.0,2.0,720,2.0,125.514,125.608,125.4,125.422,4328.0,12.0,38.35,0.116,-0.048,-0.052,125.676,125.405,44.27,54.65,21.78,14.13,21.26,32.4,125.673,57.25,0.099,1,0,0,0,0,0,0,0,1
2020-09-08 12:00:00,-0.10000000000000009,0.10000000000000009,-0.026315789473684237,1.0,-1.0,-1.0,2.0,1.0,720,2.0,125.514,125.608,125.4,125.422,4328.0,12.0,38.35,0.116,-0.048,-0.052,125.676,125.405,44.27,54.65,21.78,14.13,21.26,32.4,125.673,57.25,0.099,0,0,1,0,0,0,0,0,1
2020-09-08 12:00:00,-0.20000000000000018,0.20000000000000018,-0.05128205128205133,1.0,-1.0,-1.0,2.0,1.0,720,2.0,125.514,125.608,125.4,125.422,4328.0,12.0,38.35,0.116,-0.048,-0.052,125.676,125.405,44.27,54.65,21.78,14.13,21.26,32.4,125.673,57.25,0.099,0,0,1,0,0,0,0,0,1
2020-09-14 12:00:00,-1.3000000000000007,1.3000000000000007,-0.2031250000000001,1.0,-1.0,-1.0,2.0,2.0,720,1.0,125.67,125.755,125.6,125.688,2748.0,12.0,51.05,0.133,0.005,0.003,125.779,125.514,68.16,58.91,9.85,12.71,13.56,55.62,125.446,53.59,0.071,1,0,0,0,0,0,0,0,1
2020-09-14 12:00:00,10.600000000000001,10.600000000000001,0.5492227979274612,1.0,1.0,1.0,1.0,1.0,720,1.0,125.67,125.755,125.6,125.688,2748.0,12.0,51.05,0.133,0.005,0.003,125.779,125.514,68.16,58.91,9.85,12.71,13.56,55.62,125.446,53.59,0.071,1,0,0,0,0,0,0,0,1
2020-09-15 12:00:00,1.1,1.1,0.26829268292682934,1.0,1.0,1.0,1.0,1.0,720,2.0,125.679,125.763,125.586,125.591,2511.0,12.0,50.57,0.12,0.016,-0.012,125.747,125.276,38.93,58.12,27.39,22.37,10.79,41.73,125.591,62.75,0.081,0,0,0,0,1,0,0,0,1
2020-09-15 12:00:00,2.1,2.1,0.5121951219512195,1.0,1.0,1.0,1.0,2.0,720,2.0,125.679,125.763,125.586,125.591,2511.0,12.0,50.57,0.12,0.016,-0.012,125.747,125.276,38.93,58.12,27.39,22.37,10.79,41.73,125.591,62.75,0.081,0,0,1,0,0,0,0,0,1
2020-09-15 12:00:00,11.100000000000009,11.100000000000009,0.17398119122257066,1.0,1.0,1.0,1.0,2.0,720,2.0,125.679,125.763,125.586,125.591,2511.0,12.0,50.57,0.12,0.016,-0.012,125.747,125.276,38.93,58.12,27.39,22.37,10.79,41.73,125.591,62.75,0.081,0,0,0,0,0,1,0,0,1
2020-09-16 12:00:00,11.0,11.0,1.0679611650485437,1.0,1.0,1.0,1.0,2.0,720,3.0,124.815,125.009,124.781,124.957,2724.0,12.0,47.75,0.124,-0.128,-0.178,125.078,124.64,66.92,69.27,26.06,23.06,13.77,31.2,125.4,52.74,0.079,0,0,0,0,0,0,0,1,1
2020-09-16 12:00:00,6.599999999999998,6.599999999999998,0.295964125560538,1.0,1.0,1.0,1.0,2.0,720,3.0,124.815,125.009,124.781,124.957,2724.0,12.0,47.75,0.124,-0.128,-0.178,125.078,124.64,66.92,69.27,26.06,23.06,13.77,31.2,125.4,52.74,0.079,0,0,0,0,0,0,0,1,1
2020-09-17 12:00:00,-0.09999999999999998,0.09999999999999998,-0.07142857142857141,1.0,-1.0,-1.0,2.0,1.0,720,4.0,123.63,123.641,123.449,123.607,3332.0,12.0,33.44,0.196,-0.278,-0.306,124.276,123.33,73.56,63.77,36.07,17.37,26.82,23.22,124.91,43.2,0.127,0,1,0,0,0,0,0,0,1
2020-09-17 12:00:00,-0.5,0.5,-0.45454545454545453,1.0,-1.0,-1.0,2.0,1.0,720,4.0,123.63,123.641,123.449,123.607,3332.0,12.0,33.44,0.196,-0.278,-0.306,124.276,123.33,73.56,63.77,36.07,17.37,26.82,23.22,124.91,43.2,0.127,0,1,0,0,0,0,0,0,1
2020-09-17 12:00:00,-0.6,0.6,-0.4615384615384615,1.0,-1.0,-1.0,2.0,1.0,720,4.0,123.63,123.641,123.449,123.607,3332.0,12.0,33.44,0.196,-0.278,-0.306,124.276,123.33,73.56,63.77,36.07,17.37,26.82,23.22,124.91,43.2,0.127,0,1,0,0,0,0,0,0,1
2020-09-17 12:00:00,11.8,11.8,0.7108433734939759,1.0,1.0,1.0,1.0,1.0,720,4.0,123.63,123.641,123.449,123.607,3332.0,12.0,33.44,0.196,-0.278,-0.306,124.276,123.33,73.56,63.77,36.07,17.37,26.82,23.22,124.91,43.2,0.127,1,0,0,0,0,0,0,0,1
2020-09-17 12:00:00,1.5999999999999999,1.5999999999999999,0.6666666666666666,1.0,1.0,1.0,1.0,1.0,720,4.0,123.63,123.641,123.449,123.607,3332.0,12.0,33.44,0.196,-0.278,-0.306,124.276,123.33,73.56,63.77,36.07,17.37,26.82,23.22,124.91,43.2,0.127,1,0,0,0,0,0,0,0,1
2020-09-17 12:00:00,-0.09999999999999998,0.09999999999999998,-0.06666666666666665,1.0,-1.0,-1.0,2.0,1.0,720,4.0,123.63,123.641,123.449,123.607,3332.0,12.0,33.44,0.196,-0.278,-0.306,124.276,123.33,73.56,63.77,36.07,17.37,26.82,23.22,124.91,43.2,0.127,0,1,0,0,0,0,0,0,1
2020-09-18 11:00:00,5.199999999999999,5.199999999999999,0.244131455399061,1.0,1.0,1.0,1.0,1.0,660,5.0,123.912,123.999,123.802,123.899,2932.0,11.0,43.65,0.14,0.041,0.061,124.378,123.676,23.77,41.13,37.96,14.54,21.61,37.4,124.574,23.87,0.081,0,0,0,0,0,0,0,1,1
2020-09-18 11:00:00,2.0000000000000018,2.0000000000000018,0.12820512820512833,1.0,1.0,1.0,1.0,1.0,660,5.0,123.912,123.999,123.802,123.899,2932.0,11.0,43.65,0.14,0.041,0.061,124.378,123.676,23.77,41.13,37.96,14.54,21.61,37.4,124.574,23.87,0.081,0,0,0,0,0,0,0,1,1
2020-09-22 17:00:00,0.6999999999999993,0.6999999999999993,0.04487179487179483,1.0,1.0,1.0,1.0,1.0,1020,2.0,122.895,123.092,122.837,122.86,6993.0,17.0,43.14,0.194,-0.108,-0.129,123.265,122.644,49.02,56.32,18.9,17.68,11.61,35.95,123.493,48.99,0.118,0,0,0,0,0,1,0,0,1
2020-09-23 11:00:00,2.0,2.0,0.03795066413662239,1.0,1.0,1.0,1.0,2.0,660,3.0,122.745,122.994,122.702,122.984,3310.0,11.0,53.75,0.187,-0.035,-0.051,123.017,122.7,74.75,60.77,13.08,16.77,14.28,40.54,123.344,49.13,0.102,1,0,0,0,0,0,0,0,1
2020-09-23 11:00:00,-2.6999999999999957,2.6999999999999957,-0.05263157894736834,1.0,-1.0,-1.0,2.0,2.0,660,3.0,122.745,122.994,122.702,122.984,3310.0,11.0,53.75,0.187,-0.035,-0.051,123.017,122.7,74.75,60.77,13.08,16.77,14.28,40.54,123.344,49.13,0.102,1,0,0,0,0,0,0,0,1
2020-09-23 11:00:00,-1.6999999999999957,1.6999999999999957,-0.03219696969696962,1.0,-1.0,-1.0,2.0,2.0,660,3.0,122.745,122.994,122.702,122.984,3310.0,11.0,53.75,0.187,-0.035,-0.051,123.017,122.7,74.75,60.77,13.08,16.77,14.28,40.54,123.344,49.13,0.102,1,0,0,0,0,0,0,0,1
2020-09-25 11:00:00,-1.0,1.0,-0.08695652173913043,1.0,-1.0,-1.0,2.0,1.0,660,5.0,123.055,123.08,122.848,122.895,3362.0,11.0,46.96,0.122,0.018,0.04,123.172,122.791,46.97,31.5,25.76,11.85,16.33,43.83,122.918,42.66,0.084,0,0,0,1,0,0,0,0,1
2020-09-25 11:00:00,1.3999999999999995,1.3999999999999995,0.20895522388059692,1.0,1.0,1.0,1.0,1.0,660,5.0,123.055,123.08,122.848,122.895,3362.0,11.0,46.96,0.122,0.018,0.04,123.172,122.791,46.97,31.5,25.76,11.85,16.33,43.83,122.918,42.66,0.084,0,0,0,1,0,0,0,0,1
2020-09-25 11:00:00,-0.3000000000000007,0.3000000000000007,-0.05084745762711876,1.0,-1.0,-1.0,2.0,1.0,660,5.0,123.055,123.08,122.848,122.895,3362.0,11.0,46.96,0.122,0.018,0.04,123.172,122.791,46.97,31.5,25.76,11.85,16.33,43.83,122.918,42.66,0.084,0,0,0,1,0,0,0,0,1
2020-09-29 12:00:00,10.799999999999999,10.799999999999999,0.47161572052401746,1.0,1.0,1.0,1.0,1.0,720,2.0,123.461,123.508,123.392,123.464,3613.0,12.0,67.78,0.138,0.143,0.11,123.451,122.859,80.68,80.02,49.57,22.79,5.99,64.36,122.939,66.02,0.095,0,0,0,0,0,1,0,0,1
2020-09-29 12:00:00,3.4000000000000004,3.4000000000000004,0.21935483870967745,1.0,1.0,1.0,1.0,1.0,720,2.0,123.461,123.508,123.392,123.464,3613.0,12.0,67.78,0.138,0.143,0.11,123.451,122.859,80.68,80.02,49.57,22.79,5.99,64.36,122.939,66.02,0.095,0,0,0,0,0,1,0,0,1
2020-09-29 12:00:00,0.18999999999999995,0.18999999999999995,0.07983193277310922,1.0,1.0,1.0,1.0,1.0,720,2.0,123.461,123.508,123.392,123.464,3613.0,12.0,67.78,0.138,0.143,0.11,123.451,122.859,80.68,80.02,49.57,22.79,5.99,64.36,122.939,66.02,0.095,0,0,0,0,1,0,0,0,1
2020-09-29 12:00:00,5.7,5.7,0.7808219178082192,1.0,1.0,1.0,1.0,1.0,720,2.0,123.461,123.508,123.392,123.464,3613.0,12.0,67.78,0.138,0.143,0.11,123.451,122.859,80.68,80.02,49.57,22.79,5.99,64.36,122.939,66.02,0.095,0,0,0,0,0,1,0,0,1
2020-09-29 12:00:00,-2.6999999999999993,2.6999999999999993,-0.16666666666666663,1.0,-1.0,-1.0,2.0,3.0,720,2.0,123.461,123.508,123.392,123.464,3613.0,12.0,67.78,0.138,0.143,0.11,123.451,122.859,80.68,80.02,49.57,22.79,5.99,64.36,122.939,66.02,0.095,0,0,0,0,0,1,0,0,1
2020-09-29 12:00:00,6.299999999999997,6.299999999999997,0.0734265734265734,1.0,1.0,1.0,1.0,2.0,720,2.0,123.461,123.508,123.392,123.464,3613.0,12.0,67.78,0.138,0.143,0.11,123.451,122.859,80.68,80.02,49.57,22.79,5.99,64.36,122.939,66.02,0.095,0,0,0,0,0,1,0,0,1
2020-10-01 12:00:00,-0.3999999999999999,0.3999999999999999,-0.1290322580645161,1.0,-1.0,-1.0,2.0,1.0,720,4.0,123.796,124.002,123.78,123.987,5388.0,12.0,60.74,0.15,0.048,0.02,124.009,123.508,55.2,59.43,36.94,20.78,9.45,64.98,123.398,49.19,0.101,0,1,0,0,0,0,0,0,1
2020-10-01 12:00:00,-0.6,0.6,-0.35294117647058826,1.0,-1.0,-1.0,2.0,1.0,720,4.0,123.796,124.002,123.78,123.987,5388.0,12.0,60.74,0.15,0.048,0.02,124.009,123.508,55.2,59.43,36.94,20.78,9.45,64.98,123.398,49.19,0.101,0,1,0,0,0,0,0,0,1
2020-10-02 12:00:00,0.2,0.2,0.2,1.0,1.0,1.0,1.0,1.0,720,5.0,123.211,123.297,123.101,123.204,4706.0,12.0,27.04,0.199,-0.168,-0.07,124.346,123.129,30.51,30.13,58.99,2.74,28.53,40.91,123.634,36.58,0.163,0,1,0,0,0,0,0,0,1
2020-10-02 12:00:00,-0.19999999999999998,0.19999999999999998,-0.15384615384615383,1.0,-1.0,-1.0,2.0,2.0,720,5.0,123.211,123.297,123.101,123.204,4706.0,12.0,27.04,0.199,-0.168,-0.07,124.346,123.129,30.51,30.13,58.99,2.74,28.53,40.91,123.634,36.58,0.163,0,1,0,0,0,0,0,0,1
2020-10-02 12:00:00,-0.49999999999999994,0.49999999999999994,-0.2941176470588235,1.0,-1.0,-1.0,2.0,2.0,720,5.0,123.211,123.297,123.101,123.204,4706.0,12.0,27.04,0.199,-0.168,-0.07,124.346,123.129,30.51,30.13,58.99,2.74,28.53,40.91,123.634,36.58,0.163,0,1,0,0,0,0,0,0,1
2020-10-02 12:00:00,0.3,0.3,0.18749999999999997,1.0,1.0,1.0,1.0,3.0,720,5.0,123.211,123.297,123.101,123.204,4706.0,12.0,27.04,0.199,-0.168,-0.07,124.346,123.129,30.51,30.13,58.99,2.74,28.53,40.91,123.634,36.58,0.163,0,1,0,0,0,0,0,0,1
2020-10-02 12:00:00,0.2,0.2,0.18181818181818182,1.0,1.0,1.0,1.0,1.0,720,5.0,123.211,123.297,123.101,123.204,4706.0,12.0,27.04,0.199,-0.168,-0.07,124.346,123.129,30.51,30.13,58.99,2.74,28.53,40.91,123.634,36.58,0.163,0,1,0,0,0,0,0,0,1
2020-10-05 11:00:00,0.3999999999999986,0.3999999999999986,0.00823045267489709,1.0,1.0,1.0,1.0,2.0,660,1.0,123.901,124.122,123.886,124.112,4104.0,11.0,70.67,0.152,0.107,0.052,124.092,123.177,84.12,80.41,37.19,29.63,9.75,61.33,123.75,72.31,0.068,1,0,0,0,0,0,0,0,1
2020-10-05 11:00:00,0.29999999999999716,0.29999999999999716,0.005870841487279788,1.0,1.0,1.0,1.0,2.0,660,1.0,123.901,124.122,123.886,124.112,4104.0,11.0,70.67,0.152,0.107,0.052,124.092,123.177,84.12,80.41,37.19,29.63,9.75,61.33,123.75,72.31,0.068,1,0,0,0,0,0,0,0,1
2020-10-05 11:30:00,-15.100000000000001,15.100000000000001,-1.9358974358974361,1.0,-1.0,-1.0,2.0,1.0,690,1.0,123.901,124.122,123.886,124.112,4104.0,11.0,70.67,0.152,0.107,0.052,124.092,123.177,84.12,80.41,37.19,29.63,9.75,61.33,123.75,72.31,0.068,0,0,0,0,0,1,0,0,1
2020-10-05 12:00:00,3.1,3.1,1.9375,1.0,1.0,1.0,1.0,1.0,720,1.0,124.111,124.201,124.081,124.168,3148.0,12.0,72.2,0.156,0.128,0.068,124.162,123.196,92.0,83.93,40.32,34.45,8.45,62.9,123.774,75.51,0.083,0,0,0,0,0,0,1,0,1
2020-10-05 12:00:00,3.5000000000000004,3.5000000000000004,1.8421052631578951,1.0,1.0,1.0,1.0,1.0,720,1.0,124.111,124.201,124.081,124.168,3148.0,12.0,72.2,0.156,0.128,0.068,124.162,123.196,92.0,83.93,40.32,34.45,8.45,62.9,123.774,75.51,0.083,0,0,0,0,0,0,1,0,1
2020-10-13 12:00:00,-18.200000000000003,18.200000000000003,-0.2545454545454546,1.0,-1.0,-1.0,2.0,2.0,720,2.0,124.341,124.411,124.257,124.352,3089.0,12.0,45.91,0.129,-0.076,-0.089,124.484,124.217,59.66,43.98,17.83,16.85,17.16,47.58,124.635,53.55,0.079,0,0,0,0,0,1,0,0,1
2020-10-14 12:00:00,8.299999999999999,8.299999999999999,0.9651162790697674,1.0,1.0,1.0,1.0,2.0,720,3.0,123.697,123.753,123.574,123.678,4313.0,12.0,32.44,0.122,-0.126,-0.138,123.97,123.686,27.07,50.0,18.61,13.87,22.05,33.09,124.414,34.67,0.087,1,0,0,0,0,0,0,0,1
2020-10-14 12:00:00,6.3,6.3,0.43448275862068964,1.0,1.0,1.0,1.0,1.0,720,3.0,123.697,123.753,123.574,123.678,4313.0,12.0,32.44,0.122,-0.126,-0.138,123.97,123.686,27.07,50.0,18.61,13.87,22.05,33.09,124.414,34.67,0.087,1,0,0,0,0,0,0,0,1
2020-10-16 12:00:00,8.2,8.2,0.5578231292517006,1.0,1.0,1.0,1.0,2.0,720,5.0,123.156,123.235,123.153,123.209,3017.0,12.0,43.39,0.125,-0.065,-0.069,123.456,123.106,47.41,57.04,21.2,14.7,15.22,47.17,123.739,42.93,0.081,0,0,0,0,0,0,0,1,1
2020-10-16 12:00:00,-2.3000000000000007,2.3000000000000007,-0.12777777777777782,1.0,-1.0,-1.0,2.0,2.0,720,5.0,123.156,123.235,123.153,123.209,3017.0,12.0,43.39,0.125,-0.065,-0.069,123.456,123.106,47.41,57.04,21.2,14.7,15.22,47.17,123.739,42.93,0.081,0,0,0,0,0,0,0,1,1
2020-10-16 12:00:00,-0.7,0.7,-0.5833333333333334,1.0,-1.0,-1.0,2.0,1.0,720,5.0,123.156,123.235,123.153,123.209,3017.0,12.0,43.39,0.125,-0.065,-0.069,123.456,123.106,47.41,57.04,21.2,14.7,15.22,47.17,123.739,42.93,0.081,0,1,0,0,0,0,0,0,1
2020-10-19 12:00:00,0.30000000000000027,0.30000000000000027,0.090909090909091,1.0,1.0,1.0,1.0,1.0,720,1.0,123.642,123.91,123.642,123.843,3426.0,12.0,69.46,0.132,0.056,0.027,123.695,123.325,83.32,69.56,22.97,33.42,11.89,58.56,123.547,73.95,0.073,1,0,0,0,0,0,0,0,1
2020-10-19 12:00:00,8.1,8.1,0.8099999999999999,1.0,1.0,1.0,1.0,1.0,720,1.0,123.642,123.91,123.642,123.843,3426.0,12.0,69.46,0.132,0.056,0.027,123.695,123.325,83.32,69.56,22.97,33.42,11.89,58.56,123.547,73.95,0.073,1,0,0,0,0,0,0,0,1
2020-10-20 11:00:00,7.9,7.9,0.5302013422818792,1.0,1.0,1.0,1.0,1.0,660,2.0,124.299,124.413,124.254,124.336,3198.0,11.0,65.3,0.117,0.137,0.149,124.378,124.018,62.89,57.65,17.9,20.93,16.28,62.2,123.635,65.05,0.071,0,0,0,0,0,0,0,1,1
2020-10-20 11:00:00,-3.5,3.5,-0.1434426229508197,1.0,-1.0,-1.0,2.0,1.0,660,2.0,124.299,124.413,124.254,124.336,3198.0,11.0,65.3,0.117,0.137,0.149,124.378,124.018,62.89,57.65,17.9,20.93,16.28,62.2,123.635,65.05,0.071,0,0,0,0,0,0,0,1,1
2020-10-22 17:00:00,-1.6999999999999993,1.6999999999999993,-0.11486486486486482,1.0,-1.0,-1.0,2.0,1.0,1020,4.0,123.807,123.979,123.796,123.951,6335.0,17.0,46.49,0.133,-0.107,-0.109,124.128,123.76,48.81,31.98,55.47,17.3,21.83,46.13,124.129,56.14,0.078,0,0,0,0,0,1,0,0,1
2020-10-23 11:00:00,0.6000000000000014,0.6000000000000014,0.010948905109489078,1.0,1.0,1.0,1.0,2.0,660,5.0,123.82,123.907,123.736,123.851,4128.0,11.0,51.75,0.156,-0.082,-0.099,124.132,123.467,84.33,67.37,22.41,20.97,16.55,46.91,124.164,63.09,0.078,1,0,0,0,0,0,0,0,1
2020-10-23 11:00:00,-1.5999999999999943,1.5999999999999943,-0.03278688524590152,1.0,-1.0,-1.0,2.0,2.0,660,5.0,123.82,123.907,123.736,123.851,4128.0,11.0,51.75,0.156,-0.082,-0.099,124.132,123.467,84.33,67.37,22.41,20.97,16.55,46.91,124.164,63.09,0.078,1,0,0,0,0,0,0,0,1
2020-10-23 11:00:00,-0.8999999999999986,0.8999999999999986,-0.017543859649122782,1.0,-1.0,-1.0,2.0,2.0,660,5.0,123.82,123.907,123.736,123.851,4128.0,11.0,51.75,0.156,-0.082,-0.099,124.132,123.467,84.33,67.37,22.41,20.97,16.55,46.91,124.164,63.09,0.078,1,0,0,0,0,0,0,0,1
2020-10-27 12:00:00,-0.20000000000000018,0.20000000000000018,-0.03448275862068969,1.0,-1.0,-1.0,2.0,1.0,720,2.0,123.526,123.681,123.494,123.655,2513.0,12.0,40.12,0.135,-0.07,-0.047,124.036,123.612,19.86,32.26,28.63,14.35,26.18,46.69,123.903,36.75,0.104,0,0,0,1,0,0,0,0,1
2020-10-27 12:00:00,0.8999999999999995,0.8999999999999995,0.12499999999999992,1.0,1.0,1.0,1.0,1.0,720,2.0,123.526,123.681,123.494,123.655,2513.0,12.0,40.12,0.135,-0.07,-0.047,124.036,123.612,19.86,32.26,28.63,14.35,26.18,46.69,123.903,36.75,0.104,0,0,0,1,0,0,0,0,1
2020-10-27 12:00:00,0.10000000000000009,0.10000000000000009,0.025000000000000022,1.0,1.0,1.0,1.0,2.0,720,2.0,123.526,123.681,123.494,123.655,2513.0,12.0,40.12,0.135,-0.07,-0.047,124.036,123.612,19.86,32.26,28.63,14.35,26.18,46.69,123.903,36.75,0.104,0,0,0,1,0,0,0,0,1
2020-10-27 12:00:00,0.9000000000000004,0.9000000000000004,0.08571428571428574,1.0,1.0,1.0,1.0,1.0,720,2.0,123.526,123.681,123.494,123.655,2513.0,12.0,40.12,0.135,-0.07,-0.047,124.036,123.612,19.86,32.26,28.63,14.35,26.18,46.69,123.903,36.75,0.104,0,0,0,1,0,0,0,0,1
2020-10-29 13:00:00,1.700000000000001,1.700000000000001,0.134920634920635,1.0,1.0,1.0,1.0,3.0,780,4.0,121.968,122.014,121.925,121.984,3357.0,13.0,25.8,0.16,-0.182,-0.098,123.001,122.016,5.59,4.28,37.16,8.91,38.21,28.15,123.297,22.09,0.099,0,0,0,0,0,1,0,0,1
2020-10-29 13:00:00,-2.9,2.9,-0.6444444444444444,1.0,-1.0,-1.0,2.0,1.0,780,4.0,121.968,122.014,121.925,121.984,3357.0,13.0,25.8,0.16,-0.182,-0.098,123.001,122.016,5.59,4.28,37.16,8.91,38.21,28.15,123.297,22.09,0.099,0,0,0,0,0,1,0,0,1
2020-10-29 13:00:00,1.7000000000000028,1.7000000000000028,0.018847006651884733,1.0,1.0,1.0,1.0,2.0,780,4.0,121.968,122.014,121.925,121.984,3357.0,13.0,25.8,0.16,-0.182,-0.098,123.001,122.016,5.59,4.28,37.16,8.91,38.21,28.15,123.297,22.09,0.099,0,0,0,0,0,1,0,0,1
2020-10-29 13:00:00,2.3000000000000007,2.3000000000000007,0.1782945736434109,1.0,1.0,1.0,1.0,1.0,780,4.0,121.968,122.014,121.925,121.984,3357.0,13.0,25.8,0.16,-0.182,-0.098,123.001,122.016,5.59,4.28,37.16,8.91,38.21,28.15,123.297,22.09,0.099,0,0,0,0,0,1,0,0,1
2020-10-29 13:00:00,2.3999999999999986,2.3999999999999986,0.15789473684210517,1.0,1.0,1.0,1.0,1.0,780,4.0,121.968,122.014,121.925,121.984,3357.0,13.0,25.8,0.16,-0.182,-0.098,123.001,122.016,5.59,4.28,37.16,8.91,38.21,28.15,123.297,22.09,0.099,0,0,0,0,0,1,0,0,1
2020-10-29 13:00:00,1.22,1.22,0.41216216216216217,1.0,1.0,1.0,1.0,1.0,780,4.0,121.968,122.014,121.925,121.984,3357.0,13.0,25.8,0.16,-0.182,-0.098,123.001,122.016,5.59,4.28,37.16,8.91,38.21,28.15,123.297,22.09,0.099,0,0,0,0,1,0,0,0,1
2020-10-30 13:00:00,0.2,0.2,0.16666666666666669,1.0,1.0,1.0,1.0,1.0,780,5.0,121.875,121.935,121.822,121.909,3439.0,13.0,40.74,0.154,-0.123,-0.134,122.225,121.743,78.14,64.87,32.31,12.04,18.13,37.55,122.781,52.26,0.101,0,1,0,0,0,0,0,0,1
2020-10-30 13:00:00,0.10000000000000003,0.10000000000000003,0.07142857142857145,1.0,1.0,1.0,1.0,3.0,780,5.0,121.875,121.935,121.822,121.909,3439.0,13.0,40.74,0.154,-0.123,-0.134,122.225,121.743,78.14,64.87,32.31,12.04,18.13,37.55,122.781,52.26,0.101,0,1,0,0,0,0,0,0,1
2020-10-30 13:00:00,0.2,0.2,0.2,1.0,1.0,1.0,1.0,2.0,780,5.0,121.875,121.935,121.822,121.909,3439.0,13.0,40.74,0.154,-0.123,-0.134,122.225,121.743,78.14,64.87,32.31,12.04,18.13,37.55,122.781,52.26,0.101,0,1,0,0,0,0,0,0,1
2020-10-30 13:00:00,26.799999999999997,26.799999999999997,1.7748344370860927,1.0,1.0,1.0,1.0,2.0,780,5.0,121.875,121.935,121.822,121.909,3439.0,13.0,40.74,0.154,-0.123,-0.134,122.225,121.743,78.14,64.87,32.31,12.04,18.13,37.55,122.781,52.26,0.101,1,0,0,0,0,0,0,0,1
2020-10-30 13:00:00,12.599999999999998,12.599999999999998,0.7039106145251396,1.0,1.0,1.0,1.0,2.0,780,5.0,121.875,121.935,121.822,121.909,3439.0,13.0,40.74,0.154,-0.123,-0.134,122.225,121.743,78.14,64.87,32.31,12.04,18.13,37.55,122.781,52.26,0.101,1,0,0,0,0,0,0,0,1
2020-10-30 13:00:00,-0.3,0.3,-0.19999999999999998,1.0,-1.0,-1.0,2.0,2.0,780,5.0,121.875,121.935,121.822,121.909,3439.0,13.0,40.74,0.154,-0.123,-0.134,122.225,121.743,78.14,64.87,32.31,12.04,18.13,37.55,122.781,52.26,0.101,0,1,0,0,0,0,0,0,1
2020-11-02 12:00:00,0.3999999999999986,0.3999999999999986,0.007220216606498169,1.0,1.0,1.0,1.0,2.0,720,1.0,121.991,122.036,121.878,121.959,2797.0,12.0,50.84,0.14,-0.012,-0.043,122.099,121.692,62.46,74.73,21.82,21.07,15.56,35.62,122.298,49.5,0.088,1,0,0,0,0,0,0,0,1
2020-11-04 12:00:00,0.6999999999999957,0.6999999999999957,0.01483050847457618,1.0,1.0,1.0,1.0,2.0,720,3.0,122.46,122.494,122.235,122.322,3998.0,12.0,49.88,0.384,0.024,0.034,122.758,122.033,60.31,55.14,23.93,17.28,18.05,50.04,122.085,51.36,0.171,1,0,0,0,0,0,0,0,1
2020-11-04 12:00:00,0.6000000000000014,0.6000000000000014,0.011904761904761934,1.0,1.0,1.0,1.0,2.0,720,3.0,122.46,122.494,122.235,122.322,3998.0,12.0,49.88,0.384,0.024,0.034,122.758,122.033,60.31,55.14,23.93,17.28,18.05,50.04,122.085,51.36,0.171,1,0,0,0,0,0,0,0,1
2020-11-04 13:00:00,0.10000000000000009,0.10000000000000009,0.0285714285714286,1.0,1.0,1.0,1.0,1.0,780,3.0,122.322,122.454,122.22,122.301,4057.0,13.0,49.24,0.388,0.018,0.028,122.726,122.032,54.13,58.09,21.38,14.98,16.5,50.04,122.085,51.89,0.161,0,1,0,0,0,0,0,0,1
2020-11-04 13:00:00,0.4,0.4,0.36363636363636365,1.0,1.0,1.0,1.0,1.0,780,3.0,122.322,122.454,122.22,122.301,4057.0,13.0,49.24,0.388,0.018,0.028,122.726,122.032,54.13,58.09,21.38,14.98,16.5,50.04,122.085,51.89,0.161,0,1,0,0,0,0,0,0,1
2020-11-05 13:00:00,1.7000000000000002,1.7000000000000002,1.1333333333333335,1.0,1.0,1.0,1.0,1.0,780,4.0,122.96,123.178,122.886,122.987,4056.0,13.0,71.68,0.204,0.132,0.05,122.934,122.104,81.98,83.49,39.59,31.27,5.83,56.98,122.225,74.66,0.145,0,0,0,0,0,0,1,0,1
2020-11-05 13:00:00,-1.7,1.7,-1.3076923076923077,1.0,-1.0,-1.0,2.0,1.0,780,4.0,122.96,123.178,122.886,122.987,4056.0,13.0,71.68,0.204,0.132,0.05,122.934,122.104,81.98,83.49,39.59,31.27,5.83,56.98,122.225,74.66,0.145,0,0,0,0,0,0,1,0,1
2020-11-09 12:30:00,3.0999999999999996,3.0999999999999996,0.21985815602836878,1.0,1.0,1.0,1.0,1.0,750,1.0,123.16,123.167,123.065,123.166,2085.0,12.0,67.36,0.147,0.136,0.114,123.194,122.542,68.68,62.01,61.29,19.42,7.08,80.31,122.638,62.21,0.09,0,0,0,0,0,1,0,0,1
2020-11-10 13:00:00,-30.900000000000006,30.900000000000006,-0.4775888717156106,1.0,-1.0,-1.0,2.0,2.0,780,2.0,124.244,124.295,124.093,124.178,4048.0,13.0,53.07,0.209,0.143,0.198,124.737,123.944,46.15,56.56,21.94,11.6,18.42,67.68,123.133,46.58,0.126,0,0,0,0,0,1,0,0,1
2020-11-12 13:00:00,1.1,1.1,0.44000000000000006,1.0,1.0,1.0,1.0,2.0,780,4.0,124.416,124.491,124.34,124.418,2246.0,13.0,61.28,0.163,0.016,-0.058,124.492,123.766,90.77,90.53,23.13,22.15,21.57,57.4,123.999,70.56,0.114,1,0,0,0,0,0,0,0,1
2020-11-12 13:00:00,-7.0,7.0,-5.833333333333334,1.0,-1.0,-1.0,2.0,1.0,780,4.0,124.416,124.491,124.34,124.418,2246.0,13.0,61.28,0.163,0.016,-0.058,124.492,123.766,90.77,90.53,23.13,22.15,21.57,57.4,123.999,70.56,0.114,1,0,0,0,0,0,0,0,1
2020-11-13 13:00:00,10.4,10.4,0.6753246753246753,1.0,1.0,1.0,1.0,2.0,780,5.0,124.219,124.248,124.005,124.036,3010.0,13.0,48.12,0.149,-0.008,-0.051,124.317,123.764,70.69,81.07,38.27,19.71,17.53,48.44,124.199,57.02,0.094,0,0,0,0,0,0,0,1,1
2020-11-13 13:00:00,8.8,8.8,0.54320987654321,1.0,1.0,1.0,1.0,2.0,780,5.0,124.219,124.248,124.005,124.036,3010.0,13.0,48.12,0.149,-0.008,-0.051,124.317,123.764,70.69,81.07,38.27,19.71,17.53,48.44,124.199,57.02,0.094,0,0,0,0,0,0,0,1,1
2020-11-13 13:00:00,-0.09999999999999964,0.09999999999999964,-0.007299270072992675,1.0,-1.0,-1.0,2.0,2.0,780,5.0,124.219,124.248,124.005,124.036,3010.0,13.0,48.12,0.149,-0.008,-0.051,124.317,123.764,70.69,81.07,38.27,19.71,17.53,48.44,124.199,57.02,0.094,1,0,0,0,0,0,0,0,1
2020-11-13 13:00:00,1.5,1.5,0.3333333333333333,1.0,1.0,1.0,1.0,1.0,780,5.0,124.219,124.248,124.005,124.036,3010.0,13.0,48.12,0.149,-0.008,-0.051,124.317,123.764,70.69,81.07,38.27,19.71,17.53,48.44,124.199,57.02,0.094,0,0,1,0,0,0,0,0,1
2020-11-13 13:00:00,4.0,4.0,0.9756097560975611,1.0,1.0,1.0,1.0,1.0,780,5.0,124.219,124.248,124.005,124.036,3010.0,13.0,48.12,0.149,-0.008,-0.051,124.317,123.764,70.69,81.07,38.27,19.71,17.53,48.44,124.199,57.02,0.094,0,0,1,0,0,0,0,0,1
2020-11-13 13:00:00,-0.10000000000000053,0.10000000000000053,-0.018867924528301987,1.0,-1.0,-1.0,2.0,2.0,780,5.0,124.219,124.248,124.005,124.036,3010.0,13.0,48.12,0.149,-0.008,-0.051,124.317,123.764,70.69,81.07,38.27,19.71,17.53,48.44,124.199,57.02,0.094,1,0,0,0,0,0,0,0,1
2020-11-18 13:00:00,0.4,0.4,0.22222222222222224,1.0,1.0,1.0,1.0,1.0,780,3.0,123.344,123.438,123.27,123.354,3886.0,13.0,35.32,0.112,-0.097,-0.095,123.699,123.32,25.62,33.24,24.4,11.84,24.65,36.82,123.79,32.42,0.083,0,1,0,0,0,0,0,0,1
2020-11-19 12:00:00,5.899999999999999,5.899999999999999,0.20629370629370625,1.0,1.0,1.0,1.0,1.0,720,4.0,123.09,123.201,123.04,123.145,4903.0,12.0,50.47,0.144,-0.089,-0.131,123.232,122.849,58.85,50.63,24.34,23.74,16.01,34.71,123.558,55.37,0.094,0,0,0,0,0,0,0,1,1
2020-11-19 12:00:00,-3.400000000000002,3.400000000000002,-0.11486486486486493,1.0,-1.0,-1.0,2.0,1.0,720,4.0,123.09,123.201,123.04,123.145,4903.0,12.0,50.47,0.144,-0.089,-0.131,123.232,122.849,58.85,50.63,24.34,23.74,16.01,34.71,123.558,55.37,0.094,0,0,0,0,0,0,0,1,1
2020-11-19 13:00:00,-15.1,15.1,-1.143939393939394,1.0,-1.0,-1.0,2.0,1.0,780,4.0,123.144,123.188,123.067,123.145,3606.0,13.0,50.47,0.144,-0.074,-0.123,123.238,122.847,79.82,60.97,23.68,20.58,13.88,34.71,123.558,59.45,0.099,1,0,0,0,0,0,0,0,1
2020-11-19 13:00:00,5.3,5.3,0.6022727272727272,1.0,1.0,1.0,1.0,1.0,780,4.0,123.144,123.188,123.067,123.145,3606.0,13.0,50.47,0.144,-0.074,-0.123,123.238,122.847,79.82,60.97,23.68,20.58,13.88,34.71,123.558,59.45,0.099,1,0,0,0,0,0,0,0,1
2020-11-20 18:00:00,-2.200000000000001,2.200000000000001,-0.1341463414634147,1.0,-1.0,-1.0,2.0,1.0,1080,5.0,123.053,123.168,123.053,123.088,2992.0,18.0,43.97,0.122,-0.011,0.016,123.412,123.032,32.93,44.03,23.05,10.53,22.27,40.99,123.364,46.01,0.063,0,0,0,0,0,1,0,0,1
2020-11-23 12:00:00,-4.600000000000001,4.600000000000001,-0.09072978303747536,1.0,-1.0,-1.0,2.0,2.0,720,1.0,123.278,123.368,123.181,123.35,3501.0,12.0,64.98,0.099,0.029,0.009,123.321,123.027,79.25,63.13,34.39,29.22,11.2,53.51,123.235,56.97,0.074,1,0,0,0,0,0,0,0,1
2020-11-23 12:00:00,-1.1000000000000014,1.1000000000000014,-0.01974865350089769,1.0,-1.0,-1.0,2.0,2.0,720,1.0,123.278,123.368,123.181,123.35,3501.0,12.0,64.98,0.099,0.029,0.009,123.321,123.027,79.25,63.13,34.39,29.22,11.2,53.51,123.235,56.97,0.074,1,0,0,0,0,0,0,0,1
2020-11-23 12:00:00,-5.200000000000003,5.200000000000003,-0.10947368421052638,1.0,-1.0,-1.0,2.0,2.0,720,1.0,123.278,123.368,123.181,123.35,3501.0,12.0,64.98,0.099,0.029,0.009,123.321,123.027,79.25,63.13,34.39,29.22,11.2,53.51,123.235,56.97,0.074,1,0,0,0,0,0,0,0,1
2020-11-26 12:00:00,-0.10000000000000053,0.10000000000000053,-0.0175438596491229,1.0,-1.0,-1.0,2.0,1.0,720,4.0,124.111,124.22,124.092,124.172,3000.0,12.0,41.72,0.12,-0.001,0.046,124.572,124.16,8.05,16.44,30.43,14.58,19.91,52.91,123.893,35.78,0.08,0,0,0,1,0,0,0,0,1
2020-11-26 12:00:00,-0.7000000000000002,0.7000000000000002,-0.08235294117647061,1.0,-1.0,-1.0,2.0,1.0,720,4.0,124.111,124.22,124.092,124.172,3000.0,12.0,41.72,0.12,-0.001,0.046,124.572,124.16,8.05,16.44,30.43,14.58,19.91,52.91,123.893,35.78,0.08,0,0,0,1,0,0,0,0,1
2020-11-26 12:00:00,-0.5,0.5,-0.041666666666666664,1.0,-1.0,-1.0,2.0,1.0,720,4.0,124.111,124.22,124.092,124.172,3000.0,12.0,41.72,0.12,-0.001,0.046,124.572,124.16,8.05,16.44,30.43,14.58,19.91,52.91,123.893,35.78,0.08,0,0,0,1,0,0,0,0,1
2020-11-27 13:00:00,1.700000000000001,1.700000000000001,0.11564625850340143,1.0,1.0,1.0,1.0,3.0,780,5.0,124.128,124.184,124.101,124.167,2774.0,13.0,53.46,0.124,-0.03,-0.058,124.275,123.913,80.15,75.85,21.07,21.39,13.4,59.94,124.113,58.94,0.077,0,0,0,0,0,1,0,0,1
2020-11-27 13:00:00,-1.7,1.7,-0.5862068965517241,1.0,-1.0,-1.0,2.0,1.0,780,5.0,124.128,124.184,124.101,124.167,2774.0,13.0,53.46,0.124,-0.03,-0.058,124.275,123.913,80.15,75.85,21.07,21.39,13.4,59.94,124.113,58.94,0.077,0,0,0,0,0,1,0,0,1
2020-11-27 13:00:00,-3.200000000000003,3.200000000000003,-0.0348583877995643,1.0,-1.0,-1.0,2.0,2.0,780,5.0,124.128,124.184,124.101,124.167,2774.0,13.0,53.46,0.124,-0.03,-0.058,124.275,123.913,80.15,75.85,21.07,21.39,13.4,59.94,124.113,58.94,0.077,0,0,0,0,0,1,0,0,1
2020-11-27 13:00:00,0.3000000000000007,0.3000000000000007,0.02631578947368427,1.0,1.0,1.0,1.0,1.0,780,5.0,124.128,124.184,124.101,124.167,2774.0,13.0,53.46,0.124,-0.03,-0.058,124.275,123.913,80.15,75.85,21.07,21.39,13.4,59.94,124.113,58.94,0.077,0,0,0,0,0,1,0,0,1
2020-11-27 13:00:00,-5.800000000000001,5.800000000000001,-0.4640000000000001,1.0,-1.0,-1.0,2.0,1.0,780,5.0,124.128,124.184,124.101,124.167,2774.0,13.0,53.46,0.124,-0.03,-0.058,124.275,123.913,80.15,75.85,21.07,21.39,13.4,59.94,124.113,58.94,0.077,0,0,0,0,0,1,0,0,1
2020-11-27 13:00:00,-0.66,0.66,-0.6407766990291263,1.0,-1.0,-1.0,2.0,1.0,780,5.0,124.128,124.184,124.101,124.167,2774.0,13.0,53.46,0.124,-0.03,-0.058,124.275,123.913,80.15,75.85,21.07,21.39,13.4,59.94,124.113,58.94,0.077,0,0,0,0,1,0,0,0,1
2020-12-01 12:00:00,0.19999999999999574,0.19999999999999574,0.003663003663003585,1.0,1.0,1.0,1.0,2.0,720,2.0,124.932,124.962,124.88,124.928,3333.0,12.0,63.22,0.135,0.098,0.076,125.025,124.396,79.7,70.36,35.29,26.2,9.61,67.36,124.423,58.33,0.077,1,0,0,0,0,0,0,0,1
2020-12-01 13:00:00,-0.4,0.4,-0.36363636363636365,1.0,-1.0,-1.0,2.0,1.0,780,2.0,124.928,124.947,124.852,124.941,3706.0,13.0,63.77,0.125,0.102,0.082,125.048,124.389,88.2,80.46,34.57,22.7,12.26,67.36,124.423,54.83,0.074,0,1,0,0,0,0,0,0,1
2020-12-01 13:00:00,-0.5,0.5,-0.45454545454545453,1.0,-1.0,-1.0,2.0,1.0,780,2.0,124.928,124.947,124.852,124.941,3706.0,13.0,63.77,0.125,0.102,0.082,125.048,124.389,88.2,80.46,34.57,22.7,12.26,67.36,124.423,54.83,0.074,0,1,0,0,0,0,0,0,1
2020-12-01 13:00:00,-0.19999999999999998,0.19999999999999998,-0.1818181818181818,1.0,-1.0,-1.0,2.0,2.0,780,2.0,124.928,124.947,124.852,124.941,3706.0,13.0,63.77,0.125,0.102,0.082,125.048,124.389,88.2,80.46,34.57,22.7,12.26,67.36,124.423,54.83,0.074,0,1,0,0,0,0,0,0,1
2020-12-01 13:00:00,0.30000000000000004,0.30000000000000004,0.27272727272727276,1.0,1.0,1.0,1.0,2.0,780,2.0,124.928,124.947,124.852,124.941,3706.0,13.0,63.77,0.125,0.102,0.082,125.048,124.389,88.2,80.46,34.57,22.7,12.26,67.36,124.423,54.83,0.074,0,1,0,0,0,0,0,0,1
2020-12-01 13:00:00,-0.3,0.3,-0.3,1.0,-1.0,-1.0,2.0,3.0,780,2.0,124.928,124.947,124.852,124.941,3706.0,13.0,63.77,0.125,0.102,0.082,125.048,124.389,88.2,80.46,34.57,22.7,12.26,67.36,124.423,54.83,0.074,0,1,0,0,0,0,0,0,1
2020-12-02 13:00:00,0.10000000000000003,0.10000000000000003,0.07692307692307694,1.0,1.0,1.0,1.0,1.0,780,3.0,126.13,126.22,126.116,126.22,2995.0,13.0,72.34,0.139,0.269,0.3,126.311,125.64,60.34,51.44,55.18,17.7,6.17,79.67,124.849,53.1,0.094,0,1,0,0,0,0,0,0,1
2020-12-02 13:00:00,-0.09999999999999964,0.09999999999999964,-0.010526315789473648,1.0,1.0,1.0,1.0,2.0,780,3.0,126.13,126.22,126.116,126.22,2995.0,13.0,72.34,0.139,0.269,0.3,126.311,125.64,60.34,51.44,55.18,17.7,6.17,79.67,124.849,53.1,0.094,0,0,1,0,0,0,0,0,1
2020-12-02 13:00:00,0.6000000000000001,0.6000000000000001,0.16666666666666669,1.0,1.0,1.0,1.0,1.0,780,3.0,126.13,126.22,126.116,126.22,2995.0,13.0,72.34,0.139,0.269,0.3,126.311,125.64,60.34,51.44,55.18,17.7,6.17,79.67,124.849,53.1,0.094,0,1,0,0,0,0,0,0,1
2020-12-03 12:00:00,0.4000000000000057,0.4000000000000057,0.009456264775413847,1.0,1.0,1.0,1.0,2.0,720,4.0,126.293,126.375,126.242,126.353,3673.0,12.0,51.09,0.135,0.099,0.17,126.678,126.274,24.03,22.2,43.34,7.67,22.92,72.79,125.437,31.45,0.1,1,0,0,0,0,0,0,0,1
2020-12-03 12:00:00,0.19999999999999574,0.19999999999999574,0.004338394793926155,1.0,1.0,1.0,1.0,2.0,720,4.0,126.293,126.375,126.242,126.353,3673.0,12.0,51.09,0.135,0.099,0.17,126.678,126.274,24.03,22.2,43.34,7.67,22.92,72.79,125.437,31.45,0.1,1,0,0,0,0,0,0,0,1
2020-12-03 13:00:00,4.0,4.0,3.0769230769230766,1.0,1.0,1.0,1.0,1.0,780,4.0,126.353,126.515,126.339,126.487,3624.0,13.0,58.62,0.142,0.095,0.157,126.673,126.295,41.28,28.6,38.5,17.26,19.87,72.79,125.437,48.26,0.104,0,0,0,0,0,0,1,0,1
2020-12-03 13:00:00,2.0,2.0,1.3333333333333333,1.0,1.0,1.0,1.0,1.0,780,4.0,126.353,126.515,126.339,126.487,3624.0,13.0,58.62,0.142,0.095,0.157,126.673,126.295,41.28,28.6,38.5,17.26,19.87,72.79,125.437,48.26,0.104,0,0,0,0,0,0,1,0,1
2020-12-07 12:30:00,22.2,22.2,0.8571428571428572,1.0,1.0,1.0,1.0,1.0,750,1.0,126.121,126.241,126.054,126.17,3966.0,12.0,44.07,0.14,-0.048,-0.032,126.508,126.055,39.38,38.14,30.0,18.58,25.15,58.79,126.243,44.62,0.085,0,0,0,0,0,1,0,0,1
2020-12-08 13:00:00,0.09999999999999998,0.09999999999999998,0.05263157894736841,1.0,1.0,1.0,1.0,1.0,780,2.0,126.071,126.189,126.036,126.045,3671.0,13.0,44.81,0.107,-0.028,-0.047,126.219,125.905,51.17,61.36,21.6,15.28,17.88,55.05,126.264,52.64,0.098,0,0,1,0,0,0,0,0,1
2020-12-08 13:00:00,-0.2999999999999998,0.2999999999999998,-0.09999999999999994,1.0,-1.0,-1.0,2.0,1.0,780,2.0,126.071,126.189,126.036,126.045,3671.0,13.0,44.81,0.107,-0.028,-0.047,126.219,125.905,51.17,61.36,21.6,15.28,17.88,55.05,126.264,52.64,0.098,0,0,1,0,0,0,0,0,1
2020-12-08 13:00:00,0.10000000000000053,0.10000000000000053,0.018518518518518615,1.0,1.0,1.0,1.0,2.0,780,2.0,126.071,126.189,126.036,126.045,3671.0,13.0,44.81,0.107,-0.028,-0.047,126.219,125.905,51.17,61.36,21.6,15.28,17.88,55.05,126.264,52.64,0.098,1,0,0,0,0,0,0,0,1
2020-12-08 13:00:00,-0.09999999999999964,0.09999999999999964,-0.007352941176470562,1.0,-1.0,-1.0,2.0,2.0,780,2.0,126.071,126.189,126.036,126.045,3671.0,13.0,44.81,0.107,-0.028,-0.047,126.219,125.905,51.17,61.36,21.6,15.28,17.88,55.05,126.264,52.64,0.098,1,0,0,0,0,0,0,0,1
2020-12-08 13:00:00,11.699999999999996,11.699999999999996,0.26773455377574357,1.0,1.0,1.0,1.0,2.0,780,2.0,126.071,126.189,126.036,126.045,3671.0,13.0,44.81,0.107,-0.028,-0.047,126.219,125.905,51.17,61.36,21.6,15.28,17.88,55.05,126.264,52.64,0.098,0,0,0,0,0,1,0,0,1
2020-12-14 13:00:00,3.2,3.2,1.5238095238095237,1.0,1.0,1.0,1.0,2.0,780,1.0,126.031,126.19,126.019,126.122,3334.0,13.0,47.98,0.139,-0.011,-0.008,126.354,125.856,17.31,18.86,23.93,19.92,17.14,47.07,126.189,44.49,0.087,1,0,0,0,0,0,0,0,1
2020-12-14 13:00:00,10.5,10.5,0.6862745098039216,1.0,1.0,1.0,1.0,1.0,780,1.0,126.031,126.19,126.019,126.122,3334.0,13.0,47.98,0.139,-0.011,-0.008,126.354,125.856,17.31,18.86,23.93,19.92,17.14,47.07,126.189,44.49,0.087,1,0,0,0,0,0,0,0,1
2020-12-16 12:00:00,4.599999999999994,4.599999999999994,0.09956709956709944,1.0,1.0,1.0,1.0,2.0,720,3.0,126.073,126.147,125.998,126.084,3931.0,12.0,51.51,0.141,-0.056,-0.091,126.2,125.781,82.13,68.78,25.43,15.47,23.31,49.62,126.198,53.96,0.1,1,0,0,0,0,0,0,0,1
2020-12-16 12:00:00,1.7000000000000028,1.7000000000000028,0.03102189781021903,1.0,1.0,1.0,1.0,2.0,720,3.0,126.073,126.147,125.998,126.084,3931.0,12.0,51.51,0.141,-0.056,-0.091,126.2,125.781,82.13,68.78,25.43,15.47,23.31,49.62,126.198,53.96,0.1,1,0,0,0,0,0,0,0,1
2020-12-16 12:00:00,5.799999999999997,5.799999999999997,0.13647058823529404,1.0,1.0,1.0,1.0,2.0,720,3.0,126.073,126.147,125.998,126.084,3931.0,12.0,51.51,0.141,-0.056,-0.091,126.2,125.781,82.13,68.78,25.43,15.47,23.31,49.62,126.198,53.96,0.1,1,0,0,0,0,0,0,0,1
2020-12-16 13:00:00,-2.1,2.1,-0.44680851063829785,1.0,-1.0,-1.0,2.0,1.0,780,3.0,126.082,126.085,125.949,125.993,3314.0,13.0,47.35,0.143,-0.052,-0.087,126.193,125.78,70.88,73.29,26.07,13.41,25.01,49.62,126.198,52.41,0.106,0,0,0,0,1,0,0,0,1
2020-12-16 13:00:00,-3.0,3.0,-0.48387096774193544,1.0,-1.0,-1.0,2.0,2.0,780,3.0,126.082,126.085,125.949,125.993,3314.0,13.0,47.35,0.143,-0.052,-0.087,126.193,125.78,70.88,73.29,26.07,13.41,25.01,49.62,126.198,52.41,0.106,0,0,1,0,0,0,0,0,1
2020-12-16 13:00:00,-3.700000000000003,3.700000000000003,-0.12091503267973865,1.0,-1.0,-1.0,2.0,2.0,780,3.0,126.082,126.085,125.949,125.993,3314.0,13.0,47.35,0.143,-0.052,-0.087,126.193,125.78,70.88,73.29,26.07,13.41,25.01,49.62,126.198,52.41,0.106,0,0,0,0,0,0,0,1,1
2020-12-16 13:00:00,0.8000000000000007,0.8000000000000007,0.026490066225165587,1.0,1.0,1.0,1.0,2.0,780,3.0,126.082,126.085,125.949,125.993,3314.0,13.0,47.35,0.143,-0.052,-0.087,126.193,125.78,70.88,73.29,26.07,13.41,25.01,49.62,126.198,52.41,0.106,0,0,0,0,0,0,0,1,1
2020-12-16 13:00:00,1.3,1.3,0.7222222222222222,1.0,1.0,1.0,1.0,1.0,780,3.0,126.082,126.085,125.949,125.993,3314.0,13.0,47.35,0.143,-0.052,-0.087,126.193,125.78,70.88,73.29,26.07,13.41,25.01,49.62,126.198,52.41,0.106,1,0,0,0,0,0,0,0,1
2020-12-16 13:00:00,11.0,11.0,0.8208955223880596,1.0,1.0,1.0,1.0,1.0,780,3.0,126.082,126.085,125.949,125.993,3314.0,13.0,47.35,0.143,-0.052,-0.087,126.193,125.78,70.88,73.29,26.07,13.41,25.01,49.62,126.198,52.41,0.106,1,0,0,0,0,0,0,0,1
2020-12-17 13:00:00,0.09999999999999998,0.09999999999999998,0.06666666666666665,1.0,1.0,1.0,1.0,1.0,780,4.0,126.055,126.154,126.044,126.1,3098.0,13.0,47.13,0.133,0.013,0.036,126.317,126.002,12.22,13.44,22.58,14.46,24.63,50.21,126.159,38.36,0.073,0,1,0,0,0,0,0,0,1
2020-12-18 12:00:00,-6.399999999999999,6.399999999999999,-0.18823529411764703,1.0,-1.0,-1.0,2.0,1.0,720,5.0,126.844,126.857,126.74,126.769,3685.0,12.0,66.18,0.124,0.144,0.128,126.884,126.237,50.32,56.92,43.75,24.12,10.97,54.6,126.28,56.83,0.101,0,0,0,0,0,0,0,1,1
2020-12-21 18:00:00,3.5999999999999996,3.5999999999999996,0.19459459459459458,1.0,1.0,1.0,1.0,1.0,1080,1.0,126.386,126.554,126.332,126.515,4774.0,18.0,56.87,0.241,-0.014,-0.064,126.622,125.862,85.76,67.37,16.47,17.2,13.56,54.61,126.275,56.59,0.123,0,0,0,0,0,1,0,0,1
2021-01-04 12:00:00,-0.29999999999999716,0.29999999999999716,-0.005309734513274286,1.0,-1.0,-1.0,2.0,2.0,720,1.0,126.308,126.391,126.262,126.366,3871.0,12.0,51.0,0.175,-0.072,-0.113,126.408,126.049,82.86,69.44,32.49,19.22,4.85,53.89,126.699,60.4,0.08,1,0,0,0,0,0,0,0,1
2021-01-05 12:00:00,-0.2999999999999998,0.2999999999999998,-0.03658536585365852,1.0,-1.0,-1.0,2.0,1.0,720,2.0,126.206,126.351,126.205,126.301,4136.0,12.0,47.25,0.127,-0.034,-0.014,126.539,126.174,47.79,32.27,25.74,13.73,20.4,43.31,126.548,47.84,0.09,0,0,0,1,0,0,0,0,1
2021-01-06 12:00:00,-0.6999999999999957,0.6999999999999957,-0.013779527559055035,1.0,-1.0,-1.0,2.0,2.0,720,3.0,126.919,126.952,126.846,126.885,4992.0,12.0,70.61,0.166,0.129,0.043,126.858,125.953,90.07,89.66,60.74,28.11,1.67,64.51,126.475,75.82,0.105,1,0,0,0,0,0,0,0,1
2021-01-06 12:00:00,-0.8999999999999986,0.8999999999999986,-0.01863354037267078,1.0,-1.0,-1.0,2.0,2.0,720,3.0,126.919,126.952,126.846,126.885,4992.0,12.0,70.61,0.166,0.129,0.043,126.858,125.953,90.07,89.66,60.74,28.11,1.67,64.51,126.475,75.82,0.105,1,0,0,0,0,0,0,0,1
2021-01-06 13:00:00,0.10000000000000003,0.10000000000000003,0.07692307692307694,1.0,1.0,1.0,1.0,1.0,780,3.0,126.888,126.944,126.791,126.83,4408.0,13.0,67.1,0.168,0.139,0.06,126.914,125.962,87.73,89.92,60.54,24.36,6.24,64.51,126.475,69.22,0.086,0,1,0,0,0,0,0,0,1
2021-01-06 13:00:00,-0.09999999999999987,0.09999999999999987,-0.03571428571428567,1.0,-1.0,-1.0,2.0,1.0,780,3.0,126.888,126.944,126.791,126.83,4408.0,13.0,67.1,0.168,0.139,0.06,126.914,125.962,87.73,89.92,60.54,24.36,6.24,64.51,126.475,69.22,0.086,0,1,0,0,0,0,0,0,1
2021-01-07 13:00:00,0.4,0.4,0.36363636363636365,1.0,1.0,1.0,1.0,1.0,780,4.0,126.995,127.164,126.98,127.08,4934.0,13.0,55.55,0.154,0.097,0.134,127.257,126.87,30.4,34.19,18.39,18.24,19.42,61.85,126.553,43.15,0.12,0,1,0,0,0,0,0,0,1
2021-01-07 13:00:00,0.19999999999999998,0.19999999999999998,0.1818181818181818,1.0,1.0,1.0,1.0,2.0,780,4.0,126.995,127.164,126.98,127.08,4934.0,13.0,55.55,0.154,0.097,0.134,127.257,126.87,30.4,34.19,18.39,18.24,19.42,61.85,126.553,43.15,0.12,0,1,0,0,0,0,0,0,1
2021-01-07 13:00:00,0.4,0.4,0.4,1.0,1.0,1.0,1.0,1.0,780,4.0,126.995,127.164,126.98,127.08,4934.0,13.0,55.55,0.154,0.097,0.134,127.257,126.87,30.4,34.19,18.39,18.24,19.42,61.85,126.553,43.15,0.12,0,1,0,0,0,0,0,0,1
2021-01-07 13:00:00,-3.1,3.1,-2.5833333333333335,1.0,-1.0,-1.0,2.0,1.0,780,4.0,126.995,127.164,126.98,127.08,4934.0,13.0,55.55,0.154,0.097,0.134,127.257,126.87,30.4,34.19,18.39,18.24,19.42,61.85,126.553,43.15,0.12,0,0,0,0,0,0,1,0,1
2021-01-07 13:00:00,-6.3,6.3,-5.25,1.0,-1.0,-1.0,2.0,1.0,780,4.0,126.995,127.164,126.98,127.08,4934.0,13.0,55.55,0.154,0.097,0.134,127.257,126.87,30.4,34.19,18.39,18.24,19.42,61.85,126.553,43.15,0.12,0,0,0,0,0,0,1,0,1
2021-01-07 13:00:00,0.10000000000000003,0.10000000000000003,0.07142857142857145,1.0,1.0,1.0,1.0,3.0,780,4.0,126.995,127.164,126.98,127.08,4934.0,13.0,55.55,0.154,0.097,0.134,127.257,126.87,30.4,34.19,18.39,18.24,19.42,61.85,126.553,43.15,0.12,0,1,0,0,0,0,0,0,1
2021-01-07 13:00:00,-2.599999999999998,2.599999999999998,-0.1645569620253163,1.0,-1.0,-1.0,2.0,1.0,780,4.0,126.995,127.164,126.98,127.08,4934.0,13.0,55.55,0.154,0.097,0.134,127.257,126.87,30.4,34.19,18.39,18.24,19.42,61.85,126.553,43.15,0.12,0,0,0,0,0,1,0,0,1
2021-01-07 13:00:00,2.7,2.7,0.24770642201834864,1.0,1.0,1.0,1.0,1.0,780,4.0,126.995,127.164,126.98,127.08,4934.0,13.0,55.55,0.154,0.097,0.134,127.257,126.87,30.4,34.19,18.39,18.24,19.42,61.85,126.553,43.15,0.12,0,0,0,0,0,1,0,0,1
2021-01-07 13:00:00,1.3000000000000114,1.3000000000000114,0.014428412874583922,1.0,1.0,1.0,1.0,2.0,780,4.0,126.995,127.164,126.98,127.08,4934.0,13.0,55.55,0.154,0.097,0.134,127.257,126.87,30.4,34.19,18.39,18.24,19.42,61.85,126.553,43.15,0.12,0,0,0,0,0,1,0,0,1
2021-01-07 13:00:00,5.3,5.3,2.4090909090909087,1.0,1.0,1.0,1.0,1.0,780,4.0,126.995,127.164,126.98,127.08,4934.0,13.0,55.55,0.154,0.097,0.134,127.257,126.87,30.4,34.19,18.39,18.24,19.42,61.85,126.553,43.15,0.12,0,0,0,0,0,1,0,0,1
2021-01-07 13:00:00,-3.5,3.5,-0.18134715025906736,1.0,-1.0,-1.0,2.0,3.0,780,4.0,126.995,127.164,126.98,127.08,4934.0,13.0,55.55,0.154,0.097,0.134,127.257,126.87,30.4,34.19,18.39,18.24,19.42,61.85,126.553,43.15,0.12,0,0,0,0,0,1,0,0,1
2021-01-07 13:00:00,-0.5599999999999999,0.5599999999999999,-0.4869565217391304,1.0,-1.0,-1.0,2.0,1.0,780,4.0,126.995,127.164,126.98,127.08,4934.0,13.0,55.55,0.154,0.097,0.134,127.257,126.87,30.4,34.19,18.39,18.24,19.42,61.85,126.553,43.15,0.12,0,0,0,0,1,0,0,0,1
2021-01-08 13:00:00,-0.29999999999999893,0.29999999999999893,-0.03124999999999989,1.0,1.0,1.0,1.0,2.0,780,5.0,127.158,127.241,127.052,127.199,3358.0,13.0,48.55,0.136,0.009,0.053,127.519,127.097,36.68,27.2,18.98,19.05,20.97,57.05,126.789,43.85,0.09,0,0,1,0,0,0,0,0,1
2021-01-11 12:30:00,9.3,9.3,1.0333333333333334,1.0,1.0,1.0,1.0,1.0,750,1.0,126.596,126.681,126.561,126.669,3717.0,12.0,35.51,0.13,-0.111,-0.097,127.248,126.587,17.26,32.1,21.38,15.0,19.6,43.28,126.93,30.22,0.084,0,0,0,0,0,1,0,0,1
2021-01-13 13:00:00,-2.3,2.3,-0.8518518518518517,1.0,-1.0,-1.0,2.0,1.0,780,3.0,126.561,126.591,126.442,126.466,3461.0,13.0,37.99,0.108,-0.04,-0.038,126.715,126.461,31.62,33.45,16.52,14.69,18.98,35.94,126.837,52.78,0.07,1,0,0,0,0,0,0,0,1
2021-01-13 13:00:00,1.8,1.8,1.0588235294117647,1.0,1.0,1.0,1.0,2.0,780,3.0,126.561,126.591,126.442,126.466,3461.0,13.0,37.99,0.108,-0.04,-0.038,126.715,126.461,31.62,33.45,16.52,14.69,18.98,35.94,126.837,52.78,0.07,1,0,0,0,0,0,0,0,1
2021-01-15 13:00:00,2.5,2.5,0.1059322033898305,1.0,1.0,1.0,1.0,2.0,780,5.0,125.751,125.806,125.617,125.667,3020.0,13.0,22.24,0.13,-0.134,-0.097,126.294,125.719,29.73,34.17,46.28,8.68,38.77,26.72,126.375,34.63,0.085,0,0,0,0,0,0,0,1,1
2021-01-15 13:00:00,-2.0,2.0,-0.06944444444444445,1.0,-1.0,-1.0,2.0,2.0,780,5.0,125.751,125.806,125.617,125.667,3020.0,13.0,22.24,0.13,-0.134,-0.097,126.294,125.719,29.73,34.17,46.28,8.68,38.77,26.72,126.375,34.63,0.085,0,0,0,0,0,0,0,1,1
2021-01-19 12:00:00,-12.099999999999998,12.099999999999998,-0.3032581453634085,1.0,-1.0,-1.0,2.0,1.0,720,2.0,126.034,126.181,126.034,126.138,3512.0,12.0,82.0,0.142,0.183,0.108,126.231,124.857,83.9,81.51,63.09,37.75,2.79,57.49,125.812,75.89,0.088,0,0,0,0,0,0,0,1,1
2021-01-19 12:00:00,-8.0,8.0,-0.23809523809523808,1.0,-1.0,-1.0,2.0,1.0,720,2.0,126.034,126.181,126.034,126.138,3512.0,12.0,82.0,0.142,0.183,0.108,126.231,124.857,83.9,81.51,63.09,37.75,2.79,57.49,125.812,75.89,0.088,0,0,0,0,0,0,0,1,1
2021-01-19 13:00:00,1.7,1.7,1.3076923076923077,1.0,1.0,1.0,1.0,1.0,780,2.0,126.139,126.211,126.107,126.117,2475.0,13.0,79.95,0.142,0.194,0.128,126.301,124.879,84.78,82.36,66.36,36.56,2.42,57.49,125.812,76.67,0.082,1,0,0,0,0,0,0,0,1
2021-01-19 13:00:00,8.7,8.7,0.7909090909090909,1.0,1.0,1.0,1.0,1.0,780,2.0,126.139,126.211,126.107,126.117,2475.0,13.0,79.95,0.142,0.194,0.128,126.301,124.879,84.78,82.36,66.36,36.56,2.42,57.49,125.812,76.67,0.082,1,0,0,0,0,0,0,0,1
2021-01-19 13:05:00,14.199999999999996,14.199999999999996,0.3148558758314855,1.0,1.0,1.0,1.0,2.0,785,2.0,126.139,126.211,126.107,126.117,2475.0,13.0,79.95,0.142,0.194,0.128,126.301,124.879,84.78,82.36,66.36,36.56,2.42,57.49,125.812,76.67,0.082,0,0,0,0,0,1,0,0,1
2021-01-20 13:00:00,-0.30000000000000004,0.30000000000000004,-0.27272727272727276,1.0,-1.0,-1.0,2.0,1.0,780,3.0,125.815,125.827,125.731,125.746,3064.0,13.0,38.7,0.132,0.013,0.066,126.163,125.788,13.77,20.52,21.34,12.92,24.84,41.67,125.705,36.49,0.089,0,1,0,0,0,0,0,0,1
2021-01-20 13:00:00,0.09999999999999998,0.09999999999999998,0.08333333333333331,1.0,1.0,1.0,1.0,1.0,780,3.0,125.815,125.827,125.731,125.746,3064.0,13.0,38.7,0.132,0.013,0.066,126.163,125.788,13.77,20.52,21.34,12.92,24.84,41.67,125.705,36.49,0.089,0,1,0,0,0,0,0,0,1
2021-01-21 18:00:00,-1.8000000000000007,1.8000000000000007,-0.12244897959183679,1.0,-1.0,-1.0,2.0,1.0,1080,4.0,125.845,125.855,125.7,125.764,4668.0,18.0,58.71,0.153,0.045,-0.015,125.873,125.24,67.43,73.66,25.76,19.03,15.86,51.09,125.605,61.33,0.107,0,0,0,0,0,1,0,0,1
2021-01-22 12:00:00,-0.6999999999999957,0.6999999999999957,-0.01241134751773042,1.0,-1.0,-1.0,2.0,2.0,720,5.0,126.192,126.286,126.171,126.189,2640.0,12.0,68.33,0.117,0.128,0.119,126.254,125.719,72.37,71.2,32.64,20.89,11.42,62.86,125.78,64.23,0.091,1,0,0,0,0,0,0,0,1
2021-01-22 12:00:00,-1.8999999999999986,1.8999999999999986,-0.03966597077244256,1.0,-1.0,-1.0,2.0,2.0,720,5.0,126.192,126.286,126.171,126.189,2640.0,12.0,68.33,0.117,0.128,0.119,126.254,125.719,72.37,71.2,32.64,20.89,11.42,62.86,125.78,64.23,0.091,1,0,0,0,0,0,0,0,1
2021-01-22 12:00:00,-2.0,2.0,-0.039603960396039604,1.0,-1.0,-1.0,2.0,2.0,720,5.0,126.192,126.286,126.171,126.189,2640.0,12.0,68.33,0.117,0.128,0.119,126.254,125.719,72.37,71.2,32.64,20.89,11.42,62.86,125.78,64.23,0.091,1,0,0,0,0,0,0,0,1
2021-01-28 13:00:00,0.25,0.25,0.16447368421052633,1.0,1.0,1.0,1.0,1.0,780,4.0,126.22,126.277,126.155,126.233,4024.0,13.0,57.65,0.128,0.063,0.055,126.294,125.963,62.53,59.37,18.44,14.09,13.98,64.07,126.092,54.05,0.085,0,0,0,0,1,0,0,0,1
2021-01-28 13:00:00,2.799999999999999,2.799999999999999,0.2886597938144329,1.0,1.0,1.0,1.0,1.0,780,4.0,126.22,126.277,126.155,126.233,4024.0,13.0,57.65,0.128,0.063,0.055,126.294,125.963,62.53,59.37,18.44,14.09,13.98,64.07,126.092,54.05,0.085,0,0,0,0,0,1,0,0,1
2021-01-28 13:00:00,-0.1999999999999993,0.1999999999999993,-0.010752688172042972,1.0,-1.0,-1.0,2.0,1.0,780,4.0,126.22,126.277,126.155,126.233,4024.0,13.0,57.65,0.128,0.063,0.055,126.294,125.963,62.53,59.37,18.44,14.09,13.98,64.07,126.092,54.05,0.085,0,0,0,0,0,1,0,0,1
2021-01-28 13:00:00,2.700000000000003,2.700000000000003,0.03006681514476618,1.0,1.0,1.0,1.0,2.0,780,4.0,126.22,126.277,126.155,126.233,4024.0,13.0,57.65,0.128,0.063,0.055,126.294,125.963,62.53,59.37,18.44,14.09,13.98,64.07,126.092,54.05,0.085,0,0,0,0,0,1,0,0,1
2021-01-28 13:00:00,-3.700000000000001,3.700000000000001,-0.1840796019900498,1.0,-1.0,-1.0,2.0,3.0,780,4.0,126.22,126.277,126.155,126.233,4024.0,13.0,57.65,0.128,0.063,0.055,126.294,125.963,62.53,59.37,18.44,14.09,13.98,64.07,126.092,54.05,0.085,0,0,0,0,0,1,0,0,1
2021-01-28 13:00:00,-4.0,4.0,-0.40404040404040403,1.0,-1.0,-1.0,2.0,1.0,780,4.0,126.22,126.277,126.155,126.233,4024.0,13.0,57.65,0.128,0.063,0.055,126.294,125.963,62.53,59.37,18.44,14.09,13.98,64.07,126.092,54.05,0.085,0,0,0,0,0,1,0,0,1
2021-01-29 12:00:00,-0.09999999999999964,0.09999999999999964,-0.01724137931034477,1.0,-1.0,-1.0,2.0,1.0,720,5.0,127.061,127.122,126.945,127.081,5563.0,12.0,76.53,0.165,0.162,0.093,126.935,126.104,89.84,88.88,30.69,32.5,8.5,71.58,126.194,80.64,0.103,0,0,0,1,0,0,0,0,1
2021-01-29 12:00:00,0.9000000000000004,0.9000000000000004,0.07258064516129036,1.0,1.0,1.0,1.0,1.0,720,5.0,127.061,127.122,126.945,127.081,5563.0,12.0,76.53,0.165,0.162,0.093,126.935,126.104,89.84,88.88,30.69,32.5,8.5,71.58,126.194,80.64,0.103,0,0,0,1,0,0,0,0,1
2021-01-29 12:00:00,-0.09999999999999964,0.09999999999999964,-0.012345679012345635,1.0,-1.0,-1.0,2.0,1.0,720,5.0,127.061,127.122,126.945,127.081,5563.0,12.0,76.53,0.165,0.162,0.093,126.935,126.104,89.84,88.88,30.69,32.5,8.5,71.58,126.194,80.64,0.103,0,0,0,1,0,0,0,0,1
2021-02-01 12:00:00,0.09999999999999432,0.09999999999999432,0.0017953321364451403,1.0,1.0,1.0,1.0,2.0,720,1.0,126.826,126.837,126.662,126.723,4867.0,12.0,41.43,0.122,0.02,0.075,127.198,126.772,16.86,29.68,32.38,4.74,21.29,59.52,126.448,38.49,0.089,1,0,0,0,0,0,0,0,1
2021-02-01 13:00:00,-0.1999999999999993,0.1999999999999993,-0.021052631578947295,1.0,1.0,1.0,1.0,2.0,780,1.0,126.723,126.76,126.689,126.719,4148.0,13.0,41.25,0.119,0.003,0.063,127.182,126.741,19.83,23.83,36.54,4.11,18.45,59.52,126.448,37.5,0.093,0,0,1,0,0,0,0,0,1
2021-02-02 13:00:00,-16.0,16.0,-0.9815950920245399,1.0,-1.0,-1.0,2.0,2.0,780,2.0,126.359,126.407,126.313,126.324,3796.0,13.0,30.46,0.121,-0.072,-0.034,126.901,126.374,7.8,18.92,26.9,10.69,26.51,47.73,126.611,23.28,0.094,1,0,0,0,0,0,0,0,1
2021-02-02 13:00:00,-0.6999999999999993,0.6999999999999993,-0.12962962962962948,1.0,-1.0,-1.0,2.0,2.0,780,2.0,126.359,126.407,126.313,126.324,3796.0,13.0,30.46,0.121,-0.072,-0.034,126.901,126.374,7.8,18.92,26.9,10.69,26.51,47.73,126.611,23.28,0.094,1,0,0,0,0,0,0,0,1
2021-02-03 12:00:00,0.3999999999999986,0.3999999999999986,0.008695652173913012,1.0,1.0,1.0,1.0,2.0,720,3.0,126.331,126.386,126.232,126.304,2327.0,12.0,36.24,0.112,-0.049,-0.047,126.51,126.274,26.93,30.66,19.58,11.2,17.99,41.47,126.644,31.64,0.073,1,0,0,0,0,0,0,0,1
2021-02-03 12:00:00,0.29999999999999716,0.29999999999999716,0.00618556701030922,1.0,1.0,1.0,1.0,2.0,720,3.0,126.331,126.386,126.232,126.304,2327.0,12.0,36.24,0.112,-0.049,-0.047,126.51,126.274,26.93,30.66,19.58,11.2,17.99,41.47,126.644,31.64,0.073,1,0,0,0,0,0,0,0,1
2021-02-03 13:00:00,-0.4,0.4,-0.36363636363636365,1.0,-1.0,-1.0,2.0,1.0,780,3.0,126.305,126.312,126.241,126.241,1623.0,13.0,32.4,0.107,-0.058,-0.046,126.518,126.249,23.71,27.69,20.08,9.71,15.59,41.47,126.644,37.71,0.076,0,1,0,0,0,0,0,0,1
2021-02-03 13:00:00,0.9999999999999999,0.9999999999999999,0.7142857142857143,1.0,1.0,1.0,1.0,1.0,780,3.0,126.305,126.312,126.241,126.241,1623.0,13.0,32.4,0.107,-0.058,-0.046,126.518,126.249,23.71,27.69,20.08,9.71,15.59,41.47,126.644,37.71,0.076,0,1,0,0,0,0,0,0,1
2021-02-03 13:00:00,1.2,1.2,1.0,1.0,1.0,1.0,1.0,2.0,780,3.0,126.305,126.312,126.241,126.241,1623.0,13.0,32.4,0.107,-0.058,-0.046,126.518,126.249,23.71,27.69,20.08,9.71,15.59,41.47,126.644,37.71,0.076,0,1,0,0,0,0,0,0,1
2021-02-03 13:00:00,1.4,1.4,0.9333333333333332,1.0,1.0,1.0,1.0,3.0,780,3.0,126.305,126.312,126.241,126.241,1623.0,13.0,32.4,0.107,-0.058,-0.046,126.518,126.249,23.71,27.69,20.08,9.71,15.59,41.47,126.644,37.71,0.076,0,1,0,0,0,0,0,0,1
2021-02-03 13:00:00,-0.6,0.6,-0.5454545454545454,1.0,-1.0,-1.0,2.0,1.0,780,3.0,126.305,126.312,126.241,126.241,1623.0,13.0,32.4,0.107,-0.058,-0.046,126.518,126.249,23.71,27.69,20.08,9.71,15.59,41.47,126.644,37.71,0.076,0,1,0,0,0,0,0,0,1
2021-02-03 13:00:00,0.7,0.7,0.25,1.0,1.0,1.0,1.0,1.0,780,3.0,126.305,126.312,126.241,126.241,1623.0,13.0,32.4,0.107,-0.058,-0.046,126.518,126.249,23.71,27.69,20.08,9.71,15.59,41.47,126.644,37.71,0.076,0,1,0,0,0,0,0,0,1
2021-02-03 13:00:00,0.7000000000000001,0.7000000000000001,0.6363636363636364,1.0,1.0,1.0,1.0,1.0,780,3.0,126.305,126.312,126.241,126.241,1623.0,13.0,32.4,0.107,-0.058,-0.046,126.518,126.249,23.71,27.69,20.08,9.71,15.59,41.47,126.644,37.71,0.076,0,1,0,0,0,0,0,0,1
2021-02-03 13:00:00,0.1,0.1,0.09090909090909091,1.0,1.0,1.0,1.0,2.0,780,3.0,126.305,126.312,126.241,126.241,1623.0,13.0,32.4,0.107,-0.058,-0.046,126.518,126.249,23.71,27.69,20.08,9.71,15.59,41.47,126.644,37.71,0.076,0,1,0,0,0,0,0,0,1
2021-02-04 13:00:00,1.1,1.1,0.5789473684210527,1.0,1.0,1.0,1.0,1.0,780,4.0,126.209,126.305,126.177,126.266,2252.0,13.0,45.01,0.101,-0.04,-0.019,126.49,126.172,32.72,19.68,19.62,14.75,18.36,42.65,126.558,44.67,0.076,0,0,0,0,0,0,1,0,1
2021-02-04 13:00:00,0.5,0.5,0.45454545454545453,1.0,1.0,1.0,1.0,1.0,780,4.0,126.209,126.305,126.177,126.266,2252.0,13.0,45.01,0.101,-0.04,-0.019,126.49,126.172,32.72,19.68,19.62,14.75,18.36,42.65,126.558,44.67,0.076,0,0,0,0,0,0,1,0,1
2021-02-08 12:30:00,-6.0,6.0,-0.8823529411764706,1.0,-1.0,-1.0,2.0,1.0,750,1.0,127.024,127.112,126.979,127.1,2090.0,12.0,71.35,0.113,0.135,0.148,127.104,126.821,73.56,69.42,32.6,20.08,9.7,64.27,126.48,49.01,0.071,0,0,0,0,0,1,0,0,1
2021-02-15 13:00:00,8.100000000000001,8.100000000000001,0.39705882352941185,1.0,1.0,1.0,1.0,2.0,780,1.0,127.847,127.853,127.716,127.721,1688.0,13.0,67.37,0.136,0.173,0.13,127.889,126.982,65.87,78.51,65.4,33.39,7.22,70.01,127.065,64.37,0.075,0,0,0,0,0,0,0,1,1
2021-02-15 13:00:00,0.8000000000000007,0.8000000000000007,0.027210884353741523,1.0,1.0,1.0,1.0,2.0,780,1.0,127.847,127.853,127.716,127.721,1688.0,13.0,67.37,0.136,0.173,0.13,127.889,126.982,65.87,78.51,65.4,33.39,7.22,70.01,127.065,64.37,0.075,0,0,0,0,0,0,0,1,1
2021-02-15 13:00:00,-2.5,2.5,-1.3157894736842106,1.0,-1.0,-1.0,2.0,2.0,780,1.0,127.847,127.853,127.716,127.721,1688.0,13.0,67.37,0.136,0.173,0.13,127.889,126.982,65.87,78.51,65.4,33.39,7.22,70.01,127.065,64.37,0.075,1,0,0,0,0,0,0,0,1
2021-02-15 13:00:00,-1.3,1.3,-0.8666666666666667,1.0,-1.0,-1.0,2.0,1.0,780,1.0,127.847,127.853,127.716,127.721,1688.0,13.0,67.37,0.136,0.173,0.13,127.889,126.982,65.87,78.51,65.4,33.39,7.22,70.01,127.065,64.37,0.075,1,0,0,0,0,0,0,0,1
2021-02-16 13:00:00,0.09999999999999964,0.09999999999999964,0.01639344262295076,1.0,1.0,1.0,1.0,2.0,780,2.0,128.021,128.226,127.939,128.207,1846.0,13.0,62.04,0.184,0.132,0.153,128.316,127.625,59.63,49.25,21.39,17.94,12.27,69.27,127.349,46.98,0.09,1,0,0,0,0,0,0,0,1
2021-02-16 13:00:00,0.09999999999999998,0.09999999999999998,0.05882352941176469,1.0,1.0,1.0,1.0,2.0,780,2.0,128.021,128.226,127.939,128.207,1846.0,13.0,62.04,0.184,0.132,0.153,128.316,127.625,59.63,49.25,21.39,17.94,12.27,69.27,127.349,46.98,0.09,1,0,0,0,0,0,0,0,1
2021-02-16 13:00:00,0.7,0.7,0.5,1.0,1.0,1.0,1.0,1.0,780,2.0,128.021,128.226,127.939,128.207,1846.0,13.0,62.04,0.184,0.132,0.153,128.316,127.625,59.63,49.25,21.39,17.94,12.27,69.27,127.349,46.98,0.09,0,0,1,0,0,0,0,0,1
2021-02-16 13:00:00,0.20000000000000018,0.20000000000000018,0.06250000000000006,1.0,1.0,1.0,1.0,1.0,780,2.0,128.021,128.226,127.939,128.207,1846.0,13.0,62.04,0.184,0.132,0.153,128.316,127.625,59.63,49.25,21.39,17.94,12.27,69.27,127.349,46.98,0.09,0,0,1,0,0,0,0,0,1
2021-02-16 13:05:00,12.599999999999994,12.599999999999994,0.21724137931034473,1.0,1.0,1.0,1.0,2.0,785,2.0,128.021,128.226,127.939,128.207,1846.0,13.0,62.04,0.184,0.132,0.153,128.316,127.625,59.63,49.25,21.39,17.94,12.27,69.27,127.349,46.98,0.09,0,0,0,0,0,1,0,0,1
2021-02-17 13:00:00,-4.4,4.4,-2.588235294117647,1.0,-1.0,-1.0,2.0,1.0,780,3.0,127.907,127.921,127.829,127.866,2509.0,13.0,38.77,0.126,-0.041,0.015,128.471,127.801,35.22,33.43,38.8,9.07,25.57,52.63,127.642,36.11,0.075,1,0,0,0,0,0,0,0,1
2021-02-17 13:00:00,-1.1999999999999997,1.1999999999999997,-0.5714285714285713,1.0,-1.0,-1.0,2.0,1.0,780,3.0,127.907,127.921,127.829,127.866,2509.0,13.0,38.77,0.126,-0.041,0.015,128.471,127.801,35.22,33.43,38.8,9.07,25.57,52.63,127.642,36.11,0.075,1,0,0,0,0,0,0,0,1
2021-02-18 18:00:00,0.5,0.5,0.03067484662576687,1.0,1.0,1.0,1.0,1.0,1080,4.0,127.706,127.755,127.65,127.655,3517.0,18.0,51.62,0.108,-0.003,-0.043,127.764,127.319,65.54,73.82,30.99,22.77,9.53,51.76,127.761,62.0,0.07,0,0,0,0,0,1,0,0,1
2021-02-19 12:00:00,7.600000000000001,7.600000000000001,0.16777041942604862,1.0,1.0,1.0,1.0,1.0,720,5.0,127.868,127.928,127.836,127.887,3134.0,12.0,60.43,0.11,0.051,0.037,127.896,127.616,67.09,70.92,43.7,22.35,6.68,58.57,127.813,60.74,0.076,0,0,0,0,0,0,0,1,1
2021-02-19 12:00:00,10.300000000000004,10.300000000000004,0.37591240875912424,1.0,1.0,1.0,1.0,1.0,720,5.0,127.868,127.928,127.836,127.887,3134.0,12.0,60.43,0.11,0.051,0.037,127.896,127.616,67.09,70.92,43.7,22.35,6.68,58.57,127.813,60.74,0.076,0,0,0,0,0,0,0,1,1
2021-02-19 12:00:00,2.9000000000000057,2.9000000000000057,0.051971326164874654,1.0,1.0,1.0,1.0,2.0,720,5.0,127.868,127.928,127.836,127.887,3134.0,12.0,60.43,0.11,0.051,0.037,127.896,127.616,67.09,70.92,43.7,22.35,6.68,58.57,127.813,60.74,0.076,1,0,0,0,0,0,0,0,1
2021-02-19 12:00:00,-0.5,0.5,-0.010822510822510822,1.0,-1.0,-1.0,2.0,2.0,720,5.0,127.868,127.928,127.836,127.887,3134.0,12.0,60.43,0.11,0.051,0.037,127.896,127.616,67.09,70.92,43.7,22.35,6.68,58.57,127.813,60.74,0.076,1,0,0,0,0,0,0,0,1
2021-02-19 12:00:00,0.3999999999999986,0.3999999999999986,0.008213552361396275,1.0,1.0,1.0,1.0,2.0,720,5.0,127.868,127.928,127.836,127.887,3134.0,12.0,60.43,0.11,0.051,0.037,127.896,127.616,67.09,70.92,43.7,22.35,6.68,58.57,127.813,60.74,0.076,1,0,0,0,0,0,0,0,1
2021-02-23 13:00:00,1.5,1.5,0.8823529411764706,1.0,1.0,1.0,1.0,1.0,780,2.0,127.862,127.948,127.841,127.911,3822.0,13.0,54.29,0.099,0.011,-0.011,127.966,127.639,35.8,44.61,41.73,22.33,7.24,58.43,127.756,55.81,0.08,0,1,0,0,0,0,0,0,1
2021-02-23 13:00:00,0.4,0.4,0.33333333333333337,1.0,1.0,1.0,1.0,1.0,780,2.0,127.862,127.948,127.841,127.911,3822.0,13.0,54.29,0.099,0.011,-0.011,127.966,127.639,35.8,44.61,41.73,22.33,7.24,58.43,127.756,55.81,0.08,0,1,0,0,0,0,0,0,1
2021-02-25 12:00:00,-0.10000000000000009,0.10000000000000009,-0.02439024390243905,1.0,-1.0,-1.0,2.0,2.0,720,4.0,129.587,129.873,129.58,129.699,5188.0,12.0,83.54,0.163,0.289,0.217,129.615,128.291,89.36,92.47,63.2,44.88,4.05,79.47,128.266,78.92,0.114,0,0,0,1,0,0,0,0,1
2021-02-25 12:00:00,-0.20000000000000018,0.20000000000000018,-0.02439024390243905,1.0,-1.0,-1.0,2.0,1.0,720,4.0,129.587,129.873,129.58,129.699,5188.0,12.0,83.54,0.163,0.289,0.217,129.615,128.291,89.36,92.47,63.2,44.88,4.05,79.47,128.266,78.92,0.114,0,0,0,1,0,0,0,0,1
2021-02-25 12:00:00,-0.5,0.5,-0.03571428571428571,1.0,-1.0,-1.0,2.0,1.0,720,4.0,129.587,129.873,129.58,129.699,5188.0,12.0,83.54,0.163,0.289,0.217,129.615,128.291,89.36,92.47,63.2,44.88,4.05,79.47,128.266,78.92,0.114,0,0,0,1,0,0,0,0,1
2021-02-25 12:00:00,-0.2999999999999998,0.2999999999999998,-0.051724137931034454,1.0,-1.0,-1.0,2.0,1.0,720,4.0,129.587,129.873,129.58,129.699,5188.0,12.0,83.54,0.163,0.289,0.217,129.615,128.291,89.36,92.47,63.2,44.88,4.05,79.47,128.266,78.92,0.114,0,0,0,1,0,0,0,0,1
2021-02-25 13:00:00,-1.1999999999999993,1.1999999999999993,-0.06703910614525137,1.0,-1.0,-1.0,2.0,3.0,780,4.0,129.699,129.836,129.699,129.808,5020.0,13.0,84.92,0.161,0.315,0.229,129.736,128.308,87.95,90.46,65.9,38.89,3.51,79.47,128.266,74.05,0.134,0,0,0,0,0,1,0,0,1
2021-02-25 13:00:00,2.6000000000000085,2.6000000000000085,0.028322440087146062,1.0,1.0,1.0,1.0,2.0,780,4.0,129.699,129.836,129.699,129.808,5020.0,13.0,84.92,0.161,0.315,0.229,129.736,128.308,87.95,90.46,65.9,38.89,3.51,79.47,128.266,74.05,0.134,0,0,0,0,0,1,0,0,1
2021-02-25 13:00:00,9.6,9.6,8.727272727272727,1.0,1.0,1.0,1.0,1.0,780,4.0,129.699,129.836,129.699,129.808,5020.0,13.0,84.92,0.161,0.315,0.229,129.736,128.308,87.95,90.46,65.9,38.89,3.51,79.47,128.266,74.05,0.134,0,0,0,0,0,1,0,0,1
2021-02-25 13:00:00,3.2,3.2,0.4266666666666667,1.0,1.0,1.0,1.0,1.0,780,4.0,129.699,129.836,129.699,129.808,5020.0,13.0,84.92,0.161,0.315,0.229,129.736,128.308,87.95,90.46,65.9,38.89,3.51,79.47,128.266,74.05,0.134,0,0,0,0,0,1,0,0,1
2021-02-25 13:00:00,0.7999999999999972,0.7999999999999972,0.04232804232804218,1.0,1.0,1.0,1.0,1.0,780,4.0,129.699,129.836,129.699,129.808,5020.0,13.0,84.92,0.161,0.315,0.229,129.736,128.308,87.95,90.46,65.9,38.89,3.51,79.47,128.266,74.05,0.134,0,0,0,0,0,1,0,0,1
2021-03-01 12:00:00,0.19999999999999574,0.19999999999999574,0.00340715502555359,1.0,1.0,1.0,1.0,2.0,720,1.0,128.478,128.641,128.432,128.504,3196.0,12.0,39.79,0.184,-0.107,-0.089,129.109,128.381,26.52,33.79,22.44,13.08,27.5,47.39,128.791,30.62,0.097,1,0,0,0,0,0,0,0,1
2021-03-02 13:00:00,0.2,0.2,0.18181818181818182,1.0,1.0,1.0,1.0,1.0,780,2.0,128.5,128.693,128.489,128.635,3816.0,13.0,54.41,0.169,-0.064,-0.081,128.801,128.23,77.16,54.29,20.45,24.46,18.29,50.13,128.867,61.45,0.104,0,1,0,0,0,0,0,0,1
2021-03-02 13:00:00,0.30000000000000004,0.30000000000000004,0.27272727272727276,1.0,1.0,1.0,1.0,2.0,780,2.0,128.5,128.693,128.489,128.635,3816.0,13.0,54.41,0.169,-0.064,-0.081,128.801,128.23,77.16,54.29,20.45,24.46,18.29,50.13,128.867,61.45,0.104,0,1,0,0,0,0,0,0,1
2021-03-02 13:00:00,-0.2999999999999998,0.2999999999999998,-0.12499999999999993,1.0,-1.0,-1.0,2.0,2.0,780,2.0,128.5,128.693,128.489,128.635,3816.0,13.0,54.41,0.169,-0.064,-0.081,128.801,128.23,77.16,54.29,20.45,24.46,18.29,50.13,128.867,61.45,0.104,0,1,0,0,0,0,0,0,1
2021-03-02 13:00:00,-0.4,0.4,-0.1739130434782609,1.0,-1.0,-1.0,2.0,3.0,780,2.0,128.5,128.693,128.489,128.635,3816.0,13.0,54.41,0.169,-0.064,-0.081,128.801,128.23,77.16,54.29,20.45,24.46,18.29,50.13,128.867,61.45,0.104,0,1,0,0,0,0,0,0,1
2021-03-02 13:00:00,0.30000000000000004,0.30000000000000004,0.25000000000000006,1.0,1.0,1.0,1.0,1.0,780,2.0,128.5,128.693,128.489,128.635,3816.0,13.0,54.41,0.169,-0.064,-0.081,128.801,128.23,77.16,54.29,20.45,24.46,18.29,50.13,128.867,61.45,0.104,0,1,0,0,0,0,0,0,1
2021-03-02 13:00:00,-0.5,0.5,-0.18518518518518517,1.0,-1.0,-1.0,2.0,1.0,780,2.0,128.5,128.693,128.489,128.635,3816.0,13.0,54.41,0.169,-0.064,-0.081,128.801,128.23,77.16,54.29,20.45,24.46,18.29,50.13,128.867,61.45,0.104,0,1,0,0,0,0,0,0,1
2021-03-03 12:00:00,1.0,1.0,0.02188183807439825,1.0,1.0,1.0,1.0,2.0,720,3.0,129.355,129.37,129.224,129.237,3556.0,12.0,61.78,0.145,0.145,0.141,129.328,128.794,47.11,40.53,45.47,25.9,9.96,51.61,128.863,59.98,0.097,1,0,0,0,0,0,0,0,1
2021-03-03 12:00:00,0.6999999999999957,0.6999999999999957,0.014256619144602764,1.0,1.0,1.0,1.0,2.0,720,3.0,129.355,129.37,129.224,129.237,3556.0,12.0,61.78,0.145,0.145,0.141,129.328,128.794,47.11,40.53,45.47,25.9,9.96,51.61,128.863,59.98,0.097,1,0,0,0,0,0,0,0,1
2021-03-03 13:00:00,0.7999999999999999,0.7999999999999999,0.49999999999999994,1.0,1.0,1.0,1.0,1.0,780,3.0,129.235,129.257,129.01,129.06,4073.0,13.0,53.17,0.15,0.128,0.14,129.298,128.858,41.34,45.37,40.12,22.44,20.18,51.61,128.863,54.12,0.095,0,1,0,0,0,0,0,0,1
2021-03-03 13:00:00,1.1,1.1,0.5238095238095238,1.0,1.0,1.0,1.0,1.0,780,3.0,129.235,129.257,129.01,129.06,4073.0,13.0,53.17,0.15,0.128,0.14,129.298,128.858,41.34,45.37,40.12,22.44,20.18,51.61,128.863,54.12,0.095,0,1,0,0,0,0,0,0,1
2021-03-04 13:00:00,-0.09999999999999964,0.09999999999999964,-0.010869565217391266,1.0,1.0,1.0,1.0,2.0,780,4.0,129.285,129.312,129.18,129.189,3968.0,13.0,55.63,0.123,0.051,0.033,129.246,128.948,66.46,68.83,23.47,23.82,10.13,61.3,128.845,61.96,0.088,0,0,1,0,0,0,0,0,1
2021-03-04 13:00:00,-6.4,6.4,-6.4,1.0,-1.0,-1.0,2.0,1.0,780,4.0,129.285,129.312,129.18,129.189,3968.0,13.0,55.63,0.123,0.051,0.033,129.246,128.948,66.46,68.83,23.47,23.82,10.13,61.3,128.845,61.96,0.088,0,0,0,0,0,0,1,0,1
2021-03-04 13:00:00,-5.9,5.9,-5.9,1.0,-1.0,-1.0,2.0,1.0,780,4.0,129.285,129.312,129.18,129.189,3968.0,13.0,55.63,0.123,0.051,0.033,129.246,128.948,66.46,68.83,23.47,23.82,10.13,61.3,128.845,61.96,0.088,0,0,0,0,0,0,1,0,1
2021-03-08 12:30:00,4.7,4.7,3.6153846153846154,1.0,1.0,1.0,1.0,1.0,750,1.0,128.889,128.927,128.828,128.885,3255.0,12.0,40.07,0.153,-0.07,-0.038,129.289,128.79,23.8,22.02,25.34,12.53,22.41,49.9,129.118,40.0,0.083,0,0,0,0,0,1,0,0,1
2021-03-09 13:00:00,0.10000000000000009,0.10000000000000009,0.03333333333333336,1.0,1.0,1.0,1.0,1.0,780,2.0,129.388,129.505,129.378,129.488,3779.0,13.0,61.92,0.176,0.087,0.081,129.595,128.875,70.13,47.7,21.47,20.15,13.33,59.12,129.171,55.48,0.105,0,0,1,0,0,0,0,0,1
2021-03-09 13:00:00,-0.09999999999999998,0.09999999999999998,-0.062499999999999986,1.0,-1.0,-1.0,2.0,2.0,780,2.0,129.388,129.505,129.378,129.488,3779.0,13.0,61.92,0.176,0.087,0.081,129.595,128.875,70.13,47.7,21.47,20.15,13.33,59.12,129.171,55.48,0.105,1,0,0,0,0,0,0,0,1
2021-03-09 13:00:00,0.09999999999999964,0.09999999999999964,0.016666666666666607,1.0,1.0,1.0,1.0,2.0,780,2.0,129.388,129.505,129.378,129.488,3779.0,13.0,61.92,0.176,0.087,0.081,129.595,128.875,70.13,47.7,21.47,20.15,13.33,59.12,129.171,55.48,0.105,1,0,0,0,0,0,0,0,1
2021-03-12 13:00:00,1.1,1.1,0.8461538461538461,1.0,1.0,1.0,1.0,2.0,780,5.0,129.975,130.019,129.818,129.872,3111.0,13.0,46.51,0.143,0.088,0.136,130.245,129.845,12.04,27.19,38.93,21.1,24.86,66.64,129.502,38.74,0.088,1,0,0,0,0,0,0,0,1
2021-03-12 13:00:00,0.7999999999999999,0.7999999999999999,0.47058823529411764,1.0,1.0,1.0,1.0,1.0,780,5.0,129.975,130.019,129.818,129.872,3111.0,13.0,46.51,0.143,0.088,0.136,130.245,129.845,12.04,27.19,38.93,21.1,24.86,66.64,129.502,38.74,0.088,1,0,0,0,0,0,0,0,1
2021-03-16 13:05:00,8.900000000000006,8.900000000000006,0.13464447806354018,1.0,1.0,1.0,1.0,2.0,785,2.0,130.339,130.393,130.285,130.288,2796.0,13.0,54.41,0.097,0.025,0.02,130.351,130.094,66.5,62.28,17.08,17.96,14.23,39.9,129.989,59.22,0.074,0,0,0,0,0,1,0,0,1
2021-03-17 13:00:00,0.4,0.4,0.28571428571428575,1.0,1.0,1.0,1.0,1.0,780,3.0,129.956,129.983,129.856,129.86,3410.0,13.0,47.44,0.098,-0.025,-0.051,129.98,129.644,64.69,61.02,30.28,20.11,12.23,51.66,130.074,59.61,0.065,1,0,0,0,0,0,0,0,1
2021-03-17 13:00:00,-3.4,3.4,-1.3599999999999999,1.0,-1.0,-1.0,2.0,1.0,780,3.0,129.956,129.983,129.856,129.86,3410.0,13.0,47.44,0.098,-0.025,-0.051,129.98,129.644,64.69,61.02,30.28,20.11,12.23,51.66,130.074,59.61,0.065,1,0,0,0,0,0,0,0,1
2021-03-17 13:00:00,-0.5999999999999999,0.5999999999999999,-0.24999999999999994,1.0,-1.0,-1.0,2.0,1.0,780,3.0,129.956,129.983,129.856,129.86,3410.0,13.0,47.44,0.098,-0.025,-0.051,129.98,129.644,64.69,61.02,30.28,20.11,12.23,51.66,130.074,59.61,0.065,0,1,0,0,0,0,0,0,1
2021-03-18 13:00:00,-12.399999999999999,12.399999999999999,-0.6294416243654822,1.0,-1.0,-1.0,2.0,2.0,780,4.0,130.168,130.275,130.164,130.239,3559.0,13.0,49.95,0.163,0.052,0.098,130.64,130.038,13.03,25.83,26.97,23.94,17.15,52.0,130.127,36.82,0.07,0,0,0,0,0,0,0,1,1
2021-03-18 13:00:00,0.7000000000000002,0.7000000000000002,0.18421052631578952,1.0,1.0,1.0,1.0,2.0,780,4.0,130.168,130.275,130.164,130.239,3559.0,13.0,49.95,0.163,0.052,0.098,130.64,130.038,13.03,25.83,26.97,23.94,17.15,52.0,130.127,36.82,0.07,0,0,1,0,0,0,0,0,1
2021-03-18 13:00:00,0.7999999999999998,0.7999999999999998,0.24999999999999994,1.0,1.0,1.0,1.0,1.0,780,4.0,130.168,130.275,130.164,130.239,3559.0,13.0,49.95,0.163,0.052,0.098,130.64,130.038,13.03,25.83,26.97,23.94,17.15,52.0,130.127,36.82,0.07,0,0,0,0,1,0,0,0,1
2021-03-18 13:00:00,1.5999999999999979,1.5999999999999979,0.06779661016949143,1.0,1.0,1.0,1.0,2.0,780,4.0,130.168,130.275,130.164,130.239,3559.0,13.0,49.95,0.163,0.052,0.098,130.64,130.038,13.03,25.83,26.97,23.94,17.15,52.0,130.127,36.82,0.07,0,0,0,0,0,0,0,1,1
2021-03-22 12:00:00,-6.299999999999997,6.299999999999997,-0.1666666666666666,1.0,-1.0,-1.0,2.0,1.0,720,1.0,129.307,129.531,129.297,129.512,2743.0,12.0,51.17,0.163,-0.097,-0.113,129.726,129.166,75.79,50.93,35.18,19.95,21.12,45.95,129.833,56.54,0.071,0,0,0,0,0,0,0,1,1
2021-03-22 12:00:00,-28.499999999999996,28.499999999999996,-0.8073654390934843,1.0,-1.0,-1.0,2.0,1.0,720,1.0,129.307,129.531,129.297,129.512,2743.0,12.0,51.17,0.163,-0.097,-0.113,129.726,129.166,75.79,50.93,35.18,19.95,21.12,45.95,129.833,56.54,0.071,0,0,0,0,0,0,0,1,1
2021-03-24 12:00:00,4.5,4.5,0.07640067911714771,1.0,1.0,1.0,1.0,2.0,720,3.0,128.559,128.672,128.499,128.537,2980.0,12.0,38.94,0.173,-0.191,-0.226,128.944,128.308,59.58,49.93,44.53,9.32,17.37,34.43,129.357,52.39,0.117,1,0,0,0,0,0,0,0,1
2021-03-24 12:00:00,3.5999999999999943,3.5999999999999943,0.0779220779220778,1.0,1.0,1.0,1.0,2.0,720,3.0,128.559,128.672,128.499,128.537,2980.0,12.0,38.94,0.173,-0.191,-0.226,128.944,128.308,59.58,49.93,44.53,9.32,17.37,34.43,129.357,52.39,0.117,1,0,0,0,0,0,0,0,1
2021-03-24 12:00:00,4.0,4.0,0.08080808080808081,1.0,1.0,1.0,1.0,2.0,720,3.0,128.559,128.672,128.499,128.537,2980.0,12.0,38.94,0.173,-0.191,-0.226,128.944,128.308,59.58,49.93,44.53,9.32,17.37,34.43,129.357,52.39,0.117,1,0,0,0,0,0,0,0,1
2021-03-24 18:00:00,3.799999999999999,3.799999999999999,0.24358974358974353,1.0,1.0,1.0,1.0,1.0,1080,3.0,128.736,128.767,128.641,128.649,2807.0,18.0,45.51,0.172,-0.085,-0.152,128.791,128.384,65.52,76.35,31.66,14.83,14.98,33.34,129.3,55.67,0.084,0,0,0,0,0,1,0,0,1
2021-03-25 12:00:00,-0.8999999999999986,0.8999999999999986,-0.06338028169014075,1.0,-1.0,-1.0,2.0,1.0,720,4.0,128.791,128.921,128.765,128.896,2444.0,12.0,62.15,0.11,0.038,-0.0,128.962,128.342,58.67,52.44,40.76,25.47,8.49,42.33,129.096,64.31,0.074,0,0,0,1,0,0,0,0,1
2021-03-25 12:00:00,0.10000000000000009,0.10000000000000009,0.025641025641025664,1.0,1.0,1.0,1.0,2.0,720,4.0,128.791,128.921,128.765,128.896,2444.0,12.0,62.15,0.11,0.038,-0.0,128.962,128.342,58.67,52.44,40.76,25.47,8.49,42.33,129.096,64.31,0.074,0,0,0,1,0,0,0,0,1
2021-03-25 12:00:00,-0.20000000000000018,0.20000000000000018,-0.024096385542168693,1.0,-1.0,-1.0,2.0,1.0,720,4.0,128.791,128.921,128.765,128.896,2444.0,12.0,62.15,0.11,0.038,-0.0,128.962,128.342,58.67,52.44,40.76,25.47,8.49,42.33,129.096,64.31,0.074,0,0,0,1,0,0,0,0,1
2021-03-25 12:00:00,-0.20000000000000018,0.20000000000000018,-0.03508771929824565,1.0,-1.0,-1.0,2.0,1.0,720,4.0,128.791,128.921,128.765,128.896,2444.0,12.0,62.15,0.11,0.038,-0.0,128.962,128.342,58.67,52.44,40.76,25.47,8.49,42.33,129.096,64.31,0.074,0,0,0,1,0,0,0,0,1
2021-03-30 12:00:00,3.3000000000000007,3.3000000000000007,0.21568627450980396,1.0,1.0,1.0,1.0,1.0,720,2.0,129.491,129.535,129.413,129.417,2133.0,12.0,58.32,0.109,0.074,0.063,129.493,129.082,55.09,52.16,28.61,23.92,10.13,58.24,128.998,67.52,0.075,0,0,0,0,0,1,0,0,1
2021-03-30 12:00:00,3.700000000000001,3.700000000000001,0.23270440251572333,1.0,1.0,1.0,1.0,3.0,720,2.0,129.491,129.535,129.413,129.417,2133.0,12.0,58.32,0.109,0.074,0.063,129.493,129.082,55.09,52.16,28.61,23.92,10.13,58.24,128.998,67.52,0.075,0,0,0,0,0,1,0,0,1
2021-03-30 12:00:00,8.700000000000003,8.700000000000003,0.09324758842443734,1.0,1.0,1.0,1.0,2.0,720,2.0,129.491,129.535,129.413,129.417,2133.0,12.0,58.32,0.109,0.074,0.063,129.493,129.082,55.09,52.16,28.61,23.92,10.13,58.24,128.998,67.52,0.075,0,0,0,0,0,1,0,0,1
2021-03-30 12:00:00,6.6,6.6,1.1785714285714286,1.0,1.0,1.0,1.0,1.0,720,2.0,129.491,129.535,129.413,129.417,2133.0,12.0,58.32,0.109,0.074,0.063,129.493,129.082,55.09,52.16,28.61,23.92,10.13,58.24,128.998,67.52,0.075,0,0,0,0,0,1,0,0,1
2021-03-30 12:00:00,8.399999999999999,8.399999999999999,0.4491978609625668,1.0,1.0,1.0,1.0,1.0,720,2.0,129.491,129.535,129.413,129.417,2133.0,12.0,58.32,0.109,0.074,0.063,129.493,129.082,55.09,52.16,28.61,23.92,10.13,58.24,128.998,67.52,0.075,0,0,0,0,0,1,0,0,1
2021-03-31 12:00:00,1.0,1.0,1.0,1.0,1.0,1.0,1.0,1.0,720,3.0,129.802,129.887,129.675,129.677,2808.0,12.0,56.09,0.17,0.132,0.111,130.016,129.018,41.47,63.89,32.67,20.19,14.56,64.46,129.227,58.43,0.081,0,1,0,0,0,0,0,0,1
2021-03-31 12:00:00,0.9,0.9,0.9,1.0,1.0,1.0,1.0,2.0,720,3.0,129.802,129.887,129.675,129.677,2808.0,12.0,56.09,0.17,0.132,0.111,130.016,129.018,41.47,63.89,32.67,20.19,14.56,64.46,129.227,58.43,0.081,0,1,0,0,0,0,0,0,1
2021-03-31 12:00:00,-0.6,0.6,-0.24,1.0,-1.0,-1.0,2.0,2.0,720,3.0,129.802,129.887,129.675,129.677,2808.0,12.0,56.09,0.17,0.132,0.111,130.016,129.018,41.47,63.89,32.67,20.19,14.56,64.46,129.227,58.43,0.081,0,1,0,0,0,0,0,0,1
2021-03-31 12:00:00,0.5,0.5,0.2777777777777778,1.0,1.0,1.0,1.0,3.0,720,3.0,129.802,129.887,129.675,129.677,2808.0,12.0,56.09,0.17,0.132,0.111,130.016,129.018,41.47,63.89,32.67,20.19,14.56,64.46,129.227,58.43,0.081,0,1,0,0,0,0,0,0,1
2021-03-31 12:00:00,0.8,0.8,0.8,1.0,1.0,1.0,1.0,1.0,720,3.0,129.802,129.887,129.675,129.677,2808.0,12.0,56.09,0.17,0.132,0.111,130.016,129.018,41.47,63.89,32.67,20.19,14.56,64.46,129.227,58.43,0.081,0,1,0,0,0,0,0,0,1
2021-03-31 12:00:00,-0.30000000000000004,0.30000000000000004,-0.13043478260869568,1.0,-1.0,-1.0,2.0,1.0,720,3.0,129.802,129.887,129.675,129.677,2808.0,12.0,56.09,0.17,0.132,0.111,130.016,129.018,41.47,63.89,32.67,20.19,14.56,64.46,129.227,58.43,0.081,0,1,0,0,0,0,0,0,1
2021-04-01 11:00:00,0.10000000000000142,0.10000000000000142,0.0015772870662460793,1.0,1.0,1.0,1.0,2.0,660,4.0,129.951,130.011,129.894,129.903,3133.0,11.0,56.17,0.138,0.049,0.052,130.024,129.681,85.3,68.7,22.8,22.63,8.41,60.56,129.469,62.2,0.086,1,0,0,0,0,0,0,0,1
2021-04-06 11:30:00,11.2,11.2,3.862068965517241,1.0,1.0,1.0,1.0,1.0,690,2.0,130.37,130.443,130.252,130.427,3482.0,11.0,64.17,0.129,0.062,0.042,130.401,129.94,83.92,57.48,23.66,26.97,15.62,63.94,130.075,59.37,0.074,0,0,0,0,0,1,0,0,1
2021-04-06 12:00:00,0.3000000000000007,0.3000000000000007,0.03333333333333341,1.0,-1.0,-1.0,2.0,2.0,720,2.0,130.428,130.545,130.427,130.522,3254.0,12.0,67.63,0.131,0.08,0.048,130.465,129.919,93.71,78.65,26.38,34.9,13.54,50.4,130.083,69.07,0.084,0,0,1,0,0,0,0,0,1
2021-04-07 11:00:00,0.7000000000000028,0.7000000000000028,0.013084112149532763,1.0,1.0,1.0,1.0,2.0,660,3.0,130.412,130.602,130.401,130.58,3294.0,11.0,64.31,0.127,0.055,0.032,130.554,130.019,85.05,74.17,20.31,31.35,10.92,62.6,130.184,63.82,0.074,1,0,0,0,0,0,0,0,1
2021-04-07 11:00:00,0.8000000000000043,0.8000000000000043,0.016064257028112535,1.0,1.0,1.0,1.0,2.0,660,3.0,130.412,130.602,130.401,130.58,3294.0,11.0,64.31,0.127,0.055,0.032,130.554,130.019,85.05,74.17,20.31,31.35,10.92,62.6,130.184,63.82,0.074,1,0,0,0,0,0,0,0,1
2021-04-08 12:00:00,1.0,1.0,0.6666666666666666,1.0,1.0,1.0,1.0,1.0,720,4.0,130.042,130.083,129.979,129.993,2663.0,12.0,34.44,0.129,-0.068,-0.031,130.523,130.051,11.13,31.66,26.2,10.05,24.35,38.83,130.201,37.61,0.085,0,1,0,0,0,0,0,0,1
2021-04-08 12:00:00,-1.2,1.2,-0.4444444444444444,1.0,-1.0,-1.0,2.0,1.0,720,4.0,130.042,130.083,129.979,129.993,2663.0,12.0,34.44,0.129,-0.068,-0.031,130.523,130.051,11.13,31.66,26.2,10.05,24.35,38.83,130.201,37.61,0.085,0,1,0,0,0,0,0,0,1
2021-04-12 12:00:00,3.4,3.4,2.428571428571429,1.0,1.0,1.0,1.0,1.0,720,1.0,130.098,130.201,130.079,130.128,2746.0,12.0,42.58,0.156,-0.056,-0.001,130.703,130.002,35.29,28.68,22.63,20.95,23.29,50.57,130.285,44.22,0.087,0,0,0,0,0,0,1,0,1
2021-04-12 12:00:00,-2.6999999999999997,2.6999999999999997,-2.25,1.0,-1.0,-1.0,2.0,1.0,720,1.0,130.098,130.201,130.079,130.128,2746.0,12.0,42.58,0.156,-0.056,-0.001,130.703,130.002,35.29,28.68,22.63,20.95,23.29,50.57,130.285,44.22,0.087,0,0,0,0,0,0,1,0,1
2021-04-13 12:05:00,-6.900000000000006,6.900000000000006,-0.0929919137466308,1.0,-1.0,-1.0,2.0,2.0,725,2.0,130.088,130.1,130.0,130.039,2798.0,12.0,35.78,0.111,-0.029,0.016,130.53,130.078,6.54,10.8,33.51,9.12,29.73,51.48,130.265,20.89,0.076,0,0,0,0,0,1,0,0,1
2021-04-14 12:00:00,-0.30000000000000004,0.30000000000000004,-0.17647058823529416,1.0,-1.0,-1.0,2.0,2.0,720,3.0,130.416,130.417,130.277,130.34,3094.0,12.0,53.66,0.122,0.017,-0.008,130.437,130.121,59.21,68.02,18.46,20.41,17.43,51.87,130.301,56.15,0.075,1,0,0,0,0,0,0,0,1
2021-04-14 12:00:00,-1.3,1.3,-1.0,1.0,-1.0,-1.0,2.0,1.0,720,3.0,130.416,130.417,130.277,130.34,3094.0,12.0,53.66,0.122,0.017,-0.008,130.437,130.121,59.21,68.02,18.46,20.41,17.43,51.87,130.301,56.15,0.075,1,0,0,0,0,0,0,0,1
2021-04-16 12:00:00,-1.9000000000000021,1.9000000000000021,-0.0892018779342724,1.0,-1.0,-1.0,2.0,2.0,720,5.0,130.383,130.436,130.263,130.349,2543.0,12.0,56.6,0.12,0.026,-0.025,130.416,129.933,71.43,83.41,32.44,21.69,15.8,55.41,130.293,57.95,0.077,0,0,0,0,0,0,0,1,1
2021-04-16 12:00:00,1.0999999999999979,1.0999999999999979,0.062499999999999875,1.0,1.0,1.0,1.0,2.0,720,5.0,130.383,130.436,130.263,130.349,2543.0,12.0,56.6,0.12,0.026,-0.025,130.416,129.933,71.43,83.41,32.44,21.69,15.8,55.41,130.293,57.95,0.077,0,0,0,0,0,0,0,1,1
2021-04-16 12:00:00,0.4,0.4,0.26666666666666666,1.0,1.0,1.0,1.0,1.0,720,5.0,130.383,130.436,130.263,130.349,2543.0,12.0,56.6,0.12,0.026,-0.025,130.416,129.933,71.43,83.41,32.44,21.69,15.8,55.41,130.293,57.95,0.077,0,1,0,0,0,0,0,0,1
2021-04-16 12:00:00,0.5,0.5,0.2777777777777778,1.0,1.0,1.0,1.0,1.0,720,5.0,130.383,130.436,130.263,130.349,2543.0,12.0,56.6,0.12,0.026,-0.025,130.416,129.933,71.43,83.41,32.44,21.69,15.8,55.41,130.293,57.95,0.077,0,1,0,0,0,0,0,0,1
2021-04-19 11:00:00,-2.6000000000000014,2.6000000000000014,-0.08813559322033904,1.0,-1.0,-1.0,2.0,1.0,660,1.0,130.076,130.081,129.885,129.967,6183.0,11.0,42.89,0.157,-0.086,-0.083,130.522,129.73,80.68,72.16,19.55,19.14,17.52,41.78,130.252,50.63,0.08,0,0,0,0,0,0,0,1,1
2021-04-19 11:00:00,-10.099999999999998,10.099999999999998,-0.41393442622950816,1.0,-1.0,-1.0,2.0,1.0,660,1.0,130.076,130.081,129.885,129.967,6183.0,11.0,42.89,0.157,-0.086,-0.083,130.522,129.73,80.68,72.16,19.55,19.14,17.52,41.78,130.252,50.63,0.08,0,0,0,0,0,0,0,1,1
2021-04-19 12:00:00,-2.3000000000000003,2.3000000000000003,-1.916666666666667,1.0,-1.0,-1.0,2.0,1.0,720,1.0,129.967,130.088,129.912,130.064,3439.0,12.0,47.94,0.165,-0.076,-0.088,130.485,129.733,78.89,78.33,17.74,17.12,15.19,47.55,130.244,53.03,0.095,1,0,0,0,0,0,0,0,1
2021-04-19 12:00:00,-6.6,6.6,-3.6666666666666665,1.0,-1.0,-1.0,2.0,1.0,720,1.0,129.967,130.088,129.912,130.064,3439.0,12.0,47.94,0.165,-0.076,-0.088,130.485,129.733,78.89,78.33,17.74,17.12,15.19,47.55,130.244,53.03,0.095,1,0,0,0,0,0,0,0,1
2021-04-22 17:00:00,2.5,2.5,0.21551724137931036,1.0,1.0,1.0,1.0,1.0,1020,4.0,129.983,129.996,129.691,129.837,5128.0,17.0,42.62,0.189,0.01,0.005,130.29,129.785,41.54,64.61,27.87,22.65,23.49,46.12,130.117,33.43,0.133,0,0,0,0,0,1,0,0,1
2021-04-23 11:00:00,0.8000000000000043,0.8000000000000043,0.014842300556586351,1.0,1.0,1.0,1.0,2.0,660,5.0,130.071,130.168,130.064,130.127,2364.0,11.0,61.9,0.123,-0.006,-0.063,130.065,129.573,91.69,89.21,29.43,30.87,8.72,51.78,130.077,76.36,0.071,1,0,0,0,0,0,0,0,1
2021-04-23 11:00:00,0.6999999999999957,0.6999999999999957,0.011006289308176034,1.0,1.0,1.0,1.0,2.0,660,5.0,130.071,130.168,130.064,130.127,2364.0,11.0,61.9,0.123,-0.006,-0.063,130.065,129.573,91.69,89.21,29.43,30.87,8.72,51.78,130.077,76.36,0.071,1,0,0,0,0,0,0,0,1
2021-04-23 11:00:00,1.0999999999999943,1.0999999999999943,0.02191235059760945,1.0,1.0,1.0,1.0,2.0,660,5.0,130.071,130.168,130.064,130.127,2364.0,11.0,61.9,0.123,-0.006,-0.063,130.065,129.573,91.69,89.21,29.43,30.87,8.72,51.78,130.077,76.36,0.071,1,0,0,0,0,0,0,0,1
2021-04-29 11:00:00,-2.0999999999999996,2.0999999999999996,-0.15909090909090906,1.0,-1.0,-1.0,2.0,1.0,660,4.0,131.934,132.06,131.921,132.041,2943.0,11.0,72.9,0.113,0.132,0.116,131.98,131.473,83.22,76.56,36.69,32.12,5.89,76.35,130.995,71.53,0.07,0,0,0,1,0,0,0,0,1
2021-04-29 11:00:00,0.3999999999999999,0.3999999999999999,0.10256410256410255,1.0,1.0,1.0,1.0,2.0,660,4.0,131.934,132.06,131.921,132.041,2943.0,11.0,72.9,0.113,0.132,0.116,131.98,131.473,83.22,76.56,36.69,32.12,5.89,76.35,130.995,71.53,0.07,0,0,0,1,0,0,0,0,1
2021-04-29 11:00:00,-2.0,2.0,-0.24096385542168672,1.0,-1.0,-1.0,2.0,1.0,660,4.0,131.934,132.06,131.921,132.041,2943.0,11.0,72.9,0.113,0.132,0.116,131.98,131.473,83.22,76.56,36.69,32.12,5.89,76.35,130.995,71.53,0.07,0,0,0,1,0,0,0,0,1
2021-04-29 11:00:00,-0.9999999999999996,0.9999999999999996,-0.1785714285714285,1.0,-1.0,-1.0,2.0,1.0,660,4.0,131.934,132.06,131.921,132.041,2943.0,11.0,72.9,0.113,0.132,0.116,131.98,131.473,83.22,76.56,36.69,32.12,5.89,76.35,130.995,71.53,0.07,0,0,0,1,0,0,0,0,1
2021-04-29 12:00:00,11.399999999999999,11.399999999999999,6.705882352941176,1.0,1.0,1.0,1.0,1.0,720,4.0,132.04,132.167,132.024,132.13,2934.0,12.0,75.58,0.11,0.148,0.12,132.041,131.478,88.99,83.25,41.96,37.82,5.1,76.27,131.089,74.86,0.081,0,0,0,0,0,1,0,0,1
2021-04-29 12:00:00,15.299999999999999,15.299999999999999,1.0774647887323943,1.0,1.0,1.0,1.0,1.0,720,4.0,132.04,132.167,132.024,132.13,2934.0,12.0,75.58,0.11,0.148,0.12,132.041,131.478,88.99,83.25,41.96,37.82,5.1,76.27,131.089,74.86,0.081,0,0,0,0,0,1,0,0,1
2021-04-29 12:00:00,13.200000000000003,13.200000000000003,0.13455657492354745,1.0,1.0,1.0,1.0,2.0,720,4.0,132.04,132.167,132.024,132.13,2934.0,12.0,75.58,0.11,0.148,0.12,132.041,131.478,88.99,83.25,41.96,37.82,5.1,76.27,131.089,74.86,0.081,0,0,0,0,0,1,0,0,1
2021-04-29 12:00:00,5.200000000000001,5.200000000000001,0.3376623376623377,1.0,1.0,1.0,1.0,3.0,720,4.0,132.04,132.167,132.024,132.13,2934.0,12.0,75.58,0.11,0.148,0.12,132.041,131.478,88.99,83.25,41.96,37.82,5.1,76.27,131.089,74.86,0.081,0,0,0,0,0,1,0,0,1
2021-04-29 12:00:00,0.6000000000000014,0.6000000000000014,0.024489795918367405,1.0,1.0,1.0,1.0,1.0,720,4.0,132.04,132.167,132.024,132.13,2934.0,12.0,75.58,0.11,0.148,0.12,132.041,131.478,88.99,83.25,41.96,37.82,5.1,76.27,131.089,74.86,0.081,0,0,0,0,0,1,0,0,1
2021-04-30 12:00:00,-0.20000000000000107,0.20000000000000107,-0.021505376344086134,1.0,1.0,1.0,1.0,2.0,720,5.0,131.73,131.789,131.703,131.749,2123.0,12.0,42.05,0.119,-0.025,0.02,132.14,131.71,20.25,21.8,20.79,12.25,19.96,59.72,131.443,45.51,0.078,0,0,1,0,0,0,0,0,1
2021-04-30 12:00:00,-0.19999999999999996,0.19999999999999996,-0.09999999999999998,1.0,-1.0,-1.0,2.0,1.0,720,5.0,131.73,131.789,131.703,131.749,2123.0,12.0,42.05,0.119,-0.025,0.02,132.14,131.71,20.25,21.8,20.79,12.25,19.96,59.72,131.443,45.51,0.078,0,1,0,0,0,0,0,0,1
2021-04-30 12:00:00,0.2,0.2,0.15384615384615385,1.0,1.0,1.0,1.0,1.0,720,5.0,131.73,131.789,131.703,131.749,2123.0,12.0,42.05,0.119,-0.025,0.02,132.14,131.71,20.25,21.8,20.79,12.25,19.96,59.72,131.443,45.51,0.078,0,1,0,0,0,0,0,0,1
2021-04-30 12:00:00,3.2,3.2,0.5333333333333333,1.0,1.0,1.0,1.0,2.0,720,5.0,131.73,131.789,131.703,131.749,2123.0,12.0,42.05,0.119,-0.025,0.02,132.14,131.71,20.25,21.8,20.79,12.25,19.96,59.72,131.443,45.51,0.078,1,0,0,0,0,0,0,0,1
2021-04-30 12:00:00,0.6,0.6,0.6,1.0,1.0,1.0,1.0,1.0,720,5.0,131.73,131.789,131.703,131.749,2123.0,12.0,42.05,0.119,-0.025,0.02,132.14,131.71,20.25,21.8,20.79,12.25,19.96,59.72,131.443,45.51,0.078,0,1,0,0,0,0,0,0,1
2021-04-30 12:00:00,0.30000000000000004,0.30000000000000004,0.13043478260869568,1.0,1.0,1.0,1.0,3.0,720,5.0,131.73,131.789,131.703,131.749,2123.0,12.0,42.05,0.119,-0.025,0.02,132.14,131.71,20.25,21.8,20.79,12.25,19.96,59.72,131.443,45.51,0.078,0,1,0,0,0,0,0,0,1
2021-04-30 12:00:00,-0.09999999999999998,0.09999999999999998,-0.05263157894736841,1.0,-1.0,-1.0,2.0,2.0,720,5.0,131.73,131.789,131.703,131.749,2123.0,12.0,42.05,0.119,-0.025,0.02,132.14,131.71,20.25,21.8,20.79,12.25,19.96,59.72,131.443,45.51,0.078,0,1,0,0,0,0,0,0,1
2021-04-30 12:00:00,0.5,0.5,0.45454545454545453,1.0,1.0,1.0,1.0,2.0,720,5.0,131.73,131.789,131.703,131.749,2123.0,12.0,42.05,0.119,-0.025,0.02,132.14,131.71,20.25,21.8,20.79,12.25,19.96,59.72,131.443,45.51,0.078,0,1,0,0,0,0,0,0,1
2021-04-30 12:00:00,0.09999999999999998,0.09999999999999998,0.05882352941176469,1.0,1.0,1.0,1.0,2.0,720,5.0,131.73,131.789,131.703,131.749,2123.0,12.0,42.05,0.119,-0.025,0.02,132.14,131.71,20.25,21.8,20.79,12.25,19.96,59.72,131.443,45.51,0.078,1,0,0,0,0,0,0,0,1
2021-05-03 11:00:00,-0.3999999999999986,0.3999999999999986,-0.006220839813374784,1.0,-1.0,-1.0,2.0,2.0,660,1.0,131.979,132.098,131.962,132.084,2448.0,11.0,71.94,0.115,0.057,-0.029,132.001,131.217,91.09,92.32,51.84,38.54,4.69,65.47,131.651,76.71,0.064,1,0,0,0,0,0,0,0,1
2021-05-05 11:00:00,0.20000000000000284,0.20000000000000284,0.0038986354775829017,1.0,1.0,1.0,1.0,2.0,660,3.0,131.172,131.197,130.981,131.192,3403.0,11.0,38.89,0.116,-0.052,-0.041,131.476,131.178,30.6,39.04,24.79,9.57,33.94,43.6,131.608,27.64,0.076,1,0,0,0,0,0,0,0,1
2021-05-05 11:00:00,0.09999999999999432,0.09999999999999432,0.0018281535648993475,1.0,1.0,1.0,1.0,2.0,660,3.0,131.172,131.197,130.981,131.192,3403.0,11.0,38.89,0.116,-0.052,-0.041,131.476,131.178,30.6,39.04,24.79,9.57,33.94,43.6,131.608,27.64,0.076,1,0,0,0,0,0,0,0,1
2021-05-05 12:00:00,1.3,1.3,1.0833333333333335,1.0,1.0,1.0,1.0,1.0,720,3.0,131.193,131.26,131.152,131.259,1961.0,12.0,43.64,0.118,-0.052,-0.041,131.473,131.186,43.04,33.91,25.39,16.08,29.42,42.75,131.571,40.63,0.092,0,1,0,0,0,0,0,0,1
2021-05-05 12:00:00,1.5,1.5,0.39473684210526316,1.0,1.0,1.0,1.0,1.0,720,3.0,131.193,131.26,131.152,131.259,1961.0,12.0,43.64,0.118,-0.052,-0.041,131.473,131.186,43.04,33.91,25.39,16.08,29.42,42.75,131.571,40.63,0.092,0,1,0,0,0,0,0,0,1
2021-05-06 12:00:00,2.5,2.5,2.0833333333333335,1.0,1.0,1.0,1.0,1.0,720,4.0,131.502,131.541,131.42,131.464,3265.0,12.0,62.11,0.123,0.046,-0.006,131.491,130.921,73.56,74.83,48.28,30.51,7.69,60.42,131.428,61.54,0.079,0,0,0,0,0,0,1,0,1
2021-05-06 12:00:00,12.3,12.3,9.461538461538462,1.0,1.0,1.0,1.0,1.0,720,4.0,131.502,131.541,131.42,131.464,3265.0,12.0,62.11,0.123,0.046,-0.006,131.491,130.921,73.56,74.83,48.28,30.51,7.69,60.42,131.428,61.54,0.079,0,0,0,0,0,0,1,0,1
2021-05-10 11:30:00,4.0,4.0,0.2222222222222222,1.0,1.0,1.0,1.0,1.0,690,1.0,132.321,132.444,132.271,132.401,3103.0,11.0,63.82,0.147,0.169,0.168,132.534,131.807,59.82,58.89,35.51,17.56,8.51,67.47,131.568,49.12,0.085,0,0,0,0,0,1,0,0,1
2021-05-11 12:05:00,12.799999999999997,12.799999999999997,0.17728531855955673,1.0,1.0,1.0,1.0,2.0,725,2.0,132.354,132.473,132.336,132.412,2651.0,12.0,61.64,0.132,0.039,0.012,132.417,131.957,87.34,72.57,17.9,23.08,12.89,55.03,131.829,70.92,0.094,0,0,0,0,0,1,0,0,1
2021-05-12 12:00:00,-0.1,0.1,-0.08333333333333334,1.0,-1.0,-1.0,2.0,2.0,720,3.0,131.964,131.981,131.871,131.969,2304.0,12.0,45.33,0.105,-0.042,-0.045,132.094,131.892,49.06,47.66,17.97,15.45,18.24,57.37,132.008,41.56,0.061,1,0,0,0,0,0,0,0,1
2021-05-12 12:00:00,11.6,11.6,6.823529411764706,1.0,1.0,1.0,1.0,1.0,720,3.0,131.964,131.981,131.871,131.969,2304.0,12.0,45.33,0.105,-0.042,-0.045,132.094,131.892,49.06,47.66,17.97,15.45,18.24,57.37,132.008,41.56,0.061,1,0,0,0,0,0,0,0,1
2021-05-18 12:00:00,-1.0,1.0,-0.5882352941176471,1.0,-1.0,-1.0,2.0,1.0,720,2.0,133.006,133.129,132.983,133.074,2936.0,12.0,70.75,0.117,0.084,0.054,133.029,132.544,79.58,74.08,43.02,27.19,5.04,72.46,132.571,59.96,0.083,0,0,1,0,0,0,0,0,1
2021-05-18 12:00:00,-0.10000000000000009,0.10000000000000009,-0.03333333333333336,1.0,-1.0,-1.0,2.0,1.0,720,2.0,133.006,133.129,132.983,133.074,2936.0,12.0,70.75,0.117,0.084,0.054,133.029,132.544,79.58,74.08,43.02,27.19,5.04,72.46,132.571,59.96,0.083,0,0,1,0,0,0,0,0,1
2021-05-18 12:00:00,-2.1999999999999993,2.1999999999999993,-0.13580246913580243,1.0,-1.0,-1.0,2.0,2.0,720,2.0,133.006,133.129,132.983,133.074,2936.0,12.0,70.75,0.117,0.084,0.054,133.029,132.544,79.58,74.08,43.02,27.19,5.04,72.46,132.571,59.96,0.083,0,0,0,0,0,0,0,1,1
2021-05-18 12:00:00,-12.2,12.2,-0.42068965517241375,1.0,-1.0,-1.0,2.0,2.0,720,2.0,133.006,133.129,132.983,133.074,2936.0,12.0,70.75,0.117,0.084,0.054,133.029,132.544,79.58,74.08,43.02,27.19,5.04,72.46,132.571,59.96,0.083,0,0,0,0,0,0,0,1,1
2021-05-19 12:00:00,-0.09999999999999998,0.09999999999999998,-0.062499999999999986,1.0,-1.0,-1.0,2.0,1.0,720,3.0,133.222,133.32,133.218,133.301,3494.0,12.0,60.83,0.118,0.098,0.1,133.393,132.967,44.39,54.63,31.96,24.6,16.83,62.96,132.774,48.88,0.075,0,1,0,0,0,0,0,0,1
2021-05-19 12:00:00,-0.10000000000000009,0.10000000000000009,-0.0555555555555556,1.0,-1.0,-1.0,2.0,2.0,720,3.0,133.222,133.32,133.218,133.301,3494.0,12.0,60.83,0.118,0.098,0.1,133.393,132.967,44.39,54.63,31.96,24.6,16.83,62.96,132.774,48.88,0.075,0,1,0,0,0,0,0,0,1
2021-05-19 12:00:00,0.19999999999999996,0.19999999999999996,0.14285714285714282,1.0,1.0,1.0,1.0,1.0,720,3.0,133.222,133.32,133.218,133.301,3494.0,12.0,60.83,0.118,0.098,0.1,133.393,132.967,44.39,54.63,31.96,24.6,16.83,62.96,132.774,48.88,0.075,0,1,0,0,0,0,0,0,1
2021-05-19 12:00:00,0.5,0.5,0.23809523809523808,1.0,1.0,1.0,1.0,1.0,720,3.0,133.222,133.32,133.218,133.301,3494.0,12.0,60.83,0.118,0.098,0.1,133.393,132.967,44.39,54.63,31.96,24.6,16.83,62.96,132.774,48.88,0.075,0,1,0,0,0,0,0,0,1
2021-05-20 11:00:00,0.5,0.5,0.015873015873015872,1.0,1.0,1.0,1.0,1.0,660,4.0,132.982,132.99,132.707,132.747,3538.0,11.0,37.97,0.133,-0.045,-0.038,133.092,132.748,31.87,40.13,20.95,14.5,16.36,47.65,132.896,52.3,0.063,0,0,0,0,0,0,0,1,1
2021-05-20 11:00:00,3.8000000000000007,3.8000000000000007,0.25333333333333335,1.0,1.0,1.0,1.0,1.0,660,4.0,132.982,132.99,132.707,132.747,3538.0,11.0,37.97,0.133,-0.045,-0.038,133.092,132.748,31.87,40.13,20.95,14.5,16.36,47.65,132.896,52.3,0.063,0,0,0,0,0,0,0,1,1
2021-05-20 12:00:00,3.3000000000000003,3.3000000000000003,2.0625,1.0,1.0,1.0,1.0,1.0,720,4.0,132.753,132.852,132.743,132.796,3027.0,12.0,41.01,0.13,-0.053,-0.04,133.083,132.735,29.11,35.57,18.96,12.57,14.18,54.43,132.911,39.9,0.084,1,0,0,0,0,0,0,0,1
2021-05-20 12:00:00,26.200000000000003,26.200000000000003,2.943820224719101,1.0,1.0,1.0,1.0,1.0,720,4.0,132.753,132.852,132.743,132.796,3027.0,12.0,41.01,0.13,-0.053,-0.04,133.083,132.735,29.11,35.57,18.96,12.57,14.18,54.43,132.911,39.9,0.084,1,0,0,0,0,0,0,0,1
2021-05-21 11:00:00,-0.4000000000000057,0.4000000000000057,-0.006230529595015665,1.0,-1.0,-1.0,2.0,2.0,660,5.0,132.785,132.841,132.701,132.791,2936.0,11.0,36.98,0.123,-0.013,0.028,133.219,132.783,16.67,16.55,35.61,10.28,24.1,47.52,132.959,22.37,0.082,1,0,0,0,0,0,0,0,1
2021-05-21 11:00:00,4.700000000000003,4.700000000000003,0.09143968871595337,1.0,1.0,1.0,1.0,2.0,660,5.0,132.785,132.841,132.701,132.791,2936.0,11.0,36.98,0.123,-0.013,0.028,133.219,132.783,16.67,16.55,35.61,10.28,24.1,47.52,132.959,22.37,0.082,1,0,0,0,0,0,0,0,1
2021-05-21 11:00:00,3.1000000000000014,3.1000000000000014,0.05656934306569346,1.0,1.0,1.0,1.0,2.0,660,5.0,132.785,132.841,132.701,132.791,2936.0,11.0,36.98,0.123,-0.013,0.028,133.219,132.783,16.67,16.55,35.61,10.28,24.1,47.52,132.959,22.37,0.082,1,0,0,0,0,0,0,0,1
2021-05-21 17:00:00,2.9000000000000004,2.9000000000000004,0.32222222222222224,1.0,1.0,1.0,1.0,1.0,1020,5.0,132.671,132.843,132.558,132.803,5407.0,17.0,45.0,0.159,-0.072,-0.033,133.285,132.6,41.58,27.74,27.0,17.22,21.73,41.75,132.959,39.43,0.094,0,0,0,0,0,1,0,0,1
2021-05-28 12:00:00,5.1,5.1,0.6891891891891891,1.0,1.0,1.0,1.0,1.0,720,5.0,133.985,133.994,133.863,133.916,2430.0,12.0,60.98,0.099,0.139,0.169,134.003,133.824,82.43,72.04,19.6,20.83,20.2,60.13,133.313,52.84,0.081,0,0,0,0,0,1,0,0,1
2021-05-28 12:00:00,14.9,14.9,3.239130434782609,1.0,1.0,1.0,1.0,1.0,720,5.0,133.985,133.994,133.863,133.916,2430.0,12.0,60.98,0.099,0.139,0.169,134.003,133.824,82.43,72.04,19.6,20.83,20.2,60.13,133.313,52.84,0.081,0,0,0,0,0,1,0,0,1
2021-05-28 12:00:00,8.799999999999997,8.799999999999997,0.08247422680412368,1.0,1.0,1.0,1.0,2.0,720,5.0,133.985,133.994,133.863,133.916,2430.0,12.0,60.98,0.099,0.139,0.169,134.003,133.824,82.43,72.04,19.6,20.83,20.2,60.13,133.313,52.84,0.081,0,0,0,0,0,1,0,0,1
2021-05-28 12:00:00,6.699999999999999,6.699999999999999,0.406060606060606,1.0,1.0,1.0,1.0,3.0,720,5.0,133.985,133.994,133.863,133.916,2430.0,12.0,60.98,0.099,0.139,0.169,134.003,133.824,82.43,72.04,19.6,20.83,20.2,60.13,133.313,52.84,0.081,0,0,0,0,0,1,0,0,1
2021-05-28 12:00:00,0.09999999999999787,0.09999999999999787,0.0032467532467531776,1.0,1.0,1.0,1.0,1.0,720,5.0,133.985,133.994,133.863,133.916,2430.0,12.0,60.98,0.099,0.139,0.169,134.003,133.824,82.43,72.04,19.6,20.83,20.2,60.13,133.313,52.84,0.081,0,0,0,0,0,1,0,0,1
2021-05-31 11:00:00,-0.8999999999999995,0.8999999999999995,-0.17647058823529402,1.0,-1.0,-1.0,2.0,1.0,660,1.0,133.754,133.815,133.731,133.782,2930.0,11.0,46.52,0.096,-0.005,0.02,134.014,133.725,32.76,34.5,18.5,11.26,16.53,59.11,133.49,47.86,0.049,0,0,0,1,0,0,0,0,1
2021-05-31 11:00:00,-3.0999999999999996,3.0999999999999996,-0.4246575342465753,1.0,-1.0,-1.0,2.0,1.0,660,1.0,133.754,133.815,133.731,133.782,2930.0,11.0,46.52,0.096,-0.005,0.02,134.014,133.725,32.76,34.5,18.5,11.26,16.53,59.11,133.49,47.86,0.049,0,0,0,1,0,0,0,0,1
2021-05-31 11:00:00,0.1999999999999993,0.1999999999999993,0.019999999999999928,1.0,1.0,1.0,1.0,1.0,660,1.0,133.754,133.815,133.731,133.782,2930.0,11.0,46.52,0.096,-0.005,0.02,134.014,133.725,32.76,34.5,18.5,11.26,16.53,59.11,133.49,47.86,0.049,0,0,0,1,0,0,0,0,1
2021-05-31 11:00:00,0.2999999999999998,0.2999999999999998,0.06666666666666662,1.0,1.0,1.0,1.0,2.0,660,1.0,133.754,133.815,133.731,133.782,2930.0,11.0,46.52,0.096,-0.005,0.02,134.014,133.725,32.76,34.5,18.5,11.26,16.53,59.11,133.49,47.86,0.049,0,0,0,1,0,0,0,0,1
2021-06-01 11:00:00,0.30000000000000426,0.30000000000000426,0.004702194357366838,1.0,1.0,1.0,1.0,2.0,660,2.0,134.024,134.035,133.885,134.008,3809.0,11.0,60.57,0.118,0.031,0.014,134.019,133.737,90.23,78.28,17.26,16.26,9.59,64.11,133.631,57.44,0.07,1,0,0,0,0,0,0,0,1
2021-06-01 12:00:00,0.4,0.4,0.33333333333333337,1.0,1.0,1.0,1.0,1.0,720,2.0,134.01,134.096,134.004,134.071,2837.0,12.0,64.05,0.117,0.042,0.016,134.051,133.731,93.49,89.09,21.2,22.93,8.31,64.84,133.671,67.47,0.083,0,1,0,0,0,0,0,0,1
2021-06-01 12:00:00,0.5,0.5,0.4166666666666667,1.0,1.0,1.0,1.0,2.0,720,2.0,134.01,134.096,134.004,134.071,2837.0,12.0,64.05,0.117,0.042,0.016,134.051,133.731,93.49,89.09,21.2,22.93,8.31,64.84,133.671,67.47,0.083,0,1,0,0,0,0,0,0,1
2021-06-01 12:00:00,0.20000000000000007,0.20000000000000007,0.11764705882352945,1.0,1.0,1.0,1.0,2.0,720,2.0,134.01,134.096,134.004,134.071,2837.0,12.0,64.05,0.117,0.042,0.016,134.051,133.731,93.49,89.09,21.2,22.93,8.31,64.84,133.671,67.47,0.083,0,1,0,0,0,0,0,0,1
2021-06-01 12:00:00,0.3999999999999999,0.3999999999999999,0.1538461538461538,1.0,1.0,1.0,1.0,3.0,720,2.0,134.01,134.096,134.004,134.071,2837.0,12.0,64.05,0.117,0.042,0.016,134.051,133.731,93.49,89.09,21.2,22.93,8.31,64.84,133.671,67.47,0.083,0,1,0,0,0,0,0,0,1
2021-06-01 12:00:00,-0.3000000000000007,0.3000000000000007,-0.03225806451612911,1.0,1.0,1.0,1.0,2.0,720,2.0,134.01,134.096,134.004,134.071,2837.0,12.0,64.05,0.117,0.042,0.016,134.051,133.731,93.49,89.09,21.2,22.93,8.31,64.84,133.671,67.47,0.083,0,0,1,0,0,0,0,0,1
2021-06-01 12:00:00,0.30000000000000004,0.30000000000000004,0.27272727272727276,1.0,1.0,1.0,1.0,1.0,720,2.0,134.01,134.096,134.004,134.071,2837.0,12.0,64.05,0.117,0.042,0.016,134.051,133.731,93.49,89.09,21.2,22.93,8.31,64.84,133.671,67.47,0.083,0,1,0,0,0,0,0,0,1
2021-06-01 12:00:00,0.09999999999999998,0.09999999999999998,0.05555555555555554,1.0,1.0,1.0,1.0,1.0,720,2.0,134.01,134.096,134.004,134.071,2837.0,12.0,64.05,0.117,0.042,0.016,134.051,133.731,93.49,89.09,21.2,22.93,8.31,64.84,133.671,67.47,0.083,0,1,0,0,0,0,0,0,1
2021-06-02 12:00:00,0.7,0.7,0.5384615384615384,1.0,1.0,1.0,1.0,1.0,720,3.0,133.819,133.883,133.698,133.708,2932.0,12.0,38.28,0.117,-0.004,0.01,134.106,133.629,5.69,21.08,25.16,11.54,30.51,49.87,133.861,37.67,0.065,0,1,0,0,0,0,0,0,1
2021-06-02 12:00:00,1.7999999999999998,1.7999999999999998,0.2647058823529412,1.0,1.0,1.0,1.0,1.0,720,3.0,133.819,133.883,133.698,133.708,2932.0,12.0,38.28,0.117,-0.004,0.01,134.106,133.629,5.69,21.08,25.16,11.54,30.51,49.87,133.861,37.67,0.065,0,1,0,0,0,0,0,0,1
2021-06-03 11:00:00,0.20000000000000284,0.20000000000000284,0.003454231433506094,1.0,1.0,1.0,1.0,2.0,660,4.0,133.789,133.856,133.748,133.81,2647.0,11.0,47.79,0.077,-0.005,-0.005,133.901,133.739,24.33,29.19,19.92,18.29,18.83,51.83,133.845,44.54,0.049,1,0,0,0,0,0,0,0,1
2021-06-03 11:00:00,0.10000000000000142,0.10000000000000142,0.0017825311942959254,1.0,1.0,1.0,1.0,2.0,660,4.0,133.789,133.856,133.748,133.81,2647.0,11.0,47.79,0.077,-0.005,-0.005,133.901,133.739,24.33,29.19,19.92,18.29,18.83,51.83,133.845,44.54,0.049,1,0,0,0,0,0,0,0,1
2021-06-04 12:00:00,-2.9,2.9,-2.4166666666666665,1.0,-1.0,-1.0,2.0,1.0,720,5.0,133.403,133.439,133.387,133.411,1965.0,12.0,29.89,0.092,-0.091,-0.063,133.871,133.379,16.29,22.07,34.74,8.13,26.57,44.78,133.786,37.48,0.058,0,0,0,0,0,0,1,0,1
2021-06-04 12:00:00,19.2,19.2,3.3684210526315788,1.0,1.0,1.0,1.0,1.0,720,5.0,133.403,133.439,133.387,133.411,1965.0,12.0,29.89,0.092,-0.091,-0.063,133.871,133.379,16.29,22.07,34.74,8.13,26.57,44.78,133.786,37.48,0.058,0,0,0,0,0,0,1,0,1
2021-06-07 11:30:00,-0.3999999999999986,0.3999999999999986,-0.013559322033898256,1.0,-1.0,-1.0,2.0,1.0,690,1.0,133.139,133.139,132.999,133.008,2579.0,11.0,31.48,0.118,-0.098,-0.085,133.395,133.045,19.58,21.64,34.18,7.93,28.63,33.96,133.638,37.24,0.053,0,0,0,0,0,1,0,0,1
2021-06-08 12:00:00,0.30000000000000004,0.30000000000000004,0.09677419354838711,1.0,1.0,1.0,1.0,1.0,720,2.0,133.307,133.36,133.265,133.348,1811.0,12.0,57.83,0.092,0.027,0.013,133.369,133.136,84.52,75.49,18.94,19.41,12.7,43.92,133.442,52.63,0.052,0,0,1,0,0,0,0,0,1
2021-06-08 12:00:00,0.3,0.3,0.18749999999999997,1.0,1.0,1.0,1.0,2.0,720,2.0,133.307,133.36,133.265,133.348,1811.0,12.0,57.83,0.092,0.027,0.013,133.369,133.136,84.52,75.49,18.94,19.41,12.7,43.92,133.442,52.63,0.052,1,0,0,0,0,0,0,0,1
2021-06-08 12:00:00,0.5,0.5,0.17857142857142858,1.0,1.0,1.0,1.0,2.0,720,2.0,133.307,133.36,133.265,133.348,1811.0,12.0,57.83,0.092,0.027,0.013,133.369,133.136,84.52,75.49,18.94,19.41,12.7,43.92,133.442,52.63,0.052,1,0,0,0,0,0,0,0,1
2021-06-08 12:05:00,4.299999999999997,4.299999999999997,0.05512820512820509,1.0,1.0,1.0,1.0,2.0,725,2.0,133.307,133.36,133.265,133.348,1811.0,12.0,57.83,0.092,0.027,0.013,133.369,133.136,84.52,75.49,18.94,19.41,12.7,43.92,133.442,52.63,0.052,0,0,0,0,0,1,0,0,1
2021-06-14 12:00:00,34.599999999999994,34.599999999999994,6.07017543859649,1.0,1.0,1.0,1.0,1.0,720,1.0,132.78,132.853,132.77,132.836,1760.0,12.0,45.49,0.115,-0.064,-0.083,132.933,132.694,62.93,64.84,37.34,8.89,18.26,46.51,133.19,50.92,0.086,1,0,0,0,0,0,0,0,1
2021-06-15 12:00:00,-0.09999999999999964,0.09999999999999964,-0.00952380952380949,1.0,-1.0,-1.0,2.0,2.0,720,2.0,133.578,133.578,133.474,133.539,2123.0,12.0,64.49,0.088,0.127,0.127,133.605,133.271,65.96,73.5,38.43,23.82,18.62,52.68,133.211,44.98,0.062,0,0,0,0,0,0,0,1,1
2021-06-15 12:00:00,5.5,5.5,0.859375,1.0,1.0,1.0,1.0,2.0,720,2.0,133.578,133.578,133.474,133.539,2123.0,12.0,64.49,0.088,0.127,0.127,133.605,133.271,65.96,73.5,38.43,23.82,18.62,52.68,133.211,44.98,0.062,0,0,0,0,0,0,0,1,1
2021-06-16 12:00:00,-2.0,2.0,-0.3846153846153846,1.0,-1.0,-1.0,2.0,2.0,720,3.0,133.334,133.349,133.27,133.311,1800.0,12.0,39.13,0.084,-0.002,0.024,133.553,133.349,25.8,35.58,15.02,18.81,17.22,45.6,133.207,39.36,0.068,0,0,1,0,0,0,0,0,1
2021-06-16 12:00:00,-1.7999999999999998,1.7999999999999998,-0.41860465116279066,1.0,-1.0,-1.0,2.0,1.0,720,3.0,133.334,133.349,133.27,133.311,1800.0,12.0,39.13,0.084,-0.002,0.024,133.553,133.349,25.8,35.58,15.02,18.81,17.22,45.6,133.207,39.36,0.068,0,0,0,0,1,0,0,0,1
2021-06-17 12:00:00,0.3999999999999999,0.3999999999999999,0.15999999999999998,1.0,1.0,1.0,1.0,1.0,720,4.0,132.188,132.323,132.182,132.28,3302.0,12.0,24.91,0.154,-0.23,-0.175,133.314,132.207,15.17,13.86,42.47,10.98,26.57,25.18,133.056,33.57,0.117,0,1,0,0,0,0,0,0,1
2021-06-17 12:00:00,0.3,0.3,0.3,1.0,1.0,1.0,1.0,1.0,720,4.0,132.188,132.323,132.182,132.28,3302.0,12.0,24.91,0.154,-0.23,-0.175,133.314,132.207,15.17,13.86,42.47,10.98,26.57,25.18,133.056,33.57,0.117,0,1,0,0,0,0,0,0,1
2021-06-17 12:00:00,0.09999999999999998,0.09999999999999998,0.05263157894736841,1.0,1.0,1.0,1.0,2.0,720,4.0,132.188,132.323,132.182,132.28,3302.0,12.0,24.91,0.154,-0.23,-0.175,133.314,132.207,15.17,13.86,42.47,10.98,26.57,25.18,133.056,33.57,0.117,0,1,0,0,0,0,0,0,1
2021-06-17 12:00:00,-1.5000000000000002,1.5000000000000002,-0.8823529411764708,1.0,-1.0,-1.0,2.0,1.0,720,4.0,132.188,132.323,132.182,132.28,3302.0,12.0,24.91,0.154,-0.23,-0.175,133.314,132.207,15.17,13.86,42.47,10.98,26.57,25.18,133.056,33.57,0.117,1,0,0,0,0,0,0,0,1
2021-06-17 12:00:00,34.3,34.3,3.811111111111111,1.0,1.0,1.0,1.0,1.0,720,4.0,132.188,132.323,132.182,132.28,3302.0,12.0,24.91,0.154,-0.23,-0.175,133.314,132.207,15.17,13.86,42.47,10.98,26.57,25.18,133.056,33.57,0.117,1,0,0,0,0,0,0,0,1
2021-06-18 11:00:00,14.0,14.0,1.4285714285714284,1.0,1.0,1.0,1.0,1.0,660,5.0,131.066,131.269,131.034,131.193,3463.0,11.0,37.57,0.165,-0.311,-0.343,131.667,130.91,40.8,26.2,36.65,20.38,27.8,23.63,132.732,46.27,0.127,0,0,0,0,0,0,0,1,1
2021-06-18 11:00:00,17.599999999999998,17.599999999999998,1.189189189189189,1.0,1.0,1.0,1.0,1.0,660,5.0,131.066,131.269,131.034,131.193,3463.0,11.0,37.57,0.165,-0.311,-0.343,131.667,130.91,40.8,26.2,36.65,20.38,27.8,23.63,132.732,46.27,0.127,0,0,0,0,0,0,0,1,1
2021-06-22 17:00:00,1.7000000000000002,1.7000000000000002,0.2833333333333334,1.0,1.0,1.0,1.0,1.0,1020,2.0,131.718,131.817,131.673,131.754,4426.0,17.0,65.71,0.171,0.129,0.105,131.705,131.198,89.03,80.55,38.71,29.86,7.63,57.69,131.443,64.97,0.1,0,0,0,0,0,1,0,0,1
2021-06-23 11:00:00,2.799999999999997,2.799999999999997,0.049822064056939445,1.0,1.0,1.0,1.0,2.0,660,3.0,132.362,132.441,132.33,132.337,2652.0,11.0,71.59,0.128,0.191,0.194,132.373,131.774,76.92,62.45,49.6,31.17,6.17,60.45,131.362,71.47,0.09,1,0,0,0,0,0,0,0,1
2021-06-23 11:00:00,2.1000000000000014,2.1000000000000014,0.03614457831325304,1.0,1.0,1.0,1.0,2.0,660,3.0,132.362,132.441,132.33,132.337,2652.0,11.0,71.59,0.128,0.191,0.194,132.373,131.774,76.92,62.45,49.6,31.17,6.17,60.45,131.362,71.47,0.09,1,0,0,0,0,0,0,0,1
2021-06-25 11:00:00,-2.4,2.4,-0.4528301886792453,1.0,-1.0,-1.0,2.0,1.0,660,5.0,132.322,132.322,132.201,132.24,2053.0,11.0,45.01,0.096,0.008,0.015,132.414,132.173,29.93,29.09,24.4,11.3,18.83,53.52,132.0,40.23,0.061,0,0,0,1,0,0,0,0,1
2021-06-25 11:00:00,-0.19999999999999973,0.19999999999999973,-0.039215686274509755,1.0,-1.0,-1.0,2.0,2.0,660,5.0,132.322,132.322,132.201,132.24,2053.0,11.0,45.01,0.096,0.008,0.015,132.414,132.173,29.93,29.09,24.4,11.3,18.83,53.52,132.0,40.23,0.061,0,0,0,1,0,0,0,0,1
2021-06-25 11:00:00,-0.6999999999999997,0.6999999999999997,-0.159090909090909,1.0,-1.0,-1.0,2.0,1.0,660,5.0,132.322,132.322,132.201,132.24,2053.0,11.0,45.01,0.096,0.008,0.015,132.414,132.173,29.93,29.09,24.4,11.3,18.83,53.52,132.0,40.23,0.061,0,0,0,1,0,0,0,0,1
2021-06-29 12:00:00,6.0,6.0,0.27149321266968324,1.0,1.0,1.0,1.0,3.0,720,2.0,131.625,131.72,131.622,131.656,1937.0,12.0,38.58,0.113,-0.095,-0.102,131.987,131.59,35.99,59.19,17.17,18.17,19.58,36.59,132.114,43.86,0.081,0,0,0,0,0,1,0,0,1
2021-06-29 12:00:00,5.400000000000006,5.400000000000006,0.04757709251101327,1.0,1.0,1.0,1.0,2.0,720,2.0,131.625,131.72,131.622,131.656,1937.0,12.0,38.58,0.113,-0.095,-0.102,131.987,131.59,35.99,59.19,17.17,18.17,19.58,36.59,132.114,43.86,0.081,0,0,0,0,0,1,0,0,1
2021-06-29 12:00:00,3.0,3.0,0.08823529411764706,1.0,1.0,1.0,1.0,1.0,720,2.0,131.625,131.72,131.622,131.656,1937.0,12.0,38.58,0.113,-0.095,-0.102,131.987,131.59,35.99,59.19,17.17,18.17,19.58,36.59,132.114,43.86,0.081,0,0,0,0,0,1,0,0,1
2021-06-29 12:00:00,1.5999999999999996,1.5999999999999996,0.13223140495867766,1.0,1.0,1.0,1.0,1.0,720,2.0,131.625,131.72,131.622,131.656,1937.0,12.0,38.58,0.113,-0.095,-0.102,131.987,131.59,35.99,59.19,17.17,18.17,19.58,36.59,132.114,43.86,0.081,0,0,0,0,0,1,0,0,1
2021-06-29 12:00:00,11.2,11.2,1.4545454545454544,1.0,1.0,1.0,1.0,1.0,720,2.0,131.625,131.72,131.622,131.656,1937.0,12.0,38.58,0.113,-0.095,-0.102,131.987,131.59,35.99,59.19,17.17,18.17,19.58,36.59,132.114,43.86,0.081,0,0,0,0,0,1,0,0,1
2021-06-30 12:00:00,0.09999999999999998,0.09999999999999998,0.08333333333333331,1.0,1.0,1.0,1.0,1.0,720,3.0,131.293,131.457,131.287,131.442,3251.0,12.0,43.28,0.127,-0.067,-0.068,131.633,131.38,42.11,54.02,24.83,8.69,18.55,39.76,131.894,42.54,0.095,0,1,0,0,0,0,0,0,1
2021-06-30 12:00:00,0.3,0.3,0.3,1.0,1.0,1.0,1.0,2.0,720,3.0,131.293,131.457,131.287,131.442,3251.0,12.0,43.28,0.127,-0.067,-0.068,131.633,131.38,42.11,54.02,24.83,8.69,18.55,39.76,131.894,42.54,0.095,0,1,0,0,0,0,0,0,1
2021-06-30 12:00:00,-0.10000000000000009,0.10000000000000009,-0.03333333333333336,1.0,-1.0,-1.0,2.0,3.0,720,3.0,131.293,131.457,131.287,131.442,3251.0,12.0,43.28,0.127,-0.067,-0.068,131.633,131.38,42.11,54.02,24.83,8.69,18.55,39.76,131.894,42.54,0.095,0,1,0,0,0,0,0,0,1
2021-06-30 12:00:00,0.09999999999999998,0.09999999999999998,0.08333333333333331,1.0,1.0,1.0,1.0,1.0,720,3.0,131.293,131.457,131.287,131.442,3251.0,12.0,43.28,0.127,-0.067,-0.068,131.633,131.38,42.11,54.02,24.83,8.69,18.55,39.76,131.894,42.54,0.095,0,1,0,0,0,0,0,0,1
2021-07-01 11:00:00,0.29999999999999716,0.29999999999999716,0.0046801872074882555,1.0,1.0,1.0,1.0,2.0,660,4.0,131.831,131.958,131.828,131.947,3237.0,11.0,66.83,0.101,0.062,0.035,131.894,131.451,87.42,75.95,25.31,27.81,13.1,55.77,131.775,65.53,0.074,1,0,0,0,0,0,0,0,1
2021-07-01 12:00:00,-0.1999999999999993,0.1999999999999993,-0.0219780219780219,1.0,1.0,1.0,1.0,2.0,720,4.0,131.947,132.174,131.903,132.166,3320.0,12.0,73.67,0.112,0.093,0.041,131.992,131.428,92.02,85.24,28.7,34.73,11.35,63.95,131.78,70.7,0.084,0,0,1,0,0,0,0,0,1
2021-07-02 12:00:00,-0.09999999999999987,0.09999999999999987,-0.041666666666666616,1.0,-1.0,-1.0,2.0,1.0,720,5.0,131.84,131.877,131.794,131.816,2128.0,12.0,35.62,0.096,-0.003,0.062,132.386,131.872,6.89,15.79,29.29,8.55,28.77,48.15,131.756,23.92,0.076,0,1,0,0,0,0,0,0,1
2021-07-02 12:00:00,0.5,0.5,0.04950495049504951,1.0,1.0,1.0,1.0,1.0,720,5.0,131.84,131.877,131.794,131.816,2128.0,12.0,35.62,0.096,-0.003,0.062,132.386,131.872,6.89,15.79,29.29,8.55,28.77,48.15,131.756,23.92,0.076,0,1,0,0,0,0,0,0,1
2021-07-05 11:00:00,0.29999999999999716,0.29999999999999716,0.005084745762711816,1.0,1.0,1.0,1.0,2.0,660,1.0,131.668,131.671,131.58,131.638,2199.0,11.0,39.5,0.099,-0.066,-0.065,131.855,131.617,25.74,31.57,31.68,9.29,23.77,43.53,131.752,38.02,0.064,1,0,0,0,0,0,0,0,1
2021-07-05 11:00:00,0.29999999999999716,0.29999999999999716,0.00498338870431889,1.0,1.0,1.0,1.0,2.0,660,1.0,131.668,131.671,131.58,131.638,2199.0,11.0,39.5,0.099,-0.066,-0.065,131.855,131.617,25.74,31.57,31.68,9.29,23.77,43.53,131.752,38.02,0.064,1,0,0,0,0,0,0,0,1
2021-07-05 11:30:00,-0.1999999999999993,0.1999999999999993,-0.006451612903225784,1.0,-1.0,-1.0,2.0,1.0,690,1.0,131.668,131.671,131.58,131.638,2199.0,11.0,39.5,0.099,-0.066,-0.065,131.855,131.617,25.74,31.57,31.68,9.29,23.77,43.53,131.752,38.02,0.064,0,0,0,0,0,1,0,0,1
2021-07-06 12:00:00,-7.5,7.5,-0.42857142857142855,1.0,-1.0,-1.0,2.0,1.0,720,2.0,131.218,131.293,131.114,131.179,3359.0,12.0,31.09,0.137,-0.075,-0.043,131.833,131.282,5.35,31.96,25.64,21.68,31.03,30.68,131.743,23.22,0.101,0,0,0,0,0,0,1,0,1
2021-07-06 12:00:00,4.3999999999999995,4.3999999999999995,3.6666666666666665,1.0,1.0,1.0,1.0,1.0,720,2.0,131.218,131.293,131.114,131.179,3359.0,12.0,31.09,0.137,-0.075,-0.043,131.833,131.282,5.35,31.96,25.64,21.68,31.03,30.68,131.743,23.22,0.101,0,0,0,0,0,0,1,0,1
2021-07-06 12:05:00,-23.200000000000003,23.200000000000003,-0.2716627634660422,1.0,-1.0,-1.0,2.0,2.0,725,2.0,131.218,131.293,131.114,131.179,3359.0,12.0,31.09,0.137,-0.075,-0.043,131.833,131.282,5.35,31.96,25.64,21.68,31.03,30.68,131.743,23.22,0.101,0,0,0,0,0,1,0,0,1
2021-07-14 12:00:00,-1.0,1.0,-1.0,1.0,-1.0,-1.0,2.0,2.0,720,3.0,130.218,130.311,130.108,130.311,2664.0,12.0,46.01,0.109,-0.093,-0.12,130.398,130.138,51.42,51.47,29.24,14.28,18.58,40.19,130.487,44.62,0.079,1,0,0,0,0,0,0,0,1
2021-07-14 12:00:00,-10.5,10.5,-0.328125,1.0,-1.0,-1.0,2.0,1.0,720,3.0,130.218,130.311,130.108,130.311,2664.0,12.0,46.01,0.109,-0.093,-0.12,130.398,130.138,51.42,51.47,29.24,14.28,18.58,40.19,130.487,44.62,0.079,1,0,0,0,0,0,0,0,1
2021-07-16 12:00:00,2.5,2.5,0.3164556962025316,1.0,1.0,1.0,1.0,2.0,720,5.0,130.094,130.181,130.029,130.136,2611.0,12.0,63.06,0.134,0.015,-0.044,130.124,129.575,84.91,76.06,21.36,24.18,12.23,48.83,130.259,66.25,0.083,0,0,0,0,0,0,0,1,1
2021-07-16 12:00:00,-0.5,0.5,-0.05555555555555555,1.0,-1.0,-1.0,2.0,2.0,720,5.0,130.094,130.181,130.029,130.136,2611.0,12.0,63.06,0.134,0.015,-0.044,130.124,129.575,84.91,76.06,21.36,24.18,12.23,48.83,130.259,66.25,0.083,0,0,0,0,0,0,0,1,1
2021-07-16 12:00:00,-0.30000000000000027,0.30000000000000027,-0.09375000000000008,1.0,-1.0,-1.0,2.0,1.0,720,5.0,130.094,130.181,130.029,130.136,2611.0,12.0,63.06,0.134,0.015,-0.044,130.124,129.575,84.91,76.06,21.36,24.18,12.23,48.83,130.259,66.25,0.083,0,1,0,0,0,0,0,0,1
2021-07-16 12:00:00,-0.09999999999999998,0.09999999999999998,-0.0769230769230769,1.0,-1.0,-1.0,2.0,1.0,720,5.0,130.094,130.181,130.029,130.136,2611.0,12.0,63.06,0.134,0.015,-0.044,130.124,129.575,84.91,76.06,21.36,24.18,12.23,48.83,130.259,66.25,0.083,0,1,0,0,0,0,0,0,1
2021-07-19 12:00:00,0.8,0.8,0.7272727272727273,1.0,1.0,1.0,1.0,1.0,720,1.0,129.184,129.358,129.108,129.329,4414.0,12.0,32.07,0.155,-0.139,-0.074,130.242,129.32,18.93,22.3,29.04,10.69,26.94,25.18,129.956,12.98,0.099,1,0,0,0,0,0,0,0,1
2021-07-19 12:00:00,-23.4,23.4,-0.6157894736842104,1.0,-1.0,-1.0,2.0,1.0,720,1.0,129.184,129.358,129.108,129.329,4414.0,12.0,32.07,0.155,-0.139,-0.074,130.242,129.32,18.93,22.3,29.04,10.69,26.94,25.18,129.956,12.98,0.099,1,0,0,0,0,0,0,0,1
2021-07-20 11:00:00,-5.199999999999999,5.199999999999999,-0.29050279329608936,1.0,-1.0,-1.0,2.0,1.0,660,2.0,129.181,129.428,129.158,129.219,5837.0,11.0,48.63,0.142,-0.093,-0.125,129.246,128.998,52.07,38.47,20.34,23.78,10.94,35.38,129.721,64.41,0.099,0,0,0,0,0,0,0,1,1
2021-07-20 11:00:00,-9.7,9.7,-0.6466666666666666,1.0,-1.0,-1.0,2.0,1.0,660,2.0,129.181,129.428,129.158,129.219,5837.0,11.0,48.63,0.142,-0.093,-0.125,129.246,128.998,52.07,38.47,20.34,23.78,10.94,35.38,129.721,64.41,0.099,0,0,0,0,0,0,0,1,1
2021-07-22 17:00:00,-1.2000000000000002,1.2000000000000002,-0.28571428571428575,1.0,-1.0,-1.0,2.0,1.0,1020,4.0,130.185,130.187,129.844,129.868,5899.0,17.0,48.26,0.186,0.067,0.084,130.171,129.803,46.19,49.23,23.73,19.19,12.2,45.99,129.521,46.21,0.177,0,0,0,0,0,1,0,0,1
2021-07-23 11:00:00,2.1000000000000014,2.1000000000000014,0.03541315345699834,1.0,1.0,1.0,1.0,2.0,660,5.0,129.942,130.183,129.915,130.089,4178.0,11.0,64.06,0.116,0.023,-0.027,130.077,129.422,84.56,70.24,22.1,37.83,14.77,57.81,129.549,74.36,0.058,1,0,0,0,0,0,0,0,1
2021-07-23 11:00:00,1.1000000000000014,1.1000000000000014,0.018181818181818205,1.0,1.0,1.0,1.0,2.0,660,5.0,129.942,130.183,129.915,130.089,4178.0,11.0,64.06,0.116,0.023,-0.027,130.077,129.422,84.56,70.24,22.1,37.83,14.77,57.81,129.549,74.36,0.058,1,0,0,0,0,0,0,0,1
2021-07-23 11:00:00,-0.7999999999999972,0.7999999999999972,-0.012422360248447159,1.0,-1.0,-1.0,2.0,2.0,660,5.0,129.942,130.183,129.915,130.089,4178.0,11.0,64.06,0.116,0.023,-0.027,130.077,129.422,84.56,70.24,22.1,37.83,14.77,57.81,129.549,74.36,0.058,1,0,0,0,0,0,0,0,1
2021-07-27 11:00:00,0.40000000000000036,0.40000000000000036,0.04494382022471914,1.0,1.0,1.0,1.0,1.0,660,2.0,129.713,129.795,129.579,129.638,4678.0,11.0,25.98,0.123,-0.068,0.012,130.503,129.761,19.21,16.74,46.38,4.76,36.7,42.92,129.949,29.8,0.089,0,0,0,1,0,0,0,0,1
2021-07-27 11:00:00,-0.20000000000000018,0.20000000000000018,-0.03846153846153849,1.0,-1.0,-1.0,2.0,2.0,660,2.0,129.713,129.795,129.579,129.638,4678.0,11.0,25.98,0.123,-0.068,0.012,130.503,129.761,19.21,16.74,46.38,4.76,36.7,42.92,129.949,29.8,0.089,0,0,0,1,0,0,0,0,1
2021-07-27 11:00:00,1.2,1.2,0.7058823529411765,1.0,1.0,1.0,1.0,1.0,660,2.0,129.713,129.795,129.579,129.638,4678.0,11.0,25.98,0.123,-0.068,0.012,130.503,129.761,19.21,16.74,46.38,4.76,36.7,42.92,129.949,29.8,0.089,0,0,0,1,0,0,0,0,1
2021-07-27 11:00:00,0.3999999999999999,0.3999999999999999,0.11111111111111108,1.0,1.0,1.0,1.0,1.0,660,2.0,129.713,129.795,129.579,129.638,4678.0,11.0,25.98,0.123,-0.068,0.012,130.503,129.761,19.21,16.74,46.38,4.76,36.7,42.92,129.949,29.8,0.089,0,0,0,1,0,0,0,0,1
2021-07-29 12:00:00,2.4000000000000004,2.4000000000000004,0.18181818181818185,1.0,1.0,1.0,1.0,1.0,720,4.0,130.414,130.44,130.373,130.423,2517.0,12.0,66.44,0.131,0.107,0.075,130.415,129.874,96.4,89.67,19.56,23.66,10.7,61.5,130.013,64.89,0.082,0,0,0,0,0,1,0,0,1
2021-07-29 12:00:00,4.5,4.5,0.28481012658227844,1.0,1.0,1.0,1.0,1.0,720,4.0,130.414,130.44,130.373,130.423,2517.0,12.0,66.44,0.131,0.107,0.075,130.415,129.874,96.4,89.67,19.56,23.66,10.7,61.5,130.013,64.89,0.082,0,0,0,0,0,1,0,0,1
2021-07-29 12:00:00,2.700000000000003,2.700000000000003,0.023017902813299258,1.0,1.0,1.0,1.0,2.0,720,4.0,130.414,130.44,130.373,130.423,2517.0,12.0,66.44,0.131,0.107,0.075,130.415,129.874,96.4,89.67,19.56,23.66,10.7,61.5,130.013,64.89,0.082,0,0,0,0,0,1,0,0,1
2021-07-29 12:00:00,2.6999999999999993,2.6999999999999993,0.09540636042402824,1.0,1.0,1.0,1.0,3.0,720,4.0,130.414,130.44,130.373,130.423,2517.0,12.0,66.44,0.131,0.107,0.075,130.415,129.874,96.4,89.67,19.56,23.66,10.7,61.5,130.013,64.89,0.082,0,0,0,0,0,1,0,0,1
2021-07-29 12:00:00,-7.100000000000001,7.100000000000001,-0.16321839080459774,1.0,-1.0,-1.0,2.0,1.0,720,4.0,130.414,130.44,130.373,130.423,2517.0,12.0,66.44,0.131,0.107,0.075,130.415,129.874,96.4,89.67,19.56,23.66,10.7,61.5,130.013,64.89,0.082,0,0,0,0,0,1,0,0,1
2021-07-30 12:00:00,2.4,2.4,1.7142857142857144,1.0,1.0,1.0,1.0,2.0,720,5.0,130.37,130.441,130.324,130.337,2398.0,12.0,59.95,0.117,0.03,-0.001,130.345,129.998,82.19,82.74,32.78,30.26,11.12,58.64,130.063,72.99,0.075,1,0,0,0,0,0,0,0,1
2021-07-30 12:00:00,-0.09999999999999964,0.09999999999999964,-0.011363636363636322,1.0,1.0,1.0,1.0,2.0,720,5.0,130.37,130.441,130.324,130.337,2398.0,12.0,59.95,0.117,0.03,-0.001,130.345,129.998,82.19,82.74,32.78,30.26,11.12,58.64,130.063,72.99,0.075,0,0,1,0,0,0,0,0,1
2021-07-30 12:00:00,15.2,15.2,6.08,1.0,1.0,1.0,1.0,2.0,720,5.0,130.37,130.441,130.324,130.337,2398.0,12.0,59.95,0.117,0.03,-0.001,130.345,129.998,82.19,82.74,32.78,30.26,11.12,58.64,130.063,72.99,0.075,1,0,0,0,0,0,0,0,1
2021-07-30 12:00:00,0.30000000000000027,0.30000000000000027,0.10344827586206906,1.0,1.0,1.0,1.0,3.0,720,5.0,130.37,130.441,130.324,130.337,2398.0,12.0,59.95,0.117,0.03,-0.001,130.345,129.998,82.19,82.74,32.78,30.26,11.12,58.64,130.063,72.99,0.075,0,1,0,0,0,0,0,0,1
2021-07-30 12:00:00,-0.20000000000000007,0.20000000000000007,-0.10526315789473688,1.0,-1.0,-1.0,2.0,2.0,720,5.0,130.37,130.441,130.324,130.337,2398.0,12.0,59.95,0.117,0.03,-0.001,130.345,129.998,82.19,82.74,32.78,30.26,11.12,58.64,130.063,72.99,0.075,0,1,0,0,0,0,0,0,1
2021-07-30 12:00:00,-0.2,0.2,-0.18181818181818182,1.0,-1.0,-1.0,2.0,2.0,720,5.0,130.37,130.441,130.324,130.337,2398.0,12.0,59.95,0.117,0.03,-0.001,130.345,129.998,82.19,82.74,32.78,30.26,11.12,58.64,130.063,72.99,0.075,0,1,0,0,0,0,0,0,1
2021-07-30 12:00:00,-0.4,0.4,-0.4,1.0,-1.0,-1.0,2.0,1.0,720,5.0,130.37,130.441,130.324,130.337,2398.0,12.0,59.95,0.117,0.03,-0.001,130.345,129.998,82.19,82.74,32.78,30.26,11.12,58.64,130.063,72.99,0.075,0,1,0,0,0,0,0,0,1
2021-08-02 11:00:00,0.19999999999999574,0.19999999999999574,0.0031446540880502474,1.0,1.0,1.0,1.0,2.0,660,1.0,130.312,130.375,130.298,130.315,2483.0,11.0,58.51,0.103,0.019,-0.003,130.324,130.075,71.31,76.04,17.79,21.92,11.57,55.99,130.088,60.4,0.078,1,0,0,0,0,0,0,0,1
2021-08-03 12:00:00,-0.10000000000000009,0.10000000000000009,-0.040000000000000036,1.0,-1.0,-1.0,2.0,1.0,720,2.0,129.705,129.781,129.669,129.756,2063.0,12.0,45.63,0.108,-0.093,-0.113,129.828,129.607,81.2,58.97,24.6,12.6,16.66,38.69,130.065,53.08,0.074,0,1,0,0,0,0,0,0,1
2021-08-04 11:00:00,-0.6000000000000014,0.6000000000000014,-0.009771986970684063,1.0,-1.0,-1.0,2.0,2.0,660,3.0,129.574,129.581,129.333,129.395,3035.0,11.0,43.57,0.111,-0.046,-0.081,129.591,129.215,58.58,78.72,13.62,20.19,21.66,38.13,129.909,45.62,0.069,1,0,0,0,0,0,0,0,1
2021-08-04 11:00:00,-0.3999999999999986,0.3999999999999986,-0.0064935064935064705,1.0,-1.0,-1.0,2.0,2.0,660,3.0,129.574,129.581,129.333,129.395,3035.0,11.0,43.57,0.111,-0.046,-0.081,129.591,129.215,58.58,78.72,13.62,20.19,21.66,38.13,129.909,45.62,0.069,1,0,0,0,0,0,0,0,1
2021-08-04 12:00:00,1.4,1.4,1.2727272727272725,1.0,1.0,1.0,1.0,1.0,720,3.0,129.395,129.487,129.374,129.454,1856.0,12.0,46.97,0.114,-0.043,-0.072,129.589,129.236,44.41,62.93,12.27,17.5,18.77,36.25,129.862,46.85,0.081,0,0,0,0,0,0,1,0,1
2021-08-04 12:00:00,5.0,5.0,5.0,1.0,1.0,1.0,1.0,1.0,720,3.0,129.395,129.487,129.374,129.454,1856.0,12.0,46.97,0.114,-0.043,-0.072,129.589,129.236,44.41,62.93,12.27,17.5,18.77,36.25,129.862,46.85,0.081,0,0,0,0,0,0,1,0,1
2021-08-09 11:30:00,-4.100000000000001,4.100000000000001,-0.15018315018315023,1.0,-1.0,-1.0,2.0,1.0,690,1.0,129.553,129.601,129.5,129.521,2709.0,11.0,37.73,0.08,-0.05,-0.051,129.759,129.466,25.18,36.21,18.92,15.81,18.49,43.52,129.621,39.47,0.054,0,0,0,0,0,1,0,0,1
2021-08-10 12:05:00,-29.299999999999997,29.299999999999997,-0.4013698630136986,1.0,-1.0,-1.0,2.0,2.0,725,2.0,129.618,129.618,129.522,129.55,2643.0,12.0,51.71,0.097,0.002,-0.019,129.612,129.389,52.44,65.34,27.52,19.35,7.4,43.69,129.647,55.9,0.063,0,0,0,0,0,1,0,0,1
2021-08-12 12:00:00,0.5,0.5,0.2777777777777778,1.0,1.0,1.0,1.0,2.0,720,4.0,129.629,129.699,129.625,129.651,1503.0,12.0,54.15,0.072,-0.006,-0.012,129.707,129.544,61.52,58.53,18.5,21.88,14.53,52.08,129.586,57.65,0.049,1,0,0,0,0,0,0,0,1
2021-08-12 12:00:00,-19.3,19.3,-0.6433333333333333,1.0,-1.0,-1.0,2.0,1.0,720,4.0,129.629,129.699,129.625,129.651,1503.0,12.0,54.15,0.072,-0.006,-0.012,129.707,129.544,61.52,58.53,18.5,21.88,14.53,52.08,129.586,57.65,0.049,1,0,0,0,0,0,0,0,1
2021-08-13 12:00:00,6.100000000000001,6.100000000000001,0.46923076923076934,1.0,1.0,1.0,1.0,2.0,720,5.0,129.482,129.591,129.47,129.591,1470.0,12.0,52.14,0.086,-0.018,-0.011,129.669,129.425,51.31,32.37,23.89,19.27,23.86,51.8,129.581,48.49,0.053,0,0,0,0,0,0,0,1,1
2021-08-13 12:00:00,3.0999999999999996,3.0999999999999996,0.3009708737864077,1.0,1.0,1.0,1.0,2.0,720,5.0,129.482,129.591,129.47,129.591,1470.0,12.0,52.14,0.086,-0.018,-0.011,129.669,129.425,51.31,32.37,23.89,19.27,23.86,51.8,129.581,48.49,0.053,0,0,0,0,0,0,0,1,1
2021-08-17 12:00:00,-0.09999999999999964,0.09999999999999964,-0.0068027210884353505,1.0,-1.0,-1.0,2.0,2.0,720,2.0,128.724,128.744,128.635,128.669,1923.0,12.0,45.19,0.128,-0.072,-0.104,128.739,128.551,73.78,72.6,24.1,20.31,23.97,30.17,129.228,51.3,0.106,1,0,0,0,0,0,0,0,1
2021-08-17 12:00:00,3.8,3.8,1.2666666666666666,1.0,1.0,1.0,1.0,1.0,720,2.0,128.724,128.744,128.635,128.669,1923.0,12.0,45.19,0.128,-0.072,-0.104,128.739,128.551,73.78,72.6,24.1,20.31,23.97,30.17,129.228,51.3,0.106,0,0,1,0,0,0,0,0,1
2021-08-17 12:00:00,1.0,1.0,0.6666666666666666,1.0,1.0,1.0,1.0,1.0,720,2.0,128.724,128.744,128.635,128.669,1923.0,12.0,45.19,0.128,-0.072,-0.104,128.739,128.551,73.78,72.6,24.1,20.31,23.97,30.17,129.228,51.3,0.106,0,0,1,0,0,0,0,0,1
2021-08-18 12:00:00,0.19999999999999998,0.19999999999999998,0.15384615384615383,1.0,1.0,1.0,1.0,1.0,720,3.0,128.471,128.531,128.429,128.473,2002.0,12.0,51.24,0.109,-0.029,-0.069,128.526,128.2,62.73,68.03,25.13,15.9,11.45,45.09,128.92,58.65,0.066,0,1,0,0,0,0,0,0,1
2021-08-18 12:00:00,0.10000000000000009,0.10000000000000009,0.03225806451612906,1.0,1.0,1.0,1.0,1.0,720,3.0,128.471,128.531,128.429,128.473,2002.0,12.0,51.24,0.109,-0.029,-0.069,128.526,128.2,62.73,68.03,25.13,15.9,11.45,45.09,128.92,58.65,0.066,0,1,0,0,0,0,0,0,1
2021-08-18 12:00:00,-2.6,2.6,-1.368421052631579,1.0,-1.0,-1.0,2.0,1.0,720,3.0,128.471,128.531,128.429,128.473,2002.0,12.0,51.24,0.109,-0.029,-0.069,128.526,128.2,62.73,68.03,25.13,15.9,11.45,45.09,128.92,58.65,0.066,1,0,0,0,0,0,0,0,1
2021-08-18 12:00:00,0.5,0.5,0.15151515151515152,1.0,1.0,1.0,1.0,1.0,720,3.0,128.471,128.531,128.429,128.473,2002.0,12.0,51.24,0.109,-0.029,-0.069,128.526,128.2,62.73,68.03,25.13,15.9,11.45,45.09,128.92,58.65,0.066,1,0,0,0,0,0,0,0,1
2021-08-19 11:00:00,6.9,6.9,0.4339622641509434,1.0,1.0,1.0,1.0,1.0,660,4.0,128.262,128.264,128.041,128.089,4794.0,11.0,29.49,0.136,-0.054,0.006,128.862,128.248,9.03,16.91,27.95,10.62,42.47,32.58,128.698,24.36,0.097,0,0,0,0,0,0,0,1,1
2021-08-19 11:00:00,6.899999999999999,6.899999999999999,0.3812154696132596,1.0,1.0,1.0,1.0,1.0,660,4.0,128.262,128.264,128.041,128.089,4794.0,11.0,29.49,0.136,-0.054,0.006,128.862,128.248,9.03,16.91,27.95,10.62,42.47,32.58,128.698,24.36,0.097,0,0,0,0,0,0,0,1,1
2021-08-23 11:00:00,-1.3999999999999986,1.3999999999999986,-0.02190923317683879,1.0,-1.0,-1.0,2.0,2.0,660,1.0,128.825,128.981,128.816,128.961,2797.0,11.0,73.95,0.127,0.161,0.12,128.961,128.148,79.3,80.87,60.99,32.35,3.24,59.12,128.414,72.16,0.072,1,0,0,0,0,0,0,0,1
2021-08-23 11:00:00,-0.5,0.5,-0.008169934640522876,1.0,-1.0,-1.0,2.0,2.0,660,1.0,128.825,128.981,128.816,128.961,2797.0,11.0,73.95,0.127,0.161,0.12,128.961,128.148,79.3,80.87,60.99,32.35,3.24,59.12,128.414,72.16,0.072,1,0,0,0,0,0,0,0,1
2021-08-23 11:00:00,-1.0,1.0,-0.016260162601626018,1.0,-1.0,-1.0,2.0,2.0,660,1.0,128.825,128.981,128.816,128.961,2797.0,11.0,73.95,0.127,0.161,0.12,128.961,128.148,79.3,80.87,60.99,32.35,3.24,59.12,128.414,72.16,0.072,1,0,0,0,0,0,0,0,1
2021-08-23 17:00:00,-1.0,1.0,-0.18867924528301888,1.0,-1.0,-1.0,2.0,1.0,1020,1.0,128.851,128.905,128.789,128.835,3398.0,17.0,57.6,0.143,0.167,0.173,129.201,128.282,37.29,64.07,61.32,22.84,10.84,55.55,128.458,42.07,0.091,0,0,0,0,0,1,0,0,1
2021-08-26 11:00:00,-0.6000000000000001,0.6000000000000001,-0.13043478260869568,1.0,-1.0,-1.0,2.0,1.0,660,4.0,129.658,129.669,129.546,129.56,2569.0,11.0,65.01,0.11,0.123,0.129,129.621,129.254,71.5,68.51,32.23,29.0,11.57,67.35,128.918,69.03,0.065,0,0,0,1,0,0,0,0,1
2021-08-26 11:00:00,-1.8,1.8,-0.4,1.0,-1.0,-1.0,2.0,1.0,660,4.0,129.658,129.669,129.546,129.56,2569.0,11.0,65.01,0.11,0.123,0.129,129.621,129.254,71.5,68.51,32.23,29.0,11.57,67.35,128.918,69.03,0.065,0,0,0,1,0,0,0,0,1
2021-08-26 11:00:00,0.40000000000000036,0.40000000000000036,0.08333333333333341,1.0,1.0,1.0,1.0,2.0,660,4.0,129.658,129.669,129.546,129.56,2569.0,11.0,65.01,0.11,0.123,0.129,129.621,129.254,71.5,68.51,32.23,29.0,11.57,67.35,128.918,69.03,0.065,0,0,0,1,0,0,0,0,1
2021-08-26 11:00:00,-0.8000000000000007,0.8000000000000007,-0.08510638297872347,1.0,-1.0,-1.0,2.0,1.0,660,4.0,129.658,129.669,129.546,129.56,2569.0,11.0,65.01,0.11,0.123,0.129,129.621,129.254,71.5,68.51,32.23,29.0,11.57,67.35,128.918,69.03,0.065,0,0,0,1,0,0,0,0,1
2021-08-30 12:00:00,-2.099999999999998,2.099999999999998,-0.10552763819095468,1.0,-1.0,-1.0,2.0,1.0,720,1.0,129.6,129.642,129.535,129.594,1150.0,12.0,55.25,0.09,0.032,0.037,129.645,129.485,67.76,54.92,16.49,18.64,14.61,62.85,129.322,59.7,0.054,0,0,0,0,0,1,0,0,1
2021-08-30 12:00:00,-1.0999999999999943,1.0999999999999943,-0.009197324414715671,1.0,-1.0,-1.0,2.0,2.0,720,1.0,129.6,129.642,129.535,129.594,1150.0,12.0,55.25,0.09,0.032,0.037,129.645,129.485,67.76,54.92,16.49,18.64,14.61,62.85,129.322,59.7,0.054,0,0,0,0,0,1,0,0,1
2021-08-30 12:00:00,-2.6999999999999957,2.6999999999999957,-0.0775862068965516,1.0,-1.0,-1.0,2.0,3.0,720,1.0,129.6,129.642,129.535,129.594,1150.0,12.0,55.25,0.09,0.032,0.037,129.645,129.485,67.76,54.92,16.49,18.64,14.61,62.85,129.322,59.7,0.054,0,0,0,0,0,1,0,0,1
2021-08-30 12:00:00,2.0,2.0,0.05509641873278237,1.0,1.0,1.0,1.0,1.0,720,1.0,129.6,129.642,129.535,129.594,1150.0,12.0,55.25,0.09,0.032,0.037,129.645,129.485,67.76,54.92,16.49,18.64,14.61,62.85,129.322,59.7,0.054,0,0,0,0,0,1,0,0,1
2021-08-31 12:00:00,0.7,0.7,0.5,1.0,1.0,1.0,1.0,1.0,720,2.0,129.904,130.05,129.901,129.942,2562.0,12.0,67.83,0.108,0.089,0.066,129.978,129.522,58.86,70.07,33.25,30.83,10.93,67.85,129.534,66.99,0.063,0,1,0,0,0,0,0,0,1
2021-08-31 12:00:00,0.5,0.5,0.45454545454545453,1.0,1.0,1.0,1.0,2.0,720,2.0,129.904,130.05,129.901,129.942,2562.0,12.0,67.83,0.108,0.089,0.066,129.978,129.522,58.86,70.07,33.25,30.83,10.93,67.85,129.534,66.99,0.063,0,1,0,0,0,0,0,0,1
2021-08-31 12:00:00,0.9000000000000001,0.9000000000000001,0.5294117647058825,1.0,1.0,1.0,1.0,2.0,720,2.0,129.904,130.05,129.901,129.942,2562.0,12.0,67.83,0.108,0.089,0.066,129.978,129.522,58.86,70.07,33.25,30.83,10.93,67.85,129.534,66.99,0.063,0,1,0,0,0,0,0,0,1
2021-08-31 12:00:00,0.7999999999999998,0.7999999999999998,0.24999999999999994,1.0,1.0,1.0,1.0,3.0,720,2.0,129.904,130.05,129.901,129.942,2562.0,12.0,67.83,0.108,0.089,0.066,129.978,129.522,58.86,70.07,33.25,30.83,10.93,67.85,129.534,66.99,0.063,0,1,0,0,0,0,0,0,1
2021-08-31 12:00:00,0.5,0.5,0.4166666666666667,1.0,1.0,1.0,1.0,1.0,720,2.0,129.904,130.05,129.901,129.942,2562.0,12.0,67.83,0.108,0.089,0.066,129.978,129.522,58.86,70.07,33.25,30.83,10.93,67.85,129.534,66.99,0.063,0,1,0,0,0,0,0,0,1
2021-08-31 12:00:00,0.7000000000000001,0.7000000000000001,0.368421052631579,1.0,1.0,1.0,1.0,1.0,720,2.0,129.904,130.05,129.901,129.942,2562.0,12.0,67.83,0.108,0.089,0.066,129.978,129.522,58.86,70.07,33.25,30.83,10.93,67.85,129.534,66.99,0.063,0,1,0,0,0,0,0,0,1
2021-09-01 11:00:00,-0.10000000000000142,0.10000000000000142,-0.0016000000000000228,1.0,-1.0,-1.0,2.0,2.0,660,3.0,130.33,130.414,130.26,130.392,2339.0,11.0,74.44,0.101,0.121,0.082,130.341,129.619,92.42,81.6,42.03,32.79,8.11,78.52,129.652,70.2,0.063,1,0,0,0,0,0,0,0,1
2021-09-02 12:00:00,2.5,2.5,0.2358490566037736,1.0,1.0,1.0,1.0,1.0,720,4.0,130.307,130.337,130.255,130.327,1637.0,12.0,56.29,0.102,0.044,0.043,130.427,130.139,55.49,67.99,31.03,20.35,10.03,66.96,129.915,50.63,0.067,0,1,0,0,0,0,0,0,1
2021-09-02 12:00:00,1.9999999999999998,1.9999999999999998,1.5384615384615383,1.0,1.0,1.0,1.0,1.0,720,4.0,130.307,130.337,130.255,130.327,1637.0,12.0,56.29,0.102,0.044,0.043,130.427,130.139,55.49,67.99,31.03,20.35,10.03,66.96,129.915,50.63,0.067,0,1,0,0,0,0,0,0,1
2021-09-03 11:00:00,-0.7000000000000028,0.7000000000000028,-0.011532125205930853,1.0,-1.0,-1.0,2.0,2.0,660,5.0,130.66,130.687,130.588,130.593,1508.0,11.0,55.49,0.104,0.084,0.092,130.746,130.413,51.91,65.97,34.65,10.79,10.48,68.03,130.127,49.86,0.051,1,0,0,0,0,0,0,0,1
2021-09-03 11:00:00,-0.5,0.5,-0.008264462809917356,1.0,-1.0,-1.0,2.0,2.0,660,5.0,130.66,130.687,130.588,130.593,1508.0,11.0,55.49,0.104,0.084,0.092,130.746,130.413,51.91,65.97,34.65,10.79,10.48,68.03,130.127,49.86,0.051,1,0,0,0,0,0,0,0,1
2021-09-03 12:00:00,-0.5999999999999999,0.5999999999999999,-0.22222222222222215,1.0,-1.0,-1.0,2.0,1.0,720,5.0,130.592,130.592,130.447,130.476,1856.0,12.0,46.48,0.109,0.067,0.09,130.743,130.419,20.28,47.36,35.4,9.35,21.96,69.11,130.172,37.07,0.054,0,0,0,0,0,0,1,0,1
2021-09-03 12:00:00,2.5,2.5,1.5625,1.0,1.0,1.0,1.0,1.0,720,5.0,130.592,130.592,130.447,130.476,1856.0,12.0,46.48,0.109,0.067,0.09,130.743,130.419,20.28,47.36,35.4,9.35,21.96,69.11,130.172,37.07,0.054,0,0,0,0,0,0,1,0,1
2021-09-06 11:30:00,3.8000000000000007,3.8000000000000007,0.22619047619047622,1.0,1.0,1.0,1.0,1.0,690,1.0,130.371,130.409,130.329,130.374,1418.0,11.0,47.32,0.093,-0.027,-0.029,130.468,130.26,49.42,45.15,19.5,21.43,17.3,55.76,130.299,53.42,0.048,0,0,0,0,0,1,0,0,1
2021-09-07 12:00:00,0.19999999999999996,0.19999999999999996,0.1333333333333333,1.0,1.0,1.0,1.0,1.0,720,2.0,130.543,130.598,130.441,130.479,3218.0,12.0,55.57,0.101,0.03,0.013,130.533,130.275,66.76,72.42,18.25,25.2,12.52,56.3,130.408,63.39,0.07,0,0,1,0,0,0,0,0,1
2021-09-07 12:00:00,0.20000000000000018,0.20000000000000018,0.06666666666666672,1.0,1.0,1.0,1.0,2.0,720,2.0,130.543,130.598,130.441,130.479,3218.0,12.0,55.57,0.101,0.03,0.013,130.533,130.275,66.76,72.42,18.25,25.2,12.52,56.3,130.408,63.39,0.07,1,0,0,0,0,0,0,0,1
2021-09-07 12:00:00,0.7000000000000011,0.7000000000000011,0.04794520547945213,1.0,1.0,1.0,1.0,2.0,720,2.0,130.543,130.598,130.441,130.479,3218.0,12.0,55.57,0.101,0.03,0.013,130.533,130.275,66.76,72.42,18.25,25.2,12.52,56.3,130.408,63.39,0.07,1,0,0,0,0,0,0,0,1
2021-09-07 12:05:00,-21.1,21.1,-0.3966165413533835,1.0,-1.0,-1.0,2.0,2.0,725,2.0,130.543,130.598,130.441,130.479,3218.0,12.0,55.57,0.101,0.03,0.013,130.533,130.275,66.76,72.42,18.25,25.2,12.52,56.3,130.408,63.39,0.07,0,0,0,0,0,1,0,0,1
2021-09-15 12:00:00,-3.9,3.9,-0.8666666666666667,1.0,-1.0,-1.0,2.0,2.0,720,3.0,129.285,129.309,129.197,129.289,2191.0,12.0,30.89,0.113,-0.134,-0.135,129.654,129.212,36.13,32.84,43.51,5.54,27.56,31.79,129.755,32.3,0.068,0,0,1,0,0,0,0,0,1
2021-09-15 12:00:00,-2.1,2.1,-0.7000000000000001,1.0,-1.0,-1.0,2.0,1.0,720,3.0,129.285,129.309,129.197,129.289,2191.0,12.0,30.89,0.113,-0.134,-0.135,129.654,129.212,36.13,32.84,43.51,5.54,27.56,31.79,129.755,32.3,0.068,0,0,0,0,1,0,0,0,1
2021-09-15 12:00:00,1.6,1.6,1.4545454545454546,1.0,1.0,1.0,1.0,2.0,720,3.0,129.285,129.309,129.197,129.289,2191.0,12.0,30.89,0.113,-0.134,-0.135,129.654,129.212,36.13,32.84,43.51,5.54,27.56,31.79,129.755,32.3,0.068,1,0,0,0,0,0,0,0,1
2021-09-15 12:00:00,-14.900000000000002,14.900000000000002,-0.6313559322033899,1.0,-1.0,-1.0,2.0,1.0,720,3.0,129.285,129.309,129.197,129.289,2191.0,12.0,30.89,0.113,-0.134,-0.135,129.654,129.212,36.13,32.84,43.51,5.54,27.56,31.79,129.755,32.3,0.068,1,0,0,0,0,0,0,0,1
2021-09-16 12:00:00,-1.5999999999999996,1.5999999999999996,-0.09999999999999998,1.0,-1.0,-1.0,2.0,2.0,720,4.0,128.767,128.822,128.725,128.785,2088.0,12.0,25.74,0.109,-0.141,-0.1,129.411,128.783,13.24,10.83,42.77,6.21,30.26,33.73,129.548,26.56,0.078,0,0,0,0,0,0,0,1,1
2021-09-16 12:00:00,-1.8000000000000007,1.8000000000000007,-0.07659574468085109,1.0,-1.0,-1.0,2.0,2.0,720,4.0,128.767,128.822,128.725,128.785,2088.0,12.0,25.74,0.109,-0.141,-0.1,129.411,128.783,13.24,10.83,42.77,6.21,30.26,33.73,129.548,26.56,0.078,0,0,0,0,0,0,0,1,1
2021-09-17 11:00:00,3.6000000000000014,3.6000000000000014,0.18947368421052638,1.0,1.0,1.0,1.0,1.0,660,5.0,129.442,129.553,129.382,129.519,3125.0,11.0,71.58,0.111,0.096,0.044,129.493,128.813,85.54,86.23,48.4,38.86,5.07,52.84,129.419,78.62,0.059,0,0,0,0,0,0,0,1,1
2021-09-17 11:00:00,4.300000000000001,4.300000000000001,0.15985130111524168,1.0,1.0,1.0,1.0,1.0,660,5.0,129.442,129.553,129.382,129.519,3125.0,11.0,71.58,0.111,0.096,0.044,129.493,128.813,85.54,86.23,48.4,38.86,5.07,52.84,129.419,78.62,0.059,0,0,0,0,0,0,0,1,1
2021-09-17 12:00:00,0.1,0.1,0.1,1.0,1.0,1.0,1.0,1.0,720,5.0,129.524,129.612,129.48,129.576,3670.0,12.0,73.53,0.107,0.112,0.057,129.556,128.813,88.94,86.28,52.61,39.64,4.4,53.28,129.413,70.7,0.069,1,0,0,0,0,0,0,0,1
2021-09-17 12:00:00,-0.9000000000000004,0.9000000000000004,-0.17307692307692313,1.0,-1.0,-1.0,2.0,1.0,720,5.0,129.524,129.612,129.48,129.576,3670.0,12.0,73.53,0.107,0.112,0.057,129.556,128.813,88.94,86.28,52.61,39.64,4.4,53.28,129.413,70.7,0.069,1,0,0,0,0,0,0,0,1
2021-09-17 12:00:00,0.8,0.8,0.5714285714285715,1.0,1.0,1.0,1.0,1.0,720,5.0,129.524,129.612,129.48,129.576,3670.0,12.0,73.53,0.107,0.112,0.057,129.556,128.813,88.94,86.28,52.61,39.64,4.4,53.28,129.413,70.7,0.069,0,1,0,0,0,0,0,0,1
2021-09-17 12:00:00,0.7999999999999998,0.7999999999999998,0.24999999999999994,1.0,1.0,1.0,1.0,1.0,720,5.0,129.524,129.612,129.48,129.576,3670.0,12.0,73.53,0.107,0.112,0.057,129.556,128.813,88.94,86.28,52.61,39.64,4.4,53.28,129.413,70.7,0.069,0,1,0,0,0,0,0,0,1
2021-09-17 12:00:00,-0.09999999999999998,0.09999999999999998,-0.0769230769230769,1.0,-1.0,-1.0,2.0,1.0,720,5.0,129.524,129.612,129.48,129.576,3670.0,12.0,73.53,0.107,0.112,0.057,129.556,128.813,88.94,86.28,52.61,39.64,4.4,53.28,129.413,70.7,0.069,0,1,0,0,0,0,0,0,1
2021-09-22 17:00:00,1.2000000000000002,1.2000000000000002,0.19354838709677422,1.0,1.0,1.0,1.0,1.0,1020,3.0,128.522,128.692,128.517,128.634,3204.0,17.0,62.38,0.152,0.068,0.031,128.722,127.907,78.05,72.16,46.93,25.18,5.34,48.63,128.639,66.39,0.067,0,0,0,0,0,1,0,0,1
2021-09-23 11:00:00,-3.200000000000003,3.200000000000003,-0.05289256198347112,1.0,-1.0,-1.0,2.0,2.0,660,4.0,128.806,128.931,128.732,128.859,3295.0,11.0,69.92,0.123,0.093,0.042,128.841,128.221,81.16,85.32,54.32,38.66,4.11,55.27,128.52,75.68,0.075,1,0,0,0,0,0,0,0,1
2021-09-23 11:00:00,-3.1999999999999957,3.1999999999999957,-0.05306799336650076,1.0,-1.0,-1.0,2.0,2.0,660,4.0,128.806,128.931,128.732,128.859,3295.0,11.0,69.92,0.123,0.093,0.042,128.841,128.221,81.16,85.32,54.32,38.66,4.11,55.27,128.52,75.68,0.075,1,0,0,0,0,0,0,0,1
2021-09-23 11:00:00,-2.8999999999999986,2.8999999999999986,-0.04632587859424918,1.0,-1.0,-1.0,2.0,2.0,660,4.0,128.806,128.931,128.732,128.859,3295.0,11.0,69.92,0.123,0.093,0.042,128.841,128.221,81.16,85.32,54.32,38.66,4.11,55.27,128.52,75.68,0.075,1,0,0,0,0,0,0,0,1
2021-09-27 11:00:00,-0.7000000000000002,0.7000000000000002,-0.1521739130434783,1.0,-1.0,-1.0,2.0,1.0,660,1.0,129.549,129.725,129.481,129.647,3637.0,11.0,51.71,0.115,0.033,0.074,129.869,129.543,41.46,32.31,22.08,18.07,22.04,62.5,128.972,31.82,0.063,0,0,0,1,0,0,0,0,1
2021-09-27 11:00:00,-2.3,2.3,-0.47916666666666663,1.0,-1.0,-1.0,2.0,1.0,660,1.0,129.549,129.725,129.481,129.647,3637.0,11.0,51.71,0.115,0.033,0.074,129.869,129.543,41.46,32.31,22.08,18.07,22.04,62.5,128.972,31.82,0.063,0,0,0,1,0,0,0,0,1
2021-09-27 11:00:00,-0.09999999999999964,0.09999999999999964,-0.01886792452830182,1.0,-1.0,-1.0,2.0,2.0,660,1.0,129.549,129.725,129.481,129.647,3637.0,11.0,51.71,0.115,0.033,0.074,129.869,129.543,41.46,32.31,22.08,18.07,22.04,62.5,128.972,31.82,0.063,0,0,0,1,0,0,0,0,1
2021-09-27 11:00:00,0.3000000000000007,0.3000000000000007,0.03488372093023264,1.0,1.0,1.0,1.0,1.0,660,1.0,129.549,129.725,129.481,129.647,3637.0,11.0,51.71,0.115,0.033,0.074,129.869,129.543,41.46,32.31,22.08,18.07,22.04,62.5,128.972,31.82,0.063,0,0,0,1,0,0,0,0,1
2021-09-29 12:00:00,-0.09999999999999964,0.09999999999999964,-0.00657894736842103,1.0,-1.0,-1.0,2.0,1.0,720,3.0,129.841,129.908,129.737,129.815,2936.0,12.0,36.43,0.167,-0.031,0.056,130.533,129.828,11.3,12.48,25.82,14.17,24.25,54.9,129.837,34.74,0.095,0,0,0,0,0,1,0,0,1
2021-09-29 12:00:00,-3.200000000000001,3.200000000000001,-0.16580310880829022,1.0,-1.0,-1.0,2.0,1.0,720,3.0,129.841,129.908,129.737,129.815,2936.0,12.0,36.43,0.167,-0.031,0.056,130.533,129.828,11.3,12.48,25.82,14.17,24.25,54.9,129.837,34.74,0.095,0,0,0,0,0,1,0,0,1
2021-09-29 12:00:00,-0.5,0.5,-0.004191114836546521,1.0,-1.0,-1.0,2.0,2.0,720,3.0,129.841,129.908,129.737,129.815,2936.0,12.0,36.43,0.167,-0.031,0.056,130.533,129.828,11.3,12.48,25.82,14.17,24.25,54.9,129.837,34.74,0.095,0,0,0,0,0,1,0,0,1
2021-09-29 12:00:00,1.3000000000000007,1.3000000000000007,0.03963414634146344,1.0,1.0,1.0,1.0,3.0,720,3.0,129.841,129.908,129.737,129.815,2936.0,12.0,36.43,0.167,-0.031,0.056,130.533,129.828,11.3,12.48,25.82,14.17,24.25,54.9,129.837,34.74,0.095,0,0,0,0,0,1,0,0,1
2021-09-29 12:00:00,2.8000000000000043,2.8000000000000043,0.07692307692307704,1.0,1.0,1.0,1.0,1.0,720,3.0,129.841,129.908,129.737,129.815,2936.0,12.0,36.43,0.167,-0.031,0.056,130.533,129.828,11.3,12.48,25.82,14.17,24.25,54.9,129.837,34.74,0.095,0,0,0,0,0,1,0,0,1
2021-09-30 12:00:00,0.09999999999999964,0.09999999999999964,0.011904761904761862,1.0,-1.0,-1.0,2.0,2.0,720,4.0,129.906,129.922,129.747,129.805,2018.0,12.0,46.38,0.133,-0.037,-0.051,129.984,129.715,57.41,61.94,11.05,13.26,16.86,47.5,129.914,49.44,0.1,0,0,1,0,0,0,0,0,1
2021-10-01 11:00:00,-0.10000000000000142,0.10000000000000142,-0.0016750418760469248,1.0,-1.0,-1.0,2.0,2.0,660,5.0,128.817,128.84,128.622,128.649,4061.0,11.0,32.04,0.156,-0.231,-0.252,129.316,128.5,36.05,38.37,36.52,14.85,20.57,30.23,129.725,42.37,0.096,1,0,0,0,0,0,0,0,1
2021-10-01 12:00:00,0.3,0.3,0.25,1.0,1.0,1.0,1.0,1.0,720,5.0,128.649,128.735,128.596,128.676,3216.0,12.0,33.56,0.154,-0.226,-0.248,129.181,128.552,28.39,37.31,34.65,12.87,20.32,34.74,129.683,42.61,0.106,0,1,0,0,0,0,0,0,1
2021-10-01 12:00:00,0.4,0.4,0.36363636363636365,1.0,1.0,1.0,1.0,2.0,720,5.0,128.649,128.735,128.596,128.676,3216.0,12.0,33.56,0.154,-0.226,-0.248,129.181,128.552,28.39,37.31,34.65,12.87,20.32,34.74,129.683,42.61,0.106,0,1,0,0,0,0,0,0,1
2021-10-01 12:00:00,0.2999999999999998,0.2999999999999998,0.11538461538461531,1.0,1.0,1.0,1.0,2.0,720,5.0,128.649,128.735,128.596,128.676,3216.0,12.0,33.56,0.154,-0.226,-0.248,129.181,128.552,28.39,37.31,34.65,12.87,20.32,34.74,129.683,42.61,0.106,0,1,0,0,0,0,0,0,1
2021-10-01 12:00:00,0.2999999999999998,0.2999999999999998,0.07317073170731704,1.0,1.0,1.0,1.0,3.0,720,5.0,128.649,128.735,128.596,128.676,3216.0,12.0,33.56,0.154,-0.226,-0.248,129.181,128.552,28.39,37.31,34.65,12.87,20.32,34.74,129.683,42.61,0.106,0,1,0,0,0,0,0,0,1
2021-10-01 12:00:00,0.2999999999999998,0.2999999999999998,0.11538461538461531,1.0,1.0,1.0,1.0,1.0,720,5.0,128.649,128.735,128.596,128.676,3216.0,12.0,33.56,0.154,-0.226,-0.248,129.181,128.552,28.39,37.31,34.65,12.87,20.32,34.74,129.683,42.61,0.106,0,1,0,0,0,0,0,0,1
2021-10-04 11:30:00,2.099999999999998,2.099999999999998,0.13291139240506314,1.0,1.0,1.0,1.0,1.0,690,1.0,129.054,129.167,129.036,129.143,2909.0,11.0,63.69,0.155,0.01,-0.052,129.022,128.556,90.83,81.28,26.85,30.59,7.69,47.51,129.461,68.09,0.086,0,0,0,0,0,1,0,0,1
2021-10-05 11:00:00,0.10000000000000142,0.10000000000000142,0.0017452006980803042,1.0,1.0,1.0,1.0,2.0,660,2.0,128.84,129.002,128.812,128.943,3357.0,11.0,51.53,0.127,-0.005,-0.009,129.095,128.724,41.71,50.32,13.7,12.52,12.2,44.52,129.137,50.53,0.074,1,0,0,0,0,0,0,0,1
2021-10-05 11:00:00,0.10000000000000142,0.10000000000000142,0.0017513134851138603,1.0,1.0,1.0,1.0,2.0,660,2.0,128.84,129.002,128.812,128.943,3357.0,11.0,51.53,0.127,-0.005,-0.009,129.095,128.724,41.71,50.32,13.7,12.52,12.2,44.52,129.137,50.53,0.074,1,0,0,0,0,0,0,0,1
2021-10-05 12:00:00,-0.5,0.5,-0.1923076923076923,1.0,-1.0,-1.0,2.0,1.0,720,2.0,128.946,128.994,128.882,128.992,2140.0,12.0,54.2,0.127,0.002,-0.007,128.996,128.796,48.8,44.23,12.05,10.85,10.57,48.64,129.1,52.29,0.081,0,1,0,0,0,0,0,0,1
2021-10-05 12:00:00,-0.09999999999999964,0.09999999999999964,-0.006896551724137907,1.0,-1.0,-1.0,2.0,1.0,720,2.0,128.946,128.994,128.882,128.992,2140.0,12.0,54.2,0.127,0.002,-0.007,128.996,128.796,48.8,44.23,12.05,10.85,10.57,48.64,129.1,52.29,0.081,0,1,0,0,0,0,0,0,1
2021-10-06 12:00:00,-1.3,1.3,-0.5,1.0,-1.0,-1.0,2.0,1.0,720,3.0,128.895,128.897,128.668,128.721,4839.0,12.0,30.84,0.149,-0.01,0.082,129.631,128.904,7.88,15.06,37.48,13.53,38.03,37.95,128.931,16.49,0.105,0,0,0,0,0,0,1,0,1
2021-10-06 12:00:00,-1.2,1.2,-0.5454545454545454,1.0,-1.0,-1.0,2.0,1.0,720,3.0,128.895,128.897,128.668,128.721,4839.0,12.0,30.84,0.149,-0.01,0.082,129.631,128.904,7.88,15.06,37.48,13.53,38.03,37.95,128.931,16.49,0.105,0,0,0,0,0,0,1,0,1
2021-10-12 12:05:00,-16.0,16.0,-0.42105263157894735,1.0,-1.0,-1.0,2.0,2.0,725,2.0,131.082,131.174,130.896,130.924,2652.0,12.0,55.71,0.168,0.141,0.187,131.169,130.79,61.07,57.17,19.92,19.61,13.82,73.54,129.781,67.6,0.093,0,0,0,0,0,1,0,0,1
2021-10-13 12:00:00,-2.0,2.0,-1.4285714285714286,1.0,-1.0,-1.0,2.0,2.0,720,3.0,131.226,131.269,131.162,131.266,2568.0,12.0,65.06,0.115,0.077,0.051,131.272,130.844,85.75,83.03,29.62,23.54,8.36,69.3,130.365,60.13,0.067,1,0,0,0,0,0,0,0,1
2021-10-13 12:00:00,-15.6,15.6,-0.7188940092165899,1.0,-1.0,-1.0,2.0,1.0,720,3.0,131.226,131.269,131.162,131.266,2568.0,12.0,65.06,0.115,0.077,0.051,131.272,130.844,85.75,83.03,29.62,23.54,8.36,69.3,130.365,60.13,0.067,1,0,0,0,0,0,0,0,1
2021-10-15 12:00:00,-8.200000000000001,8.200000000000001,-0.40394088669950745,1.0,-1.0,-1.0,2.0,2.0,720,5.0,132.621,132.748,132.592,132.702,2929.0,12.0,82.67,0.138,0.269,0.211,132.74,131.425,88.45,88.17,78.1,46.52,1.5,82.54,131.449,76.1,0.104,0,0,0,0,0,0,0,1,1
2021-10-15 12:00:00,-3.8,3.8,-0.3958333333333333,1.0,-1.0,-1.0,2.0,2.0,720,5.0,132.621,132.748,132.592,132.702,2929.0,12.0,82.67,0.138,0.269,0.211,132.74,131.425,88.45,88.17,78.1,46.52,1.5,82.54,131.449,76.1,0.104,0,0,0,0,0,0,0,1,1
2021-10-19 12:00:00,-0.7000000000000001,0.7000000000000001,-0.4375,1.0,-1.0,-1.0,2.0,1.0,720,2.0,132.863,133.162,132.806,133.099,3375.0,12.0,66.27,0.152,0.118,0.11,133.073,132.496,65.7,50.64,52.26,24.94,9.49,75.77,132.251,52.68,0.101,1,0,0,0,0,0,0,0,1
2021-10-19 12:00:00,3.1,3.1,0.543859649122807,1.0,1.0,1.0,1.0,1.0,720,2.0,132.863,133.162,132.806,133.099,3375.0,12.0,66.27,0.152,0.118,0.11,133.073,132.496,65.7,50.64,52.26,24.94,9.49,75.77,132.251,52.68,0.101,1,0,0,0,0,0,0,0,1
2021-10-20 11:00:00,-0.7999999999999972,0.7999999999999972,-0.04123711340206171,1.0,-1.0,-1.0,2.0,1.0,660,3.0,132.924,133.038,132.915,133.032,2891.0,11.0,47.98,0.141,0.075,0.117,133.454,132.81,13.75,28.55,36.99,19.48,23.17,63.56,132.601,28.17,0.089,0,0,0,0,0,0,0,1,1
2021-10-20 11:00:00,-6.799999999999999,6.799999999999999,-0.32075471698113206,1.0,-1.0,-1.0,2.0,1.0,660,3.0,132.924,133.038,132.915,133.032,2891.0,11.0,47.98,0.141,0.075,0.117,133.454,132.81,13.75,28.55,36.99,19.48,23.17,63.56,132.601,28.17,0.089,0,0,0,0,0,0,0,1,1
2021-10-20 12:00:00,0.4,0.4,0.36363636363636365,1.0,1.0,1.0,1.0,1.0,720,3.0,133.033,133.077,132.986,133.05,2049.0,12.0,48.74,0.144,0.06,0.111,133.453,132.808,20.4,18.09,32.84,22.6,20.08,60.38,132.65,38.06,0.101,0,1,0,0,0,0,0,0,1
2021-10-20 12:00:00,0.19999999999999973,0.19999999999999973,0.047619047619047554,1.0,1.0,1.0,1.0,1.0,720,3.0,133.033,133.077,132.986,133.05,2049.0,12.0,48.74,0.144,0.06,0.111,133.453,132.808,20.4,18.09,32.84,22.6,20.08,60.38,132.65,38.06,0.101,0,1,0,0,0,0,0,0,1
2021-10-21 17:00:00,-0.8999999999999999,0.8999999999999999,-0.18367346938775508,1.0,-1.0,-1.0,2.0,1.0,1020,4.0,132.494,132.701,132.493,132.611,4945.0,17.0,39.47,0.221,-0.127,-0.079,133.498,132.448,29.71,37.23,32.87,10.47,24.13,42.26,132.832,37.05,0.117,0,0,0,0,0,1,0,0,1
2021-10-22 11:00:00,-0.20000000000000284,0.20000000000000284,-0.0033500837520938497,1.0,-1.0,-1.0,2.0,2.0,660,5.0,132.587,132.702,132.566,132.637,3169.0,11.0,49.31,0.151,-0.053,-0.085,132.762,132.294,47.56,42.77,13.64,18.03,17.67,50.59,132.86,56.24,0.092,1,0,0,0,0,0,0,0,1
2021-10-22 11:00:00,-1.6999999999999957,1.6999999999999957,-0.029616724738675885,1.0,-1.0,-1.0,2.0,2.0,660,5.0,132.587,132.702,132.566,132.637,3169.0,11.0,49.31,0.151,-0.053,-0.085,132.762,132.294,47.56,42.77,13.64,18.03,17.67,50.59,132.86,56.24,0.092,1,0,0,0,0,0,0,0,1
2021-10-22 11:00:00,-1.9000000000000057,1.9000000000000057,-0.03321678321678331,1.0,-1.0,-1.0,2.0,2.0,660,5.0,132.587,132.702,132.566,132.637,3169.0,11.0,49.31,0.151,-0.053,-0.085,132.762,132.294,47.56,42.77,13.64,18.03,17.67,50.59,132.86,56.24,0.092,1,0,0,0,0,0,0,0,1
2021-10-27 11:00:00,-0.2999999999999998,0.2999999999999998,-0.03448275862068964,1.0,-1.0,-1.0,2.0,1.0,660,3.0,131.996,132.018,131.774,131.833,4364.0,11.0,30.52,0.153,-0.053,0.008,132.617,132.009,22.4,33.15,20.86,13.1,29.58,39.87,132.307,25.48,0.082,0,0,0,1,0,0,0,0,1
2021-10-27 11:00:00,-0.20000000000000018,0.20000000000000018,-0.03773584905660381,1.0,-1.0,-1.0,2.0,2.0,660,3.0,131.996,132.018,131.774,131.833,4364.0,11.0,30.52,0.153,-0.053,0.008,132.617,132.009,22.4,33.15,20.86,13.1,29.58,39.87,132.307,25.48,0.082,0,0,0,1,0,0,0,0,1
2021-10-27 11:00:00,-1.0,1.0,-0.24390243902439027,1.0,-1.0,-1.0,2.0,1.0,660,3.0,131.996,132.018,131.774,131.833,4364.0,11.0,30.52,0.153,-0.053,0.008,132.617,132.009,22.4,33.15,20.86,13.1,29.58,39.87,132.307,25.48,0.082,0,0,0,1,0,0,0,0,1
2021-10-27 11:00:00,0.20000000000000018,0.20000000000000018,0.050000000000000044,1.0,1.0,1.0,1.0,1.0,660,3.0,131.996,132.018,131.774,131.833,4364.0,11.0,30.52,0.153,-0.053,0.008,132.617,132.009,22.4,33.15,20.86,13.1,29.58,39.87,132.307,25.48,0.082,0,0,0,1,0,0,0,0,1
2021-10-28 12:00:00,4.300000000000004,4.300000000000004,0.11053984575835486,1.0,1.0,1.0,1.0,1.0,720,4.0,131.717,131.789,131.644,131.77,3770.0,12.0,39.9,0.134,-0.09,-0.079,132.154,131.701,46.64,52.03,36.62,11.1,25.87,50.73,132.145,38.66,0.099,0,0,0,0,0,1,0,0,1
2021-10-28 12:00:00,8.2,8.2,0.25,1.0,1.0,1.0,1.0,3.0,720,4.0,131.717,131.789,131.644,131.77,3770.0,12.0,39.9,0.134,-0.09,-0.079,132.154,131.701,46.64,52.03,36.62,11.1,25.87,50.73,132.145,38.66,0.099,0,0,0,0,0,1,0,0,1
2021-10-28 12:00:00,0.8999999999999915,0.8999999999999915,0.007582139848357131,1.0,1.0,1.0,1.0,2.0,720,4.0,131.717,131.789,131.644,131.77,3770.0,12.0,39.9,0.134,-0.09,-0.079,132.154,131.701,46.64,52.03,36.62,11.1,25.87,50.73,132.145,38.66,0.099,0,0,0,0,0,1,0,0,1
2021-10-28 12:00:00,2.099999999999998,2.099999999999998,0.12280701754385952,1.0,1.0,1.0,1.0,1.0,720,4.0,131.717,131.789,131.644,131.77,3770.0,12.0,39.9,0.134,-0.09,-0.079,132.154,131.701,46.64,52.03,36.62,11.1,25.87,50.73,132.145,38.66,0.099,0,0,0,0,0,1,0,0,1
2021-10-28 12:00:00,0.1999999999999993,0.1999999999999993,0.013333333333333286,1.0,1.0,1.0,1.0,1.0,720,4.0,131.717,131.789,131.644,131.77,3770.0,12.0,39.9,0.134,-0.09,-0.079,132.154,131.701,46.64,52.03,36.62,11.1,25.87,50.73,132.145,38.66,0.099,0,0,0,0,0,1,0,0,1
2021-10-29 12:00:00,0.4,0.4,0.36363636363636365,1.0,1.0,1.0,1.0,1.0,720,5.0,132.499,132.547,132.442,132.505,3783.0,12.0,53.2,0.155,0.097,0.145,132.753,132.416,36.43,39.35,30.92,14.17,12.05,52.15,132.222,41.97,0.099,0,1,0,0,0,0,0,0,1
2021-10-29 12:00:00,0.8,0.8,0.8,1.0,1.0,1.0,1.0,2.0,720,5.0,132.499,132.547,132.442,132.505,3783.0,12.0,53.2,0.155,0.097,0.145,132.753,132.416,36.43,39.35,30.92,14.17,12.05,52.15,132.222,41.97,0.099,0,1,0,0,0,0,0,0,1
2021-10-29 12:00:00,0.20000000000000018,0.20000000000000018,0.06896551724137938,1.0,1.0,1.0,1.0,2.0,720,5.0,132.499,132.547,132.442,132.505,3783.0,12.0,53.2,0.155,0.097,0.145,132.753,132.416,36.43,39.35,30.92,14.17,12.05,52.15,132.222,41.97,0.099,0,1,0,0,0,0,0,0,1
2021-10-29 12:00:00,0.49999999999999956,0.49999999999999956,0.10869565217391296,1.0,1.0,1.0,1.0,3.0,720,5.0,132.499,132.547,132.442,132.505,3783.0,12.0,53.2,0.155,0.097,0.145,132.753,132.416,36.43,39.35,30.92,14.17,12.05,52.15,132.222,41.97,0.099,0,1,0,0,0,0,0,0,1
2021-10-29 12:00:00,0.10000000000000009,0.10000000000000009,0.03225806451612906,1.0,1.0,1.0,1.0,2.0,720,5.0,132.499,132.547,132.442,132.505,3783.0,12.0,53.2,0.155,0.097,0.145,132.753,132.416,36.43,39.35,30.92,14.17,12.05,52.15,132.222,41.97,0.099,1,0,0,0,0,0,0,0,1
2021-10-29 12:00:00,-11.5,11.5,-0.7098765432098766,1.0,-1.0,-1.0,2.0,2.0,720,5.0,132.499,132.547,132.442,132.505,3783.0,12.0,53.2,0.155,0.097,0.145,132.753,132.416,36.43,39.35,30.92,14.17,12.05,52.15,132.222,41.97,0.099,1,0,0,0,0,0,0,0,1
2021-10-29 12:00:00,-0.10000000000000003,0.10000000000000003,-0.07142857142857145,1.0,-1.0,-1.0,2.0,1.0,720,5.0,132.499,132.547,132.442,132.505,3783.0,12.0,53.2,0.155,0.097,0.145,132.753,132.416,36.43,39.35,30.92,14.17,12.05,52.15,132.222,41.97,0.099,0,1,0,0,0,0,0,0,1
2021-10-29 12:00:00,0.20000000000000018,0.20000000000000018,0.06896551724137938,1.0,1.0,1.0,1.0,1.0,720,5.0,132.499,132.547,132.442,132.505,3783.0,12.0,53.2,0.155,0.097,0.145,132.753,132.416,36.43,39.35,30.92,14.17,12.05,52.15,132.222,41.97,0.099,0,1,0,0,0,0,0,0,1
2021-11-02 12:00:00,-0.20000000000000284,0.20000000000000284,-0.003361344537815174,1.0,-1.0,-1.0,2.0,2.0,720,2.0,131.678,131.813,131.6,131.812,2377.0,12.0,41.23,0.179,-0.114,-0.044,132.604,131.633,31.9,21.87,43.21,11.6,24.43,44.06,132.115,34.07,0.106,1,0,0,0,0,0,0,0,1
2021-11-03 13:00:00,0.10000000000000053,0.10000000000000053,0.0120481927710844,1.0,-1.0,-1.0,2.0,2.0,780,3.0,131.962,131.962,131.81,131.838,2079.0,13.0,44.72,0.108,-0.02,-0.031,132.012,131.807,55.45,69.43,15.09,13.45,16.98,43.88,132.106,46.18,0.069,0,0,1,0,0,0,0,0,1
2021-11-04 12:00:00,-0.10000000000000142,0.10000000000000142,-0.0017953321364452678,1.0,-1.0,-1.0,2.0,2.0,720,4.0,131.742,131.742,131.524,131.546,3095.0,12.0,28.4,0.151,-0.059,0.075,132.758,131.676,10.94,10.61,43.6,7.49,38.2,38.64,131.992,21.89,0.108,1,0,0,0,0,0,0,0,1
2021-11-04 12:00:00,-0.09999999999999432,0.09999999999999432,-0.001808318264014364,1.0,-1.0,-1.0,2.0,2.0,720,4.0,131.742,131.742,131.524,131.546,3095.0,12.0,28.4,0.151,-0.059,0.075,132.758,131.676,10.94,10.61,43.6,7.49,38.2,38.64,131.992,21.89,0.108,1,0,0,0,0,0,0,0,1
2021-11-04 13:00:00,1.1999999999999993,1.1999999999999993,0.07594936708860754,1.0,1.0,1.0,1.0,1.0,780,4.0,131.546,131.582,131.42,131.498,3840.0,13.0,27.39,0.155,-0.098,0.048,132.81,131.56,9.61,11.07,47.52,6.49,41.66,38.64,131.992,18.2,0.112,0,1,0,0,0,0,0,0,1
2021-11-04 13:00:00,1.5000000000000002,1.5000000000000002,0.6818181818181819,1.0,1.0,1.0,1.0,1.0,780,4.0,131.546,131.582,131.42,131.498,3840.0,13.0,27.39,0.155,-0.098,0.048,132.81,131.56,9.61,11.07,47.52,6.49,41.66,38.64,131.992,18.2,0.112,0,1,0,0,0,0,0,0,1
2021-11-05 13:00:00,-0.09999999999999998,0.09999999999999998,-0.08333333333333331,1.0,-1.0,-1.0,2.0,1.0,780,5.0,131.351,131.388,131.273,131.29,3781.0,13.0,41.59,0.149,-0.104,-0.135,131.536,131.19,24.27,39.56,16.16,15.65,18.34,33.12,131.815,45.79,0.085,0,0,0,0,0,0,1,0,1
2021-11-05 13:00:00,0.8999999999999999,0.8999999999999999,0.3461538461538461,1.0,1.0,1.0,1.0,1.0,780,5.0,131.351,131.388,131.273,131.29,3781.0,13.0,41.59,0.149,-0.104,-0.135,131.536,131.19,24.27,39.56,16.16,15.65,18.34,33.12,131.815,45.79,0.085,0,0,0,0,0,0,1,0,1
2021-11-08 12:30:00,0.6999999999999993,0.6999999999999993,0.0376344086021505,1.0,1.0,1.0,1.0,1.0,750,1.0,131.099,131.233,131.081,131.202,2652.0,12.0,46.95,0.153,-0.023,-0.023,131.459,130.921,29.59,36.22,17.61,15.0,16.75,40.61,131.594,37.45,0.087,0,0,0,0,0,1,0,0,1
2021-11-09 13:05:00,-0.20000000000000284,0.20000000000000284,-0.007380073800738112,1.0,-1.0,-1.0,2.0,2.0,785,2.0,130.795,130.88,130.788,130.814,3188.0,13.0,39.57,0.141,-0.107,-0.101,131.354,130.645,33.48,43.85,33.91,10.0,20.42,37.44,131.36,49.31,0.075,0,0,0,0,0,1,0,0,1
2021-11-12 13:00:00,-0.4,0.4,-0.33333333333333337,1.0,-1.0,-1.0,2.0,2.0,780,5.0,130.534,130.617,130.512,130.594,2546.0,13.0,45.77,0.109,-0.043,-0.031,130.778,130.478,34.11,28.34,33.33,10.59,18.65,38.56,130.812,44.87,0.081,1,0,0,0,0,0,0,0,1
2021-11-12 13:00:00,-12.400000000000002,12.400000000000002,-0.6666666666666667,1.0,-1.0,-1.0,2.0,1.0,780,5.0,130.534,130.617,130.512,130.594,2546.0,13.0,45.77,0.109,-0.043,-0.031,130.778,130.478,34.11,28.34,33.33,10.59,18.65,38.56,130.812,44.87,0.081,1,0,0,0,0,0,0,0,1
2021-11-15 13:00:00,-12.6,12.6,-0.6395939086294417,1.0,-1.0,-1.0,2.0,2.0,780,1.0,130.368,130.384,130.278,130.331,3159.0,13.0,42.67,0.121,-0.039,-0.035,130.545,130.26,15.8,21.97,26.13,10.04,19.5,39.31,130.658,43.28,0.079,0,0,0,0,0,0,0,1,1
2021-11-15 13:00:00,-9.5,9.5,-0.5337078651685393,1.0,-1.0,-1.0,2.0,2.0,780,1.0,130.368,130.384,130.278,130.331,3159.0,13.0,42.67,0.121,-0.039,-0.035,130.545,130.26,15.8,21.97,26.13,10.04,19.5,39.31,130.658,43.28,0.079,0,0,0,0,0,0,0,1,1
2021-11-16 13:00:00,0.9,0.9,0.9,1.0,1.0,1.0,1.0,1.0,780,2.0,129.787,129.959,129.786,129.851,3810.0,13.0,43.42,0.145,-0.103,-0.114,130.12,129.625,34.59,33.76,18.85,23.25,18.64,41.51,130.406,48.83,0.088,0,0,1,0,0,0,0,0,1
2021-11-16 13:00:00,0.19999999999999996,0.19999999999999996,0.07142857142857141,1.0,1.0,1.0,1.0,1.0,780,2.0,129.787,129.959,129.786,129.851,3810.0,13.0,43.42,0.145,-0.103,-0.114,130.12,129.625,34.59,33.76,18.85,23.25,18.64,41.51,130.406,48.83,0.088,0,0,1,0,0,0,0,0,1
2021-11-17 13:00:00,0.4,0.4,0.26666666666666666,1.0,1.0,1.0,1.0,1.0,780,3.0,129.807,129.942,129.789,129.939,3449.0,13.0,51.46,0.168,-0.023,-0.033,130.063,129.716,51.19,60.76,15.94,13.06,13.75,36.7,130.168,42.9,0.082,0,1,0,0,0,0,0,0,1
2021-11-17 13:00:00,-3.9000000000000004,3.9000000000000004,-0.609375,1.0,-1.0,-1.0,2.0,1.0,780,3.0,129.807,129.942,129.789,129.939,3449.0,13.0,51.46,0.168,-0.023,-0.033,130.063,129.716,51.19,60.76,15.94,13.06,13.75,36.7,130.168,42.9,0.082,1,0,0,0,0,0,0,0,1
2021-11-17 13:00:00,-0.10000000000000009,0.10000000000000009,-0.03225806451612906,1.0,-1.0,-1.0,2.0,2.0,780,3.0,129.807,129.942,129.789,129.939,3449.0,13.0,51.46,0.168,-0.023,-0.033,130.063,129.716,51.19,60.76,15.94,13.06,13.75,36.7,130.168,42.9,0.082,0,1,0,0,0,0,0,0,1
2021-11-17 13:00:00,0.9,0.9,0.9,1.0,1.0,1.0,1.0,1.0,780,3.0,129.807,129.942,129.789,129.939,3449.0,13.0,51.46,0.168,-0.023,-0.033,130.063,129.716,51.19,60.76,15.94,13.06,13.75,36.7,130.168,42.9,0.082,1,0,0,0,0,0,0,0,1
2021-11-19 12:00:00,-1.0,1.0,-0.04830917874396135,1.0,-1.0,-1.0,2.0,1.0,720,5.0,128.818,128.919,128.487,128.792,9630.0,12.0,20.69,0.178,-0.094,0.057,130.371,129.092,17.69,13.89,43.06,7.75,38.24,28.02,129.611,7.34,0.181,0,0,0,0,0,0,0,1,1
2021-11-19 12:00:00,-3.3000000000000007,3.3000000000000007,-0.1057692307692308,1.0,-1.0,-1.0,2.0,1.0,720,5.0,128.818,128.919,128.487,128.792,9630.0,12.0,20.69,0.178,-0.094,0.057,130.371,129.092,17.69,13.89,43.06,7.75,38.24,28.02,129.611,7.34,0.181,0,0,0,0,0,0,0,1,1
2021-11-22 18:00:00,-2.0999999999999996,2.0999999999999996,-0.36842105263157887,1.0,-1.0,-1.0,2.0,1.0,1080,1.0,129.043,129.324,129.041,129.159,4793.0,18.0,62.06,0.182,0.001,-0.086,129.051,128.444,85.37,80.03,39.23,31.77,6.04,46.63,129.296,74.04,0.12,0,0,0,0,0,1,0,0,1
2021-11-23 12:00:00,0.10000000000000142,0.10000000000000142,0.001680672268907587,1.0,1.0,1.0,1.0,2.0,720,2.0,129.216,129.35,129.185,129.244,4198.0,12.0,57.51,0.152,0.081,0.09,129.391,128.923,63.66,56.57,22.29,20.55,13.63,51.78,129.156,55.25,0.146,1,0,0,0,0,0,0,0,1
2021-11-23 12:00:00,1.8999999999999986,1.8999999999999986,0.03411131059245958,1.0,1.0,1.0,1.0,2.0,720,2.0,129.216,129.35,129.185,129.244,4198.0,12.0,57.51,0.152,0.081,0.09,129.391,128.923,63.66,56.57,22.29,20.55,13.63,51.78,129.156,55.25,0.146,1,0,0,0,0,0,0,0,1
2021-11-23 12:00:00,1.5,1.5,0.027124773960217,1.0,1.0,1.0,1.0,2.0,720,2.0,129.216,129.35,129.185,129.244,4198.0,12.0,57.51,0.152,0.081,0.09,129.391,128.923,63.66,56.57,22.29,20.55,13.63,51.78,129.156,55.25,0.146,1,0,0,0,0,0,0,0,1
2021-11-26 12:00:00,1.0,1.0,0.12987012987012986,1.0,1.0,1.0,1.0,1.0,720,5.0,128.374,128.681,128.37,128.632,10034.0,12.0,41.05,0.298,-0.21,-0.171,129.604,128.256,67.34,53.16,77.9,2.04,24.95,37.83,129.148,44.72,0.234,0,0,0,1,0,0,0,0,1
2021-11-26 12:00:00,-0.10000000000000053,0.10000000000000053,-0.019230769230769332,1.0,-1.0,-1.0,2.0,2.0,720,5.0,128.374,128.681,128.37,128.632,10034.0,12.0,41.05,0.298,-0.21,-0.171,129.604,128.256,67.34,53.16,77.9,2.04,24.95,37.83,129.148,44.72,0.234,0,0,0,1,0,0,0,0,1
2021-11-26 12:00:00,-0.7000000000000002,0.7000000000000002,-0.1666666666666667,1.0,-1.0,-1.0,2.0,1.0,720,5.0,128.374,128.681,128.37,128.632,10034.0,12.0,41.05,0.298,-0.21,-0.171,129.604,128.256,67.34,53.16,77.9,2.04,24.95,37.83,129.148,44.72,0.234,0,0,0,1,0,0,0,0,1
2021-11-26 12:00:00,0.2999999999999998,0.2999999999999998,0.07317073170731704,1.0,1.0,1.0,1.0,1.0,720,5.0,128.374,128.681,128.37,128.632,10034.0,12.0,41.05,0.298,-0.21,-0.171,129.604,128.256,67.34,53.16,77.9,2.04,24.95,37.83,129.148,44.72,0.234,0,0,0,1,0,0,0,0,1
2021-11-29 13:00:00,5.399999999999999,5.399999999999999,0.12107623318385646,1.0,1.0,1.0,1.0,1.0,780,1.0,128.02,128.2,128.02,128.103,3941.0,13.0,47.5,0.29,-0.168,-0.192,128.46,127.673,79.51,63.8,25.6,22.14,15.07,40.15,128.858,59.5,0.14,0,0,0,0,0,1,0,0,1
2021-11-29 13:00:00,-1.0,1.0,-0.02421307506053269,1.0,-1.0,-1.0,2.0,3.0,780,1.0,128.02,128.2,128.02,128.103,3941.0,13.0,47.5,0.29,-0.168,-0.192,128.46,127.673,79.51,63.8,25.6,22.14,15.07,40.15,128.858,59.5,0.14,0,0,0,0,0,1,0,0,1
2021-11-29 13:00:00,1.5,1.5,0.08379888268156425,1.0,1.0,1.0,1.0,1.0,780,1.0,128.02,128.2,128.02,128.103,3941.0,13.0,47.5,0.29,-0.168,-0.192,128.46,127.673,79.51,63.8,25.6,22.14,15.07,40.15,128.858,59.5,0.14,0,0,0,0,0,1,0,0,1
2021-11-29 13:00:00,-0.09999999999999964,0.09999999999999964,-0.00657894736842103,1.0,-1.0,-1.0,2.0,1.0,780,1.0,128.02,128.2,128.02,128.103,3941.0,13.0,47.5,0.29,-0.168,-0.192,128.46,127.673,79.51,63.8,25.6,22.14,15.07,40.15,128.858,59.5,0.14,0,0,0,0,0,1,0,0,1
2021-11-29 13:00:00,-0.7999999999999972,0.7999999999999972,-0.006705783738474411,1.0,-1.0,-1.0,2.0,2.0,780,1.0,128.02,128.2,128.02,128.103,3941.0,13.0,47.5,0.29,-0.168,-0.192,128.46,127.673,79.51,63.8,25.6,22.14,15.07,40.15,128.858,59.5,0.14,0,0,0,0,0,1,0,0,1
2021-11-30 13:00:00,-0.4,0.4,-0.26666666666666666,1.0,-1.0,-1.0,2.0,1.0,780,2.0,128.217,128.356,128.076,128.311,6011.0,13.0,52.28,0.242,0.002,0.015,128.563,127.951,82.21,69.58,25.25,10.5,18.23,44.64,128.597,46.22,0.148,0,1,0,0,0,0,0,0,1
2021-11-30 13:00:00,0.5,0.5,0.5,1.0,1.0,1.0,1.0,2.0,780,2.0,128.217,128.356,128.076,128.311,6011.0,13.0,52.28,0.242,0.002,0.015,128.563,127.951,82.21,69.58,25.25,10.5,18.23,44.64,128.597,46.22,0.148,0,1,0,0,0,0,0,0,1
2021-11-30 13:00:00,0.5,0.5,0.16129032258064516,1.0,1.0,1.0,1.0,2.0,780,2.0,128.217,128.356,128.076,128.311,6011.0,13.0,52.28,0.242,0.002,0.015,128.563,127.951,82.21,69.58,25.25,10.5,18.23,44.64,128.597,46.22,0.148,0,1,0,0,0,0,0,0,1
2021-11-30 13:00:00,0.5,0.5,0.09259259259259259,1.0,1.0,1.0,1.0,3.0,780,2.0,128.217,128.356,128.076,128.311,6011.0,13.0,52.28,0.242,0.002,0.015,128.563,127.951,82.21,69.58,25.25,10.5,18.23,44.64,128.597,46.22,0.148,0,1,0,0,0,0,0,0,1
2021-11-30 13:00:00,-0.19999999999999998,0.19999999999999998,-0.15384615384615383,1.0,-1.0,-1.0,2.0,1.0,780,2.0,128.217,128.356,128.076,128.311,6011.0,13.0,52.28,0.242,0.002,0.015,128.563,127.951,82.21,69.58,25.25,10.5,18.23,44.64,128.597,46.22,0.148,0,1,0,0,0,0,0,0,1
2021-11-30 13:00:00,0.5,0.5,0.16129032258064516,1.0,1.0,1.0,1.0,1.0,780,2.0,128.217,128.356,128.076,128.311,6011.0,13.0,52.28,0.242,0.002,0.015,128.563,127.951,82.21,69.58,25.25,10.5,18.23,44.64,128.597,46.22,0.148,0,1,0,0,0,0,0,0,1
2021-12-01 12:00:00,4.600000000000001,4.600000000000001,0.0839416058394161,1.0,1.0,1.0,1.0,2.0,720,3.0,128.505,128.59,128.402,128.47,5402.0,12.0,54.25,0.212,0.093,0.091,128.851,127.773,29.99,39.57,40.11,19.37,9.9,46.46,128.347,50.2,0.15,1,0,0,0,0,0,0,0,1
2021-12-02 13:00:00,4.5,4.5,0.24456521739130438,1.0,1.0,1.0,1.0,1.0,780,4.0,128.142,128.18,128.017,128.067,4980.0,13.0,49.92,0.18,0.002,-0.033,128.345,127.503,60.66,71.07,26.2,15.16,13.77,43.78,128.112,54.03,0.109,0,1,0,0,0,0,0,0,1
2021-12-02 13:00:00,3.2,3.2,1.0,1.0,1.0,1.0,1.0,1.0,780,4.0,128.142,128.18,128.017,128.067,4980.0,13.0,49.92,0.18,0.002,-0.033,128.345,127.503,60.66,71.07,26.2,15.16,13.77,43.78,128.112,54.03,0.109,0,1,0,0,0,0,0,0,1
2021-12-03 12:00:00,-0.3999999999999986,0.3999999999999986,-0.007042253521126736,1.0,-1.0,-1.0,2.0,2.0,720,5.0,128.015,128.135,127.969,128.073,4725.0,12.0,56.97,0.156,0.006,-0.035,128.062,127.718,52.93,59.65,32.31,30.67,11.56,52.31,128.093,56.4,0.086,1,0,0,0,0,0,0,0,1
2021-12-03 12:00:00,-0.7000000000000028,0.7000000000000028,-0.012152777777777827,1.0,-1.0,-1.0,2.0,2.0,720,5.0,128.015,128.135,127.969,128.073,4725.0,12.0,56.97,0.156,0.006,-0.035,128.062,127.718,52.93,59.65,32.31,30.67,11.56,52.31,128.093,56.4,0.086,1,0,0,0,0,0,0,0,1
2021-12-03 13:00:00,1.7,1.7,0.6799999999999999,1.0,1.0,1.0,1.0,1.0,780,5.0,128.072,128.199,128.033,128.159,4558.0,13.0,60.66,0.159,0.022,-0.025,128.113,127.7,66.07,59.87,34.93,31.72,10.02,52.31,128.093,65.81,0.094,0,0,0,0,0,0,1,0,1
2021-12-03 13:00:00,-0.5,0.5,-0.1724137931034483,1.0,-1.0,-1.0,2.0,1.0,780,5.0,128.072,128.199,128.033,128.159,4558.0,13.0,60.66,0.159,0.022,-0.025,128.113,127.7,66.07,59.87,34.93,31.72,10.02,52.31,128.093,65.81,0.094,0,0,0,0,0,0,1,0,1
2021-12-06 12:30:00,-7.600000000000001,7.600000000000001,-0.3438914027149322,1.0,-1.0,-1.0,2.0,1.0,750,1.0,127.947,128.018,127.907,127.929,4394.0,12.0,58.22,0.147,-0.014,-0.072,127.905,127.371,88.7,80.85,25.86,28.37,8.01,48.22,127.971,73.73,0.097,0,0,0,0,0,1,0,0,1
2021-12-07 13:00:00,0.10000000000000009,0.10000000000000009,0.03333333333333336,1.0,1.0,1.0,1.0,1.0,780,2.0,127.909,127.967,127.806,127.834,3622.0,13.0,40.8,0.157,0.054,0.109,128.41,127.78,14.8,21.36,32.27,18.24,25.89,46.91,127.907,33.69,0.109,0,0,1,0,0,0,0,0,1
2021-12-07 13:00:00,0.19999999999999973,0.19999999999999973,0.042553191489361646,1.0,1.0,1.0,1.0,2.0,780,2.0,127.909,127.967,127.806,127.834,3622.0,13.0,40.8,0.157,0.054,0.109,128.41,127.78,14.8,21.36,32.27,18.24,25.89,46.91,127.907,33.69,0.109,1,0,0,0,0,0,0,0,1
2021-12-07 13:05:00,3.3000000000000007,3.3000000000000007,0.13469387755102044,1.0,1.0,1.0,1.0,2.0,785,2.0,127.909,127.967,127.806,127.834,3622.0,13.0,40.8,0.157,0.054,0.109,128.41,127.78,14.8,21.36,32.27,18.24,25.89,46.91,127.907,33.69,0.109,0,0,0,0,0,1,0,0,1
2021-12-14 13:00:00,-1.9000000000000004,1.9000000000000004,-0.30645161290322587,1.0,-1.0,-1.0,2.0,1.0,780,2.0,128.506,128.548,128.464,128.507,2873.0,13.0,69.3,0.132,0.054,-0.001,128.44,127.95,91.07,86.23,32.35,30.21,7.02,55.66,128.338,70.85,0.09,1,0,0,0,0,0,0,0,1
2021-12-14 13:00:00,1.4000000000000001,1.4000000000000001,1.076923076923077,1.0,1.0,1.0,1.0,2.0,780,2.0,128.506,128.548,128.464,128.507,2873.0,13.0,69.3,0.132,0.054,-0.001,128.44,127.95,91.07,86.23,32.35,30.21,7.02,55.66,128.338,70.85,0.09,1,0,0,0,0,0,0,0,1
2021-12-16 12:00:00,-3.0,3.0,-0.05235602094240838,1.0,-1.0,-1.0,2.0,2.0,720,4.0,129.136,129.156,128.962,129.003,2773.0,12.0,65.13,0.141,0.206,0.186,129.321,128.1,82.69,86.44,39.53,23.95,14.4,76.33,128.377,72.12,0.081,1,0,0,0,0,0,0,0,1
2021-12-16 12:00:00,-2.200000000000003,2.200000000000003,-0.03886925795053008,1.0,-1.0,-1.0,2.0,2.0,720,4.0,129.136,129.156,128.962,129.003,2773.0,12.0,65.13,0.141,0.206,0.186,129.321,128.1,82.69,86.44,39.53,23.95,14.4,76.33,128.377,72.12,0.081,1,0,0,0,0,0,0,0,1
2021-12-16 12:00:00,-0.6000000000000014,0.6000000000000014,-0.010067114093959755,1.0,-1.0,-1.0,2.0,2.0,720,4.0,129.136,129.156,128.962,129.003,2773.0,12.0,65.13,0.141,0.206,0.186,129.321,128.1,82.69,86.44,39.53,23.95,14.4,76.33,128.377,72.12,0.081,1,0,0,0,0,0,0,0,1
2021-12-16 13:00:00,0.7999999999999998,0.7999999999999998,0.31999999999999995,1.0,1.0,1.0,1.0,2.0,780,4.0,129.003,129.006,128.91,128.971,2675.0,13.0,63.27,0.136,0.197,0.188,129.305,128.204,65.43,79.11,34.61,20.76,19.7,76.33,128.377,44.53,0.077,0,0,1,0,0,0,0,0,1
2021-12-16 13:00:00,-15.700000000000001,15.700000000000001,-0.7733990147783252,1.0,-1.0,-1.0,2.0,2.0,780,4.0,129.003,129.006,128.91,128.971,2675.0,13.0,63.27,0.136,0.197,0.188,129.305,128.204,65.43,79.11,34.61,20.76,19.7,76.33,128.377,44.53,0.077,0,0,0,0,0,0,0,1,1
2021-12-16 13:00:00,1.1,1.1,0.45833333333333337,1.0,1.0,1.0,1.0,1.0,780,4.0,129.003,129.006,128.91,128.971,2675.0,13.0,63.27,0.136,0.197,0.188,129.305,128.204,65.43,79.11,34.61,20.76,19.7,76.33,128.377,44.53,0.077,0,0,0,0,1,0,0,0,1
2021-12-16 13:00:00,-10.299999999999999,10.299999999999999,-0.7518248175182481,1.0,-1.0,-1.0,2.0,2.0,780,4.0,129.003,129.006,128.91,128.971,2675.0,13.0,63.27,0.136,0.197,0.188,129.305,128.204,65.43,79.11,34.61,20.76,19.7,76.33,128.377,44.53,0.077,0,0,0,0,0,0,0,1,1
2021-12-17 13:00:00,-0.1,0.1,-0.09090909090909091,1.0,-1.0,-1.0,2.0,1.0,780,5.0,128.553,128.57,128.375,128.434,3278.0,13.0,40.97,0.189,-0.041,-0.006,128.936,128.466,20.53,30.87,18.56,12.96,26.37,43.74,128.472,29.4,0.097,0,1,0,0,0,0,0,0,1
2021-12-17 13:00:00,-0.09999999999999998,0.09999999999999998,-0.06666666666666665,1.0,-1.0,-1.0,2.0,2.0,780,5.0,128.553,128.57,128.375,128.434,3278.0,13.0,40.97,0.189,-0.041,-0.006,128.936,128.466,20.53,30.87,18.56,12.96,26.37,43.74,128.472,29.4,0.097,0,1,0,0,0,0,0,0,1
2021-12-17 13:00:00,1.1,1.1,0.7333333333333334,1.0,1.0,1.0,1.0,1.0,780,5.0,128.553,128.57,128.375,128.434,3278.0,13.0,40.97,0.189,-0.041,-0.006,128.936,128.466,20.53,30.87,18.56,12.96,26.37,43.74,128.472,29.4,0.097,1,0,0,0,0,0,0,0,1
2021-12-17 13:00:00,3.3000000000000003,3.3000000000000003,1.5714285714285714,1.0,1.0,1.0,1.0,1.0,780,5.0,128.553,128.57,128.375,128.434,3278.0,13.0,40.97,0.189,-0.041,-0.006,128.936,128.466,20.53,30.87,18.56,12.96,26.37,43.74,128.472,29.4,0.097,1,0,0,0,0,0,0,0,1
2021-12-17 13:00:00,0.09999999999999998,0.09999999999999998,0.07142857142857141,1.0,1.0,1.0,1.0,1.0,780,5.0,128.553,128.57,128.375,128.434,3278.0,13.0,40.97,0.189,-0.041,-0.006,128.936,128.466,20.53,30.87,18.56,12.96,26.37,43.74,128.472,29.4,0.097,0,1,0,0,0,0,0,0,1
2021-12-17 13:00:00,0.3000000000000007,0.3000000000000007,0.0535714285714287,1.0,1.0,1.0,1.0,1.0,780,5.0,128.553,128.57,128.375,128.434,3278.0,13.0,40.97,0.189,-0.041,-0.006,128.936,128.466,20.53,30.87,18.56,12.96,26.37,43.74,128.472,29.4,0.097,0,1,0,0,0,0,0,0,1
2021-12-20 12:00:00,-14.399999999999999,14.399999999999999,-0.4011142061281337,1.0,-1.0,-1.0,2.0,1.0,720,1.0,127.821,128.074,127.788,127.993,4506.0,12.0,50.85,0.177,-0.153,-0.221,128.122,127.499,82.23,74.17,51.63,19.47,16.79,48.64,128.38,63.56,0.104,0,0,0,0,0,0,0,1,1
2021-12-20 12:00:00,-7.299999999999997,7.299999999999997,-0.27651515151515144,1.0,-1.0,-1.0,2.0,1.0,720,1.0,127.821,128.074,127.788,127.993,4506.0,12.0,50.85,0.177,-0.153,-0.221,128.122,127.499,82.23,74.17,51.63,19.47,16.79,48.64,128.38,63.56,0.104,0,0,0,0,0,0,0,1,1
2021-12-21 18:00:00,-1.6000000000000005,1.6000000000000005,-0.20779220779220786,1.0,-1.0,-1.0,2.0,1.0,1080,2.0,128.495,128.645,128.472,128.622,3573.0,18.0,67.12,0.147,0.104,0.082,128.564,128.044,75.48,71.05,30.44,25.84,11.07,58.14,128.421,64.41,0.104,0,0,0,0,0,1,0,0,1
2021-12-29 12:00:00,0.40000000000000036,0.40000000000000036,0.09302325581395357,1.0,1.0,1.0,1.0,1.0,720,3.0,129.745,129.856,129.726,129.789,1526.0,12.0,45.33,0.114,-0.028,-0.024,129.95,129.689,40.05,42.97,16.62,17.38,22.55,62.0,129.754,41.78,0.072,0,0,0,1,0,0,0,0,1
2021-12-29 12:00:00,0.2999999999999998,0.2999999999999998,0.03749999999999998,1.0,1.0,1.0,1.0,1.0,720,3.0,129.745,129.856,129.726,129.789,1526.0,12.0,45.33,0.114,-0.028,-0.024,129.95,129.689,40.05,42.97,16.62,17.38,22.55,62.0,129.754,41.78,0.072,0,0,0,1,0,0,0,0,1
2021-12-29 12:00:00,0.6000000000000001,0.6000000000000001,0.18181818181818185,1.0,1.0,1.0,1.0,1.0,720,3.0,129.745,129.856,129.726,129.789,1526.0,12.0,45.33,0.114,-0.028,-0.024,129.95,129.689,40.05,42.97,16.62,17.38,22.55,62.0,129.754,41.78,0.072,0,0,0,1,0,0,0,0,1
2022-01-05 12:00:00,-0.19999999999999574,0.19999999999999574,-0.0036832412523019474,1.0,-1.0,-1.0,2.0,2.0,720,3.0,130.985,131.012,130.886,130.909,2713.0,12.0,46.6,0.145,0.036,0.061,131.241,130.86,28.4,47.66,14.89,12.05,12.62,62.19,130.705,42.51,0.089,1,0,0,0,0,0,0,0,1
2022-01-05 12:00:00,-0.10000000000000142,0.10000000000000142,-0.0018382352941176733,1.0,-1.0,-1.0,2.0,2.0,720,3.0,130.985,131.012,130.886,130.909,2713.0,12.0,46.6,0.145,0.036,0.061,131.241,130.86,28.4,47.66,14.89,12.05,12.62,62.19,130.705,42.51,0.089,1,0,0,0,0,0,0,0,1
2022-01-06 13:00:00,0.3999999999999986,0.3999999999999986,0.01646090534979418,1.0,1.0,1.0,1.0,1.0,780,4.0,131.075,131.092,130.904,131.007,2539.0,13.0,46.59,0.182,-0.052,-0.014,131.623,130.733,55.27,40.61,41.73,13.45,20.84,52.68,130.904,53.2,0.134,0,1,0,0,0,0,0,0,1
2022-01-06 13:00:00,-4.1000000000000005,4.1000000000000005,-0.5942028985507247,1.0,-1.0,-1.0,2.0,1.0,780,4.0,131.075,131.092,130.904,131.007,2539.0,13.0,46.59,0.182,-0.052,-0.014,131.623,130.733,55.27,40.61,41.73,13.45,20.84,52.68,130.904,53.2,0.134,0,1,0,0,0,0,0,0,1
2022-01-07 13:00:00,-0.2999999999999998,0.2999999999999998,-0.047619047619047596,1.0,-1.0,-1.0,2.0,3.0,780,5.0,130.968,130.968,130.888,130.904,1565.0,13.0,46.59,0.114,-0.001,-0.012,131.099,130.742,33.56,50.32,22.02,14.88,17.05,51.84,130.932,38.53,0.072,0,1,0,0,0,0,0,0,1
2022-01-07 13:00:00,-0.10000000000000009,0.10000000000000009,-0.02702702702702705,1.0,-1.0,-1.0,2.0,2.0,780,5.0,130.968,130.968,130.888,130.904,1565.0,13.0,46.59,0.114,-0.001,-0.012,131.099,130.742,33.56,50.32,22.02,14.88,17.05,51.84,130.932,38.53,0.072,0,1,0,0,0,0,0,0,1
2022-01-07 13:00:00,0.30000000000000004,0.30000000000000004,0.27272727272727276,1.0,1.0,1.0,1.0,1.0,780,5.0,130.968,130.968,130.888,130.904,1565.0,13.0,46.59,0.114,-0.001,-0.012,131.099,130.742,33.56,50.32,22.02,14.88,17.05,51.84,130.932,38.53,0.072,0,1,0,0,0,0,0,0,1
2022-01-07 13:00:00,0.2,0.2,0.16666666666666669,1.0,1.0,1.0,1.0,1.0,780,5.0,130.968,130.968,130.888,130.904,1565.0,13.0,46.59,0.114,-0.001,-0.012,131.099,130.742,33.56,50.32,22.02,14.88,17.05,51.84,130.932,38.53,0.072,0,1,0,0,0,0,0,0,1
2022-01-07 13:00:00,5.5,5.5,1.6666666666666667,1.0,1.0,1.0,1.0,1.0,780,5.0,130.968,130.968,130.888,130.904,1565.0,13.0,46.59,0.114,-0.001,-0.012,131.099,130.742,33.56,50.32,22.02,14.88,17.05,51.84,130.932,38.53,0.072,0,0,0,0,0,0,1,0,1
2022-01-07 13:00:00,-0.19999999999999996,0.19999999999999996,-0.12499999999999997,1.0,-1.0,-1.0,2.0,2.0,780,5.0,130.968,130.968,130.888,130.904,1565.0,13.0,46.59,0.114,-0.001,-0.012,131.099,130.742,33.56,50.32,22.02,14.88,17.05,51.84,130.932,38.53,0.072,0,1,0,0,0,0,0,0,1
2022-01-07 13:00:00,-6.400000000000006,6.400000000000006,-0.11490125673249561,1.0,-1.0,-1.0,2.0,1.0,780,5.0,130.968,130.968,130.888,130.904,1565.0,13.0,46.59,0.114,-0.001,-0.012,131.099,130.742,33.56,50.32,22.02,14.88,17.05,51.84,130.932,38.53,0.072,0,0,0,0,0,1,0,0,1
2022-01-07 13:00:00,-5.699999999999996,5.699999999999996,-0.13163972286374126,1.0,-1.0,-1.0,2.0,3.0,780,5.0,130.968,130.968,130.888,130.904,1565.0,13.0,46.59,0.114,-0.001,-0.012,131.099,130.742,33.56,50.32,22.02,14.88,17.05,51.84,130.932,38.53,0.072,0,0,0,0,0,1,0,0,1
2022-01-07 13:00:00,0.5,0.5,0.3333333333333333,1.0,1.0,1.0,1.0,1.0,780,5.0,130.968,130.968,130.888,130.904,1565.0,13.0,46.59,0.114,-0.001,-0.012,131.099,130.742,33.56,50.32,22.02,14.88,17.05,51.84,130.932,38.53,0.072,0,0,0,0,0,0,1,0,1
2022-01-07 13:00:00,-2.799999999999997,2.799999999999997,-0.023509655751469332,1.0,-1.0,-1.0,2.0,2.0,780,5.0,130.968,130.968,130.888,130.904,1565.0,13.0,46.59,0.114,-0.001,-0.012,131.099,130.742,33.56,50.32,22.02,14.88,17.05,51.84,130.932,38.53,0.072,0,0,0,0,0,1,0,0,1
2022-01-07 13:00:00,-7.400000000000002,7.400000000000002,-0.37755102040816335,1.0,-1.0,-1.0,2.0,1.0,780,5.0,130.968,130.968,130.888,130.904,1565.0,13.0,46.59,0.114,-0.001,-0.012,131.099,130.742,33.56,50.32,22.02,14.88,17.05,51.84,130.932,38.53,0.072,0,0,0,0,0,1,0,0,1
2022-01-07 13:00:00,0.7000000000000011,0.7000000000000011,0.04605263157894744,1.0,1.0,1.0,1.0,1.0,780,5.0,130.968,130.968,130.888,130.904,1565.0,13.0,46.59,0.114,-0.001,-0.012,131.099,130.742,33.56,50.32,22.02,14.88,17.05,51.84,130.932,38.53,0.072,0,0,0,0,0,1,0,0,1
2022-01-10 12:30:00,3.700000000000001,3.700000000000001,0.3032786885245903,1.0,1.0,1.0,1.0,1.0,750,1.0,131.015,131.022,130.875,130.94,2670.0,12.0,33.56,0.109,-0.001,0.053,131.421,131.035,18.84,21.72,33.06,6.21,32.88,38.02,131.047,28.76,0.08,0,0,0,0,0,1,0,0,1
2022-01-12 13:00:00,2.5,2.5,2.0833333333333335,1.0,1.0,1.0,1.0,2.0,780,3.0,131.13,131.162,131.087,131.115,1848.0,13.0,55.6,0.099,0.065,0.085,131.224,131.014,53.87,48.54,16.25,16.85,16.42,63.04,130.955,52.33,0.075,1,0,0,0,0,0,0,0,1
2022-01-12 13:00:00,-5.7,5.7,-1.0961538461538463,1.0,-1.0,-1.0,2.0,1.0,780,3.0,131.13,131.162,131.087,131.115,1848.0,13.0,55.6,0.099,0.065,0.085,131.224,131.014,53.87,48.54,16.25,16.85,16.42,63.04,130.955,52.33,0.075,1,0,0,0,0,0,0,0,1
2022-01-14 13:00:00,-0.19999999999999996,0.19999999999999996,-0.09523809523809522,1.0,-1.0,-1.0,2.0,2.0,780,5.0,130.477,130.555,130.421,130.422,2176.0,13.0,33.21,0.155,-0.139,-0.147,130.864,130.354,45.0,58.43,31.17,8.95,17.2,31.14,130.867,49.96,0.089,0,0,0,0,0,0,0,1,1
2022-01-14 13:00:00,-17.1,17.1,-1.0301204819277108,1.0,-1.0,-1.0,2.0,2.0,780,5.0,130.477,130.555,130.421,130.422,2176.0,13.0,33.21,0.155,-0.139,-0.147,130.864,130.354,45.0,58.43,31.17,8.95,17.2,31.14,130.867,49.96,0.089,0,0,0,0,0,0,0,1,1
2022-01-18 13:05:00,23.0,23.0,0.8394160583941607,1.0,1.0,1.0,1.0,2.0,785,2.0,130.697,130.697,130.569,130.594,2773.0,13.0,42.88,0.182,0.02,0.069,131.03,130.54,30.43,30.61,21.08,10.83,19.1,43.74,130.711,40.05,0.105,0,0,0,0,0,1,0,0,1
2022-01-19 12:00:00,-4.0,4.0,-0.13986013986013984,1.0,-1.0,-1.0,2.0,1.0,720,3.0,129.866,129.978,129.839,129.905,2391.0,12.0,47.99,0.162,-0.17,-0.225,130.026,129.499,86.6,71.58,33.93,24.97,17.46,41.59,130.363,61.95,0.089,0,0,0,0,0,0,0,1,1
2022-01-19 12:00:00,1.3000000000000007,1.3000000000000007,0.05058365758754867,1.0,1.0,1.0,1.0,1.0,720,3.0,129.866,129.978,129.839,129.905,2391.0,12.0,47.99,0.162,-0.17,-0.225,130.026,129.499,86.6,71.58,33.93,24.97,17.46,41.59,130.363,61.95,0.089,0,0,0,0,0,0,0,1,1
2022-01-19 13:00:00,-1.7999999999999998,1.7999999999999998,-0.5454545454545454,1.0,-1.0,-1.0,2.0,1.0,780,3.0,129.903,129.944,129.747,129.82,2525.0,13.0,44.89,0.167,-0.154,-0.216,130.01,129.504,81.91,81.77,29.49,21.64,21.36,41.59,130.363,66.61,0.081,1,0,0,0,0,0,0,0,1
2022-01-20 13:00:00,-0.7000000000000001,0.7000000000000001,-0.33333333333333337,1.0,-1.0,-1.0,2.0,1.0,780,4.0,129.629,129.678,129.563,129.595,2190.0,13.0,37.4,0.14,-0.036,-0.019,129.945,129.539,10.75,16.85,25.82,18.57,22.51,36.91,130.16,32.99,0.092,0,1,0,0,0,0,0,0,1
2022-01-20 13:00:00,-0.2999999999999998,0.2999999999999998,-0.047619047619047596,1.0,-1.0,-1.0,2.0,1.0,780,4.0,129.629,129.678,129.563,129.595,2190.0,13.0,37.4,0.14,-0.036,-0.019,129.945,129.539,10.75,16.85,25.82,18.57,22.51,36.91,130.16,32.99,0.092,0,1,0,0,0,0,0,0,1
2022-01-21 18:00:00,-0.3000000000000007,0.3000000000000007,-0.032608695652173995,1.0,-1.0,-1.0,2.0,1.0,1080,5.0,128.968,129.087,128.957,129.034,4005.0,18.0,45.07,0.168,-0.087,-0.112,129.255,128.692,32.92,28.9,22.97,20.88,14.53,35.22,129.717,51.24,0.116,0,0,0,0,0,1,0,0,1
2022-01-24 12:00:00,0.8999999999999986,0.8999999999999986,0.015228426395939063,1.0,1.0,1.0,1.0,2.0,720,1.0,128.66,128.751,128.523,128.716,4318.0,12.0,39.26,0.157,-0.099,-0.061,129.186,128.638,22.62,16.18,21.09,9.9,22.22,31.19,129.325,34.73,0.104,1,0,0,0,0,0,0,0,1
2022-01-24 12:00:00,-2.0,2.0,-0.03690036900369004,1.0,-1.0,-1.0,2.0,2.0,720,1.0,128.66,128.751,128.523,128.716,4318.0,12.0,39.26,0.157,-0.099,-0.061,129.186,128.638,22.62,16.18,21.09,9.9,22.22,31.19,129.325,34.73,0.104,1,0,0,0,0,0,0,0,1
2022-01-24 12:00:00,-1.0,1.0,-0.01838235294117647,1.0,-1.0,-1.0,2.0,2.0,720,1.0,128.66,128.751,128.523,128.716,4318.0,12.0,39.26,0.157,-0.099,-0.061,129.186,128.638,22.62,16.18,21.09,9.9,22.22,31.19,129.325,34.73,0.104,1,0,0,0,0,0,0,0,1
2022-01-28 12:00:00,0.40000000000000036,0.40000000000000036,0.05333333333333338,1.0,1.0,1.0,1.0,1.0,720,5.0,128.707,128.791,128.635,128.713,3030.0,12.0,52.24,0.143,0.012,-0.002,128.85,128.414,62.91,63.01,19.55,16.93,11.67,48.98,128.731,55.22,0.099,0,0,0,1,0,0,0,0,1
2022-01-28 12:00:00,-0.20000000000000018,0.20000000000000018,-0.03773584905660381,1.0,-1.0,-1.0,2.0,2.0,720,5.0,128.707,128.791,128.635,128.713,3030.0,12.0,52.24,0.143,0.012,-0.002,128.85,128.414,62.91,63.01,19.55,16.93,11.67,48.98,128.731,55.22,0.099,0,0,0,1,0,0,0,0,1
2022-01-28 12:00:00,1.5,1.5,0.4054054054054054,1.0,1.0,1.0,1.0,1.0,720,5.0,128.707,128.791,128.635,128.713,3030.0,12.0,52.24,0.143,0.012,-0.002,128.85,128.414,62.91,63.01,19.55,16.93,11.67,48.98,128.731,55.22,0.099,0,0,0,1,0,0,0,0,1
2022-01-28 12:00:00,0.49999999999999956,0.49999999999999956,0.10869565217391296,1.0,1.0,1.0,1.0,1.0,720,5.0,128.707,128.791,128.635,128.713,3030.0,12.0,52.24,0.143,0.012,-0.002,128.85,128.414,62.91,63.01,19.55,16.93,11.67,48.98,128.731,55.22,0.099,0,0,0,1,0,0,0,0,1
2022-01-28 13:00:00,-0.6999999999999993,0.6999999999999993,-0.04487179487179483,1.0,-1.0,-1.0,2.0,1.0,780,5.0,128.713,128.754,128.639,128.749,3483.0,13.0,54.24,0.144,0.016,0.003,128.856,128.413,71.91,66.5,19.4,14.67,10.11,48.98,128.731,49.24,0.1,0,0,0,0,0,1,0,0,1
2022-01-28 13:00:00,-5.800000000000001,5.800000000000001,-0.3647798742138365,1.0,-1.0,-1.0,2.0,1.0,780,5.0,128.713,128.754,128.639,128.749,3483.0,13.0,54.24,0.144,0.016,0.003,128.856,128.413,71.91,66.5,19.4,14.67,10.11,48.98,128.731,49.24,0.1,0,0,0,0,0,1,0,0,1
2022-01-28 13:00:00,-3.799999999999997,3.799999999999997,-0.03234042553191487,1.0,-1.0,-1.0,2.0,2.0,780,5.0,128.713,128.754,128.639,128.749,3483.0,13.0,54.24,0.144,0.016,0.003,128.856,128.413,71.91,66.5,19.4,14.67,10.11,48.98,128.731,49.24,0.1,0,0,0,0,0,1,0,0,1
2022-01-28 13:00:00,5.199999999999996,5.199999999999996,0.15204678362573085,1.0,1.0,1.0,1.0,3.0,780,5.0,128.713,128.754,128.639,128.749,3483.0,13.0,54.24,0.144,0.016,0.003,128.856,128.413,71.91,66.5,19.4,14.67,10.11,48.98,128.731,49.24,0.1,0,0,0,0,0,1,0,0,1
2022-01-28 13:00:00,4.5,4.5,0.10180995475113122,1.0,1.0,1.0,1.0,1.0,780,5.0,128.713,128.754,128.639,128.749,3483.0,13.0,54.24,0.144,0.016,0.003,128.856,128.413,71.91,66.5,19.4,14.67,10.11,48.98,128.731,49.24,0.1,0,0,0,0,0,1,0,0,1
2022-01-31 13:00:00,-1.9000000000000001,1.9000000000000001,-0.59375,1.0,-1.0,-1.0,2.0,2.0,780,1.0,128.965,128.987,128.815,128.904,2589.0,13.0,57.5,0.142,0.087,0.071,129.165,128.324,50.12,59.89,38.38,25.23,18.06,55.9,128.736,49.05,0.082,1,0,0,0,0,0,0,0,1
2022-01-31 13:00:00,0.7999999999999998,0.7999999999999998,0.16666666666666663,1.0,1.0,1.0,1.0,2.0,780,1.0,128.965,128.987,128.815,128.904,2589.0,13.0,57.5,0.142,0.087,0.071,129.165,128.324,50.12,59.89,38.38,25.23,18.06,55.9,128.736,49.05,0.082,1,0,0,0,0,0,0,0,1
2022-02-01 12:00:00,-0.29999999999999716,0.29999999999999716,-0.004999999999999952,1.0,-1.0,-1.0,2.0,2.0,720,2.0,129.151,129.221,129.109,129.196,2820.0,12.0,52.14,0.14,0.083,0.103,129.398,129.079,28.39,52.56,21.95,16.77,16.6,58.46,128.851,37.84,0.102,1,0,0,0,0,0,0,0,1
2022-02-01 13:00:00,-0.09999999999999964,0.09999999999999964,-0.012345679012345635,1.0,1.0,1.0,1.0,2.0,780,2.0,129.197,129.288,129.165,129.22,2911.0,13.0,53.2,0.139,0.076,0.098,129.397,129.083,20.03,33.86,21.75,21.8,14.39,58.46,128.851,43.4,0.1,0,0,1,0,0,0,0,0,1
2022-02-02 13:00:00,-0.4,0.4,-0.36363636363636365,1.0,-1.0,-1.0,2.0,1.0,780,3.0,129.379,129.453,129.351,129.391,2771.0,13.0,57.36,0.127,0.048,0.052,129.53,128.97,73.88,63.01,18.92,19.36,17.42,60.14,128.971,56.92,0.111,0,1,0,0,0,0,0,0,1
2022-02-02 13:00:00,-0.2999999999999998,0.2999999999999998,-0.07894736842105259,1.0,-1.0,-1.0,2.0,1.0,780,3.0,129.379,129.453,129.351,129.391,2771.0,13.0,57.36,0.127,0.048,0.052,129.53,128.97,73.88,63.01,18.92,19.36,17.42,60.14,128.971,56.92,0.111,0,1,0,0,0,0,0,0,1
2022-02-02 13:00:00,0.09999999999999964,0.09999999999999964,0.016666666666666607,1.0,1.0,1.0,1.0,3.0,780,3.0,129.379,129.453,129.351,129.391,2771.0,13.0,57.36,0.127,0.048,0.052,129.53,128.97,73.88,63.01,18.92,19.36,17.42,60.14,128.971,56.92,0.111,0,1,0,0,0,0,0,0,1
2022-02-02 13:00:00,-0.5,0.5,-0.2777777777777778,1.0,-1.0,-1.0,2.0,2.0,780,3.0,129.379,129.453,129.351,129.391,2771.0,13.0,57.36,0.127,0.048,0.052,129.53,128.97,73.88,63.01,18.92,19.36,17.42,60.14,128.971,56.92,0.111,0,1,0,0,0,0,0,0,1
2022-02-02 13:00:00,-0.40000000000000036,0.40000000000000036,-0.1081081081081082,1.0,-1.0,-1.0,2.0,2.0,780,3.0,129.379,129.453,129.351,129.391,2771.0,13.0,57.36,0.127,0.048,0.052,129.53,128.97,73.88,63.01,18.92,19.36,17.42,60.14,128.971,56.92,0.111,0,1,0,0,0,0,0,0,1
2022-02-02 13:00:00,-0.6000000000000001,0.6000000000000001,-0.5000000000000001,1.0,-1.0,-1.0,2.0,1.0,780,3.0,129.379,129.453,129.351,129.391,2771.0,13.0,57.36,0.127,0.048,0.052,129.53,128.97,73.88,63.01,18.92,19.36,17.42,60.14,128.971,56.92,0.111,0,1,0,0,0,0,0,0,1
2022-02-03 12:00:00,-0.10000000000000142,0.10000000000000142,-0.0019157088122605636,1.0,-1.0,-1.0,2.0,2.0,720,4.0,129.482,129.501,129.417,129.455,1919.0,12.0,56.69,0.119,0.048,0.027,129.518,129.183,63.43,71.08,26.68,19.19,14.05,75.85,129.194,56.39,0.075,1,0,0,0,0,0,0,0,1
2022-02-03 12:00:00,-0.10000000000000142,0.10000000000000142,-0.0018726591760299892,1.0,-1.0,-1.0,2.0,2.0,720,4.0,129.482,129.501,129.417,129.455,1919.0,12.0,56.69,0.119,0.048,0.027,129.518,129.183,63.43,71.08,26.68,19.19,14.05,75.85,129.194,56.39,0.075,1,0,0,0,0,0,0,0,1
2022-02-03 13:00:00,-0.10000000000000009,0.10000000000000009,-0.025000000000000022,1.0,-1.0,-1.0,2.0,1.0,780,4.0,129.455,129.544,129.398,129.54,2132.0,13.0,60.99,0.124,0.055,0.032,129.54,129.194,65.11,67.94,26.54,20.56,12.18,75.85,129.194,45.32,0.076,0,1,0,0,0,0,0,0,1
2022-02-03 13:00:00,1.8999999999999986,1.8999999999999986,0.07509881422924895,1.0,1.0,1.0,1.0,1.0,780,4.0,129.455,129.544,129.398,129.54,2132.0,13.0,60.99,0.124,0.055,0.032,129.54,129.194,65.11,67.94,26.54,20.56,12.18,75.85,129.194,45.32,0.076,0,1,0,0,0,0,0,0,1
2022-02-04 13:00:00,-3.3,3.3,-2.5384615384615383,1.0,-1.0,-1.0,2.0,1.0,780,5.0,131.776,131.926,131.656,131.858,3330.0,13.0,74.24,0.196,0.431,0.5,132.006,131.242,48.33,54.58,62.66,17.88,8.56,85.1,129.912,45.7,0.149,0,0,0,0,0,0,1,0,1
2022-02-04 13:00:00,-1.0,1.0,-0.25,1.0,-1.0,-1.0,2.0,1.0,780,5.0,131.776,131.926,131.656,131.858,3330.0,13.0,74.24,0.196,0.431,0.5,132.006,131.242,48.33,54.58,62.66,17.88,8.56,85.1,129.912,45.7,0.149,0,0,0,0,0,0,1,0,1
2022-02-07 12:30:00,6.700000000000001,6.700000000000001,0.6146788990825689,1.0,1.0,1.0,1.0,1.0,750,1.0,131.396,131.524,131.297,131.361,2417.0,12.0,36.14,0.176,0.005,0.112,132.222,131.472,17.34,23.56,29.16,10.79,31.52,69.02,130.561,31.57,0.121,0,0,0,0,0,1,0,0,1
2022-02-15 13:00:00,0.09999999999999998,0.09999999999999998,0.07142857142857141,1.0,1.0,1.0,1.0,1.0,780,2.0,131.231,131.306,131.181,131.223,3095.0,13.0,62.82,0.182,0.048,-0.078,131.228,130.195,94.39,92.13,23.0,18.63,13.45,50.59,131.578,76.0,0.168,0,0,1,0,0,0,0,0,1
2022-02-15 13:00:00,-1.1999999999999997,1.1999999999999997,-0.2790697674418604,1.0,-1.0,-1.0,2.0,1.0,780,2.0,131.231,131.306,131.181,131.223,3095.0,13.0,62.82,0.182,0.048,-0.078,131.228,130.195,94.39,92.13,23.0,18.63,13.45,50.59,131.578,76.0,0.168,0,0,1,0,0,0,0,0,1
2022-02-15 13:00:00,-7.199999999999999,7.199999999999999,-2.057142857142857,1.0,-1.0,-1.0,2.0,2.0,780,2.0,131.231,131.306,131.181,131.223,3095.0,13.0,62.82,0.182,0.048,-0.078,131.228,130.195,94.39,92.13,23.0,18.63,13.45,50.59,131.578,76.0,0.168,0,0,0,0,0,0,0,1,1
2022-02-15 13:00:00,-15.1,15.1,-1.3130434782608695,1.0,-1.0,-1.0,2.0,2.0,780,2.0,131.231,131.306,131.181,131.223,3095.0,13.0,62.82,0.182,0.048,-0.078,131.228,130.195,94.39,92.13,23.0,18.63,13.45,50.59,131.578,76.0,0.168,0,0,0,0,0,0,0,1,1
2022-02-15 13:05:00,10.200000000000003,10.200000000000003,0.2588832487309645,1.0,1.0,1.0,1.0,2.0,785,2.0,131.231,131.306,131.181,131.223,3095.0,13.0,62.82,0.182,0.048,-0.078,131.228,130.195,94.39,92.13,23.0,18.63,13.45,50.59,131.578,76.0,0.168,0,0,0,0,0,1,0,0,1
2022-02-16 13:00:00,0.7000000000000001,0.7000000000000001,0.368421052631579,1.0,1.0,1.0,1.0,1.0,780,3.0,131.665,131.737,131.586,131.697,2364.0,13.0,64.68,0.151,0.158,0.124,131.723,131.111,55.73,63.83,45.09,25.44,4.28,48.34,131.377,54.57,0.118,1,0,0,0,0,0,0,0,1
2022-02-16 13:00:00,0.5,0.5,0.29411764705882354,1.0,1.0,1.0,1.0,2.0,780,3.0,131.665,131.737,131.586,131.697,2364.0,13.0,64.68,0.151,0.158,0.124,131.723,131.111,55.73,63.83,45.09,25.44,4.28,48.34,131.377,54.57,0.118,1,0,0,0,0,0,0,0,1
2022-02-18 12:00:00,-3.599999999999998,3.599999999999998,-0.1323529411764705,1.0,-1.0,-1.0,2.0,1.0,720,5.0,130.942,130.974,130.857,130.86,3218.0,12.0,49.93,0.16,0.011,-0.028,131.107,130.426,42.43,54.86,25.03,10.0,12.14,41.34,130.998,47.92,0.09,0,0,0,0,0,0,0,1,1
2022-02-18 12:00:00,-9.699999999999996,9.699999999999996,-0.20950323974082066,1.0,-1.0,-1.0,2.0,1.0,720,5.0,130.942,130.974,130.857,130.86,3218.0,12.0,49.93,0.16,0.011,-0.028,131.107,130.426,42.43,54.86,25.03,10.0,12.14,41.34,130.998,47.92,0.09,0,0,0,0,0,0,0,1,1
2022-02-18 13:00:00,-3.3,3.3,-1.9411764705882353,1.0,-1.0,-1.0,2.0,1.0,780,5.0,130.859,130.904,130.742,130.853,2563.0,13.0,49.64,0.167,0.009,-0.016,131.115,130.433,28.17,41.75,26.96,8.67,19.99,41.34,130.998,45.78,0.093,1,0,0,0,0,0,0,0,1
2022-02-18 13:00:00,-7.9,7.9,-1.58,1.0,-1.0,-1.0,2.0,1.0,780,5.0,130.859,130.904,130.742,130.853,2563.0,13.0,49.64,0.167,0.009,-0.016,131.115,130.433,28.17,41.75,26.96,8.67,19.99,41.34,130.998,45.78,0.093,1,0,0,0,0,0,0,0,1
2022-02-18 18:00:00,-0.40000000000000036,0.40000000000000036,-0.042553191489361736,1.0,-1.0,-1.0,2.0,1.0,1080,5.0,130.594,130.603,130.233,130.34,5457.0,18.0,33.45,0.176,-0.079,-0.016,131.149,130.369,26.14,22.13,46.82,4.24,30.86,36.84,130.977,33.17,0.151,0,0,0,0,0,1,0,0,1
2022-02-21 12:00:00,-0.5,0.5,-0.008347245409015025,1.0,-1.0,-1.0,2.0,2.0,720,1.0,130.528,130.536,130.417,130.434,1979.0,12.0,44.82,0.234,-0.023,-0.046,130.864,130.011,13.84,30.16,25.31,17.42,15.7,39.37,130.882,40.52,0.122,1,0,0,0,0,0,0,0,1
2022-02-21 12:00:00,4.599999999999994,4.599999999999994,0.08812260536398456,1.0,1.0,1.0,1.0,2.0,720,1.0,130.528,130.536,130.417,130.434,1979.0,12.0,44.82,0.234,-0.023,-0.046,130.864,130.011,13.84,30.16,25.31,17.42,15.7,39.37,130.882,40.52,0.122,1,0,0,0,0,0,0,0,1
2022-02-21 12:00:00,3.3999999999999986,3.3999999999999986,0.0636704119850187,1.0,1.0,1.0,1.0,2.0,720,1.0,130.528,130.536,130.417,130.434,1979.0,12.0,44.82,0.234,-0.023,-0.046,130.864,130.011,13.84,30.16,25.31,17.42,15.7,39.37,130.882,40.52,0.122,1,0,0,0,0,0,0,0,1
2022-02-23 13:00:00,-0.09999999999999998,0.09999999999999998,-0.05555555555555554,1.0,-1.0,-1.0,2.0,1.0,780,3.0,130.609,130.649,130.505,130.523,2523.0,13.0,56.43,0.148,0.095,0.065,130.654,130.108,81.35,89.27,31.44,19.57,10.83,51.38,130.373,59.28,0.101,0,1,0,0,0,0,0,0,1
2022-02-23 13:00:00,-0.39999999999999997,0.39999999999999997,-0.23529411764705882,1.0,-1.0,-1.0,2.0,1.0,780,3.0,130.609,130.649,130.505,130.523,2523.0,13.0,56.43,0.148,0.095,0.065,130.654,130.108,81.35,89.27,31.44,19.57,10.83,51.38,130.373,59.28,0.101,0,1,0,0,0,0,0,0,1
2022-02-23 13:00:00,-0.10000000000000009,0.10000000000000009,-0.0285714285714286,1.0,-1.0,-1.0,2.0,1.0,780,3.0,130.609,130.649,130.505,130.523,2523.0,13.0,56.43,0.148,0.095,0.065,130.654,130.108,81.35,89.27,31.44,19.57,10.83,51.38,130.373,59.28,0.101,0,1,0,0,0,0,0,0,1
2022-02-25 12:00:00,0.5999999999999996,0.5999999999999996,0.11999999999999993,1.0,1.0,1.0,1.0,1.0,720,5.0,128.943,129.009,128.824,129.002,3925.0,12.0,45.54,0.236,-0.043,-0.011,129.649,128.621,33.03,32.07,22.27,11.29,17.47,51.21,129.721,41.04,0.16,0,0,0,1,0,0,0,0,1
2022-02-25 12:00:00,0.8000000000000003,0.8000000000000003,0.17391304347826095,1.0,1.0,1.0,1.0,1.0,720,5.0,128.943,129.009,128.824,129.002,3925.0,12.0,45.54,0.236,-0.043,-0.011,129.649,128.621,33.03,32.07,22.27,11.29,17.47,51.21,129.721,41.04,0.16,0,0,0,1,0,0,0,0,1
2022-02-25 12:00:00,0.20000000000000018,0.20000000000000018,0.03921568627450984,1.0,1.0,1.0,1.0,2.0,720,5.0,128.943,129.009,128.824,129.002,3925.0,12.0,45.54,0.236,-0.043,-0.011,129.649,128.621,33.03,32.07,22.27,11.29,17.47,51.21,129.721,41.04,0.16,0,0,0,1,0,0,0,0,1
2022-02-25 12:00:00,-0.2999999999999998,0.2999999999999998,-0.03896103896103894,1.0,-1.0,-1.0,2.0,1.0,720,5.0,128.943,129.009,128.824,129.002,3925.0,12.0,45.54,0.236,-0.043,-0.011,129.649,128.621,33.03,32.07,22.27,11.29,17.47,51.21,129.721,41.04,0.16,0,0,0,1,0,0,0,0,1
2022-02-25 13:00:00,-0.5,0.5,-0.03225806451612903,1.0,-1.0,-1.0,2.0,1.0,780,5.0,129.003,129.192,128.9,129.16,4321.0,13.0,50.29,0.234,-0.035,-0.014,129.572,128.772,46.57,38.0,20.51,18.14,15.14,51.21,129.721,43.94,0.161,0,0,0,0,0,1,0,0,1
2022-02-25 13:00:00,2.8000000000000007,2.8000000000000007,0.25000000000000006,1.0,1.0,1.0,1.0,1.0,780,5.0,129.003,129.192,128.9,129.16,4321.0,13.0,50.29,0.234,-0.035,-0.014,129.572,128.772,46.57,38.0,20.51,18.14,15.14,51.21,129.721,43.94,0.161,0,0,0,0,0,1,0,0,1
2022-02-25 13:00:00,2.700000000000003,2.700000000000003,0.07500000000000008,1.0,1.0,1.0,1.0,3.0,780,5.0,129.003,129.192,128.9,129.16,4321.0,13.0,50.29,0.234,-0.035,-0.014,129.572,128.772,46.57,38.0,20.51,18.14,15.14,51.21,129.721,43.94,0.161,0,0,0,0,0,1,0,0,1
2022-02-25 13:00:00,6.199999999999996,6.199999999999996,0.1390134529147981,1.0,1.0,1.0,1.0,1.0,780,5.0,129.003,129.192,128.9,129.16,4321.0,13.0,50.29,0.234,-0.035,-0.014,129.572,128.772,46.57,38.0,20.51,18.14,15.14,51.21,129.721,43.94,0.161,0,0,0,0,0,1,0,0,1
2022-03-01 12:00:00,-0.19999999999999574,0.19999999999999574,-0.0033670033670032953,1.0,-1.0,-1.0,2.0,2.0,720,2.0,128.506,128.546,128.219,128.425,6379.0,12.0,34.95,0.226,-0.138,-0.096,129.373,128.542,25.22,48.5,21.9,12.1,28.06,36.25,129.189,25.13,0.145,1,0,0,0,0,0,0,0,1
2022-03-02 13:00:00,0.8,0.8,0.6153846153846154,1.0,1.0,1.0,1.0,1.0,780,3.0,127.929,127.965,127.761,127.916,5307.0,13.0,45.32,0.225,-0.161,-0.205,128.055,127.542,78.68,60.35,26.91,11.85,20.02,41.77,128.829,56.01,0.205,0,1,0,0,0,0,0,0,1
2022-03-02 13:00:00,0.5,0.5,0.35714285714285715,1.0,1.0,1.0,1.0,2.0,780,3.0,127.929,127.965,127.761,127.916,5307.0,13.0,45.32,0.225,-0.161,-0.205,128.055,127.542,78.68,60.35,26.91,11.85,20.02,41.77,128.829,56.01,0.205,0,1,0,0,0,0,0,0,1
2022-03-02 13:00:00,0.40000000000000036,0.40000000000000036,0.12121212121212133,1.0,1.0,1.0,1.0,2.0,780,3.0,127.929,127.965,127.761,127.916,5307.0,13.0,45.32,0.225,-0.161,-0.205,128.055,127.542,78.68,60.35,26.91,11.85,20.02,41.77,128.829,56.01,0.205,0,1,0,0,0,0,0,0,1
2022-03-02 13:00:00,0.7000000000000002,0.7000000000000002,0.11475409836065577,1.0,1.0,1.0,1.0,3.0,780,3.0,127.929,127.965,127.761,127.916,5307.0,13.0,45.32,0.225,-0.161,-0.205,128.055,127.542,78.68,60.35,26.91,11.85,20.02,41.77,128.829,56.01,0.205,0,1,0,0,0,0,0,0,1
2022-03-02 13:00:00,0.6,0.6,0.6,1.0,1.0,1.0,1.0,1.0,780,3.0,127.929,127.965,127.761,127.916,5307.0,13.0,45.32,0.225,-0.161,-0.205,128.055,127.542,78.68,60.35,26.91,11.85,20.02,41.77,128.829,56.01,0.205,0,1,0,0,0,0,0,0,1
2022-03-02 13:00:00,0.3999999999999999,0.3999999999999999,0.11428571428571425,1.0,1.0,1.0,1.0,1.0,780,3.0,127.929,127.965,127.761,127.916,5307.0,13.0,45.32,0.225,-0.161,-0.205,128.055,127.542,78.68,60.35,26.91,11.85,20.02,41.77,128.829,56.01,0.205,0,1,0,0,0,0,0,0,1
2022-03-03 12:00:00,-0.29999999999999716,0.29999999999999716,-0.005281690140845021,1.0,-1.0,-1.0,2.0,2.0,720,4.0,128.287,128.408,128.243,128.309,2967.0,12.0,50.5,0.166,0.048,0.071,128.656,128.095,36.63,46.28,12.93,12.76,12.16,43.41,128.601,46.28,0.115,1,0,0,0,0,0,0,0,1
2022-03-03 12:00:00,-0.29999999999999716,0.29999999999999716,-0.005281690140845021,1.0,-1.0,-1.0,2.0,2.0,720,4.0,128.287,128.408,128.243,128.309,2967.0,12.0,50.5,0.166,0.048,0.071,128.656,128.095,36.63,46.28,12.93,12.76,12.16,43.41,128.601,46.28,0.115,1,0,0,0,0,0,0,0,1
2022-03-03 13:00:00,-0.10000000000000053,0.10000000000000053,-0.012658227848101333,1.0,1.0,1.0,1.0,2.0,780,4.0,128.309,128.35,128.229,128.342,2848.0,13.0,52.07,0.163,0.044,0.067,128.579,128.216,41.39,39.46,11.8,11.06,12.08,43.41,128.601,42.58,0.116,0,0,1,0,0,0,0,0,1
2022-03-03 13:00:00,1.6,1.6,0.3478260869565218,1.0,1.0,1.0,1.0,1.0,780,4.0,128.309,128.35,128.229,128.342,2848.0,13.0,52.07,0.163,0.044,0.067,128.579,128.216,41.39,39.46,11.8,11.06,12.08,43.41,128.601,42.58,0.116,0,1,0,0,0,0,0,0,1
2022-03-03 13:00:00,2.700000000000003,2.700000000000003,0.09342560553633228,1.0,1.0,1.0,1.0,1.0,780,4.0,128.309,128.35,128.229,128.342,2848.0,13.0,52.07,0.163,0.044,0.067,128.579,128.216,41.39,39.46,11.8,11.06,12.08,43.41,128.601,42.58,0.116,0,1,0,0,0,0,0,0,1
2022-03-04 13:00:00,1.7,1.7,0.6799999999999999,1.0,1.0,1.0,1.0,1.0,780,5.0,126.89,126.957,126.585,126.635,4695.0,13.0,27.41,0.288,-0.307,-0.258,128.072,126.71,9.02,11.84,31.23,9.11,33.36,22.65,128.039,26.3,0.13,0,0,0,0,0,0,1,0,1
2022-03-04 13:00:00,4.4,4.4,1.0,1.0,1.0,1.0,1.0,1.0,780,5.0,126.89,126.957,126.585,126.635,4695.0,13.0,27.41,0.288,-0.307,-0.258,128.072,126.71,9.02,11.84,31.23,9.11,33.36,22.65,128.039,26.3,0.13,0,0,0,0,0,0,1,0,1
2022-03-07 12:30:00,-24.0,24.0,-1.3333333333333333,1.0,-1.0,-1.0,2.0,1.0,750,1.0,124.948,124.955,124.388,124.656,5893.0,12.0,30.22,0.353,-0.469,-0.556,125.669,124.5,25.15,37.55,29.3,13.8,25.66,34.88,127.143,38.9,0.183,0,0,0,0,0,1,0,0,1
2022-03-08 13:00:00,0.10000000000000009,0.10000000000000009,0.03225806451612906,1.0,1.0,1.0,1.0,1.0,780,2.0,125.977,126.107,125.831,125.938,4920.0,13.0,61.22,0.293,0.106,0.019,125.984,124.985,71.54,68.65,23.15,18.0,7.92,47.08,126.592,62.66,0.248,0,0,1,0,0,0,0,0,1
2022-03-15 13:00:00,-0.1,0.1,-0.09090909090909091,1.0,-1.0,-1.0,2.0,2.0,780,2.0,129.759,129.831,129.492,129.497,3389.0,13.0,51.25,0.257,0.207,0.273,130.064,129.156,52.9,57.1,24.05,14.75,20.91,62.44,128.631,51.11,0.156,1,0,0,0,0,0,0,0,1
2022-03-15 13:00:00,-1.3,1.3,-1.3,1.0,-1.0,-1.0,2.0,1.0,780,2.0,129.759,129.831,129.492,129.497,3389.0,13.0,51.25,0.257,0.207,0.273,130.064,129.156,52.9,57.1,24.05,14.75,20.91,62.44,128.631,51.11,0.156,1,0,0,0,0,0,0,0,1
2022-03-15 13:05:00,-88.0,88.0,-1.749502982107356,1.0,-1.0,-1.0,2.0,2.0,785,2.0,129.759,129.831,129.492,129.497,3389.0,13.0,51.25,0.257,0.207,0.273,130.064,129.156,52.9,57.1,24.05,14.75,20.91,62.44,128.631,51.11,0.156,0,0,0,0,0,1,0,0,1
2022-03-17 13:00:00,0.7000000000000002,0.7000000000000002,0.11290322580645164,1.0,1.0,1.0,1.0,1.0,780,4.0,131.006,131.167,130.999,131.102,3156.0,13.0,60.32,0.249,0.248,0.3,131.488,130.447,46.97,47.24,31.19,17.68,14.67,75.99,129.739,54.1,0.157,0,1,0,0,0,0,0,0,1
2022-03-17 13:00:00,0.10000000000000053,0.10000000000000053,0.014705882352941256,1.0,1.0,1.0,1.0,3.0,780,4.0,131.006,131.167,130.999,131.102,3156.0,13.0,60.32,0.249,0.248,0.3,131.488,130.447,46.97,47.24,31.19,17.68,14.67,75.99,129.739,54.1,0.157,0,1,0,0,0,0,0,0,1
2022-03-17 13:00:00,0.4,0.4,0.25,1.0,1.0,1.0,1.0,1.0,780,4.0,131.006,131.167,130.999,131.102,3156.0,13.0,60.32,0.249,0.248,0.3,131.488,130.447,46.97,47.24,31.19,17.68,14.67,75.99,129.739,54.1,0.157,0,1,0,0,0,0,0,0,1
2022-03-18 13:00:00,-9.399999999999999,9.399999999999999,-0.4999999999999999,1.0,-1.0,-1.0,2.0,2.0,780,5.0,131.449,131.472,131.219,131.22,2898.0,13.0,42.3,0.204,0.079,0.16,131.877,131.328,12.98,24.21,18.05,13.35,22.16,68.32,130.494,39.3,0.132,0,0,0,0,0,0,0,1,1
2022-03-18 13:00:00,2.1000000000000005,2.1000000000000005,0.19444444444444448,1.0,1.0,1.0,1.0,2.0,780,5.0,131.449,131.472,131.219,131.22,2898.0,13.0,42.3,0.204,0.079,0.16,131.877,131.328,12.98,24.21,18.05,13.35,22.16,68.32,130.494,39.3,0.132,0,0,0,0,0,0,0,1,1
2022-03-18 13:00:00,0.5999999999999999,0.5999999999999999,0.26086956521739124,1.0,1.0,1.0,1.0,1.0,780,5.0,131.449,131.472,131.219,131.22,2898.0,13.0,42.3,0.204,0.079,0.16,131.877,131.328,12.98,24.21,18.05,13.35,22.16,68.32,130.494,39.3,0.132,0,0,0,0,1,0,0,0,1
2022-03-22 12:00:00,2.5,2.5,0.11848341232227487,1.0,1.0,1.0,1.0,1.0,720,2.0,132.879,133.063,132.801,133.009,4135.0,12.0,84.44,0.221,0.284,0.144,132.821,131.132,96.16,93.09,49.24,38.97,5.93,78.45,131.62,81.19,0.137,0,0,0,0,0,0,0,1,1
2022-03-22 12:00:00,-18.099999999999998,18.099999999999998,-1.0402298850574712,1.0,-1.0,-1.0,2.0,1.0,720,2.0,132.879,133.063,132.801,133.009,4135.0,12.0,84.44,0.221,0.284,0.144,132.821,131.132,96.16,93.09,49.24,38.97,5.93,78.45,131.62,81.19,0.137,0,0,0,0,0,0,0,1,1
2022-03-22 13:00:00,3.4,3.4,2.2666666666666666,1.0,1.0,1.0,1.0,1.0,780,2.0,133.009,133.023,132.584,132.853,4654.0,13.0,76.14,0.245,0.305,0.172,132.947,131.129,89.33,93.89,49.14,33.77,11.73,78.45,131.62,80.13,0.143,1,0,0,0,0,0,0,0,1
2022-03-22 13:00:00,6.6,6.6,1.8857142857142857,1.0,1.0,1.0,1.0,1.0,780,2.0,133.009,133.023,132.584,132.853,4654.0,13.0,76.14,0.245,0.305,0.172,132.947,131.129,89.33,93.89,49.14,33.77,11.73,78.45,131.62,80.13,0.143,1,0,0,0,0,0,0,0,1
2022-03-23 18:00:00,-10.0,10.0,-1.0309278350515465,1.0,-1.0,-1.0,2.0,1.0,1080,3.0,133.156,133.24,133.098,133.201,3170.0,18.0,54.16,0.284,0.012,0.092,134.032,132.501,82.43,52.33,29.72,20.85,22.78,64.53,132.23,61.91,0.166,0,0,0,0,0,1,0,0,1
2022-03-24 12:00:00,-1.3999999999999986,1.3999999999999986,-0.023569023569023545,1.0,-1.0,-1.0,2.0,2.0,720,4.0,133.698,133.744,133.586,133.672,3500.0,12.0,64.14,0.224,0.134,0.077,133.671,132.984,79.48,78.07,26.75,19.44,9.96,69.21,132.633,59.05,0.18,1,0,0,0,0,0,0,0,1
2022-03-24 12:00:00,-0.9000000000000057,0.9000000000000057,-0.015873015873015973,1.0,-1.0,-1.0,2.0,2.0,720,4.0,133.698,133.744,133.586,133.672,3500.0,12.0,64.14,0.224,0.134,0.077,133.671,132.984,79.48,78.07,26.75,19.44,9.96,69.21,132.633,59.05,0.18,1,0,0,0,0,0,0,0,1
2022-03-24 12:00:00,-1.2000000000000028,1.2000000000000028,-0.02116402116402121,1.0,-1.0,-1.0,2.0,2.0,720,4.0,133.698,133.744,133.586,133.672,3500.0,12.0,64.14,0.224,0.134,0.077,133.671,132.984,79.48,78.07,26.75,19.44,9.96,69.21,132.633,59.05,0.18,1,0,0,0,0,0,0,0,1
2022-03-25 12:00:00,-1.2000000000000002,1.2000000000000002,-0.14117647058823532,1.0,-1.0,-1.0,2.0,1.0,720,5.0,133.858,134.078,133.755,134.074,2955.0,12.0,50.39,0.297,0.068,0.174,134.81,133.841,27.19,37.72,24.56,19.06,21.75,67.28,133.297,38.11,0.173,0,0,0,1,0,0,0,0,1
2022-03-25 12:00:00,0.20000000000000018,0.20000000000000018,0.03846153846153849,1.0,1.0,1.0,1.0,2.0,720,5.0,133.858,134.078,133.755,134.074,2955.0,12.0,50.39,0.297,0.068,0.174,134.81,133.841,27.19,37.72,24.56,19.06,21.75,67.28,133.297,38.11,0.173,0,0,0,1,0,0,0,0,1
2022-03-25 12:00:00,-0.20000000000000018,0.20000000000000018,-0.03333333333333336,1.0,-1.0,-1.0,2.0,1.0,720,5.0,133.858,134.078,133.755,134.074,2955.0,12.0,50.39,0.297,0.068,0.174,134.81,133.841,27.19,37.72,24.56,19.06,21.75,67.28,133.297,38.11,0.173,0,0,0,1,0,0,0,0,1
2022-03-30 12:00:00,2.6000000000000014,2.6000000000000014,0.046017699115044275,1.0,1.0,1.0,1.0,1.0,720,3.0,135.674,136.068,135.566,135.856,4670.0,12.0,50.19,0.41,-0.092,-0.058,136.639,135.208,84.69,78.78,17.07,22.56,16.42,54.9,135.258,50.8,0.223,0,0,0,0,0,1,0,0,1
2022-03-30 12:00:00,20.699999999999996,20.699999999999996,0.5162094763092268,1.0,1.0,1.0,1.0,3.0,720,3.0,135.674,136.068,135.566,135.856,4670.0,12.0,50.19,0.41,-0.092,-0.058,136.639,135.208,84.69,78.78,17.07,22.56,16.42,54.9,135.258,50.8,0.223,0,0,0,0,0,1,0,0,1
2022-03-30 12:00:00,-4.900000000000006,4.900000000000006,-0.04283216783216788,1.0,-1.0,-1.0,2.0,2.0,720,3.0,135.674,136.068,135.566,135.856,4670.0,12.0,50.19,0.41,-0.092,-0.058,136.639,135.208,84.69,78.78,17.07,22.56,16.42,54.9,135.258,50.8,0.223,0,0,0,0,0,1,0,0,1
2022-03-30 12:00:00,3.3000000000000007,3.3000000000000007,0.2727272727272728,1.0,1.0,1.0,1.0,1.0,720,3.0,135.674,136.068,135.566,135.856,4670.0,12.0,50.19,0.41,-0.092,-0.058,136.639,135.208,84.69,78.78,17.07,22.56,16.42,54.9,135.258,50.8,0.223,0,0,0,0,0,1,0,0,1
2022-03-30 12:00:00,-3.5999999999999996,3.5999999999999996,-0.23999999999999996,1.0,-1.0,-1.0,2.0,1.0,720,3.0,135.674,136.068,135.566,135.856,4670.0,12.0,50.19,0.41,-0.092,-0.058,136.639,135.208,84.69,78.78,17.07,22.56,16.42,54.9,135.258,50.8,0.223,0,0,0,0,0,1,0,0,1
2022-03-31 12:00:00,0.20000000000000018,0.20000000000000018,0.026315789473684237,1.0,-1.0,-1.0,2.0,2.0,720,4.0,135.976,135.98,135.487,135.504,5375.0,12.0,40.6,0.324,-0.015,0.099,136.697,135.479,25.58,20.47,25.11,16.89,29.76,47.26,135.665,41.15,0.25,0,0,1,0,0,0,0,0,1
2022-04-01 11:00:00,-0.5,0.5,-0.008620689655172414,1.0,-1.0,-1.0,2.0,2.0,660,5.0,135.541,135.83,135.481,135.57,4563.0,11.0,55.33,0.276,0.034,-0.079,135.935,134.252,63.78,64.71,29.52,25.44,16.53,52.51,135.731,64.1,0.191,1,0,0,0,0,0,0,0,1
2022-04-01 12:00:00,1.0,1.0,0.8333333333333334,1.0,1.0,1.0,1.0,1.0,720,5.0,135.564,135.564,135.127,135.387,4703.0,12.0,50.35,0.298,0.03,-0.046,135.962,134.284,52.31,58.56,26.42,22.05,24.98,52.98,135.737,44.63,0.22,0,1,0,0,0,0,0,0,1
2022-04-01 12:00:00,1.6,1.6,0.8421052631578948,1.0,1.0,1.0,1.0,2.0,720,5.0,135.564,135.564,135.127,135.387,4703.0,12.0,50.35,0.298,0.03,-0.046,135.962,134.284,52.31,58.56,26.42,22.05,24.98,52.98,135.737,44.63,0.22,0,1,0,0,0,0,0,0,1
2022-04-01 12:00:00,0.20000000000000018,0.20000000000000018,0.052631578947368474,1.0,1.0,1.0,1.0,2.0,720,5.0,135.564,135.564,135.127,135.387,4703.0,12.0,50.35,0.298,0.03,-0.046,135.962,134.284,52.31,58.56,26.42,22.05,24.98,52.98,135.737,44.63,0.22,0,1,0,0,0,0,0,0,1
2022-04-01 12:00:00,1.2000000000000002,1.2000000000000002,0.16438356164383564,1.0,1.0,1.0,1.0,3.0,720,5.0,135.564,135.564,135.127,135.387,4703.0,12.0,50.35,0.298,0.03,-0.046,135.962,134.284,52.31,58.56,26.42,22.05,24.98,52.98,135.737,44.63,0.22,0,1,0,0,0,0,0,0,1
2022-04-01 12:00:00,0.8,0.8,0.6153846153846154,1.0,1.0,1.0,1.0,1.0,720,5.0,135.564,135.564,135.127,135.387,4703.0,12.0,50.35,0.298,0.03,-0.046,135.962,134.284,52.31,58.56,26.42,22.05,24.98,52.98,135.737,44.63,0.22,0,1,0,0,0,0,0,0,1
2022-04-01 12:00:00,0.20000000000000018,0.20000000000000018,0.050000000000000044,1.0,1.0,1.0,1.0,1.0,720,5.0,135.564,135.564,135.127,135.387,4703.0,12.0,50.35,0.298,0.03,-0.046,135.962,134.284,52.31,58.56,26.42,22.05,24.98,52.98,135.737,44.63,0.22,0,1,0,0,0,0,0,0,1
2022-04-04 11:30:00,-1.6999999999999993,1.6999999999999993,-0.09826589595375718,1.0,-1.0,-1.0,2.0,1.0,690,1.0,135.302,135.361,135.079,135.164,4360.0,11.0,43.08,0.23,-0.013,0.008,135.704,135.118,17.98,38.48,14.92,14.31,21.82,48.29,135.617,36.64,0.131,0,0,0,0,0,1,0,0,1
2022-04-05 11:00:00,0.8000000000000043,0.8000000000000043,0.01433691756272409,1.0,1.0,1.0,1.0,2.0,660,2.0,134.975,135.016,134.65,134.712,3841.0,11.0,47.97,0.2,-0.133,-0.188,135.035,134.288,67.79,58.21,35.41,20.66,11.8,45.09,135.294,77.96,0.138,1,0,0,0,0,0,0,0,1
2022-04-05 11:00:00,0.3999999999999986,0.3999999999999986,0.007207207207207181,1.0,1.0,1.0,1.0,2.0,660,2.0,134.975,135.016,134.65,134.712,3841.0,11.0,47.97,0.2,-0.133,-0.188,135.035,134.288,67.79,58.21,35.41,20.66,11.8,45.09,135.294,77.96,0.138,1,0,0,0,0,0,0,0,1
2022-04-06 12:00:00,0.5999999999999979,0.5999999999999979,0.01886792452830182,1.0,1.0,1.0,1.0,1.0,720,3.0,135.219,135.247,135.02,135.145,3832.0,12.0,61.09,0.197,0.073,0.043,135.143,134.692,73.65,62.17,18.46,19.89,11.71,55.7,135.017,53.13,0.142,0,1,0,0,0,0,0,0,1
2022-04-06 12:00:00,-3.4,3.4,-0.6181818181818182,1.0,-1.0,-1.0,2.0,1.0,720,3.0,135.219,135.247,135.02,135.145,3832.0,12.0,61.09,0.197,0.073,0.043,135.143,134.692,73.65,62.17,18.46,19.89,11.71,55.7,135.017,53.13,0.142,0,1,0,0,0,0,0,0,1
2022-04-07 12:00:00,-0.10000000000000003,0.10000000000000003,-0.07142857142857145,1.0,-1.0,-1.0,2.0,1.0,720,4.0,134.607,134.817,134.42,134.754,3755.0,12.0,43.81,0.215,-0.036,-0.012,135.172,134.677,25.09,39.39,17.55,13.32,23.76,54.62,134.946,35.95,0.136,0,0,0,0,0,0,1,0,1
2022-04-07 12:00:00,0.7999999999999998,0.7999999999999998,0.1538461538461538,1.0,1.0,1.0,1.0,1.0,720,4.0,134.607,134.817,134.42,134.754,3755.0,12.0,43.81,0.215,-0.036,-0.012,135.172,134.677,25.09,39.39,17.55,13.32,23.76,54.62,134.946,35.95,0.136,0,0,0,0,0,0,1,0,1
2022-04-12 12:05:00,-43.2,43.2,-36.00000000000001,1.0,-1.0,-1.0,2.0,2.0,725,2.0,136.461,136.624,136.451,136.593,3014.0,12.0,59.93,0.194,0.091,0.111,136.703,136.277,66.41,64.34,16.77,22.79,14.83,56.73,135.502,58.35,0.138,0,0,0,0,0,1,0,0,1
2022-04-20 12:00:00,-1.0,1.0,-0.10638297872340426,1.0,-1.0,-1.0,2.0,2.0,720,3.0,139.187,139.259,138.606,139.004,6082.0,12.0,54.55,0.365,0.252,0.359,139.579,138.67,69.94,69.07,21.56,17.22,23.56,64.92,137.5,44.05,0.157,0,0,0,0,0,0,0,1,1
2022-04-20 12:00:00,9.700000000000001,9.700000000000001,0.5300546448087432,1.0,1.0,1.0,1.0,2.0,720,3.0,139.187,139.259,138.606,139.004,6082.0,12.0,54.55,0.365,0.252,0.359,139.579,138.67,69.94,69.07,21.56,17.22,23.56,64.92,137.5,44.05,0.157,0,0,0,0,0,0,0,1,1
2022-04-20 12:00:00,1.2,1.2,0.7999999999999999,1.0,1.0,1.0,1.0,2.0,720,3.0,139.187,139.259,138.606,139.004,6082.0,12.0,54.55,0.365,0.252,0.359,139.579,138.67,69.94,69.07,21.56,17.22,23.56,64.92,137.5,44.05,0.157,1,0,0,0,0,0,0,0,1
2022-04-20 12:00:00,1.8,1.8,1.5,1.0,1.0,1.0,1.0,1.0,720,3.0,139.187,139.259,138.606,139.004,6082.0,12.0,54.55,0.365,0.252,0.359,139.579,138.67,69.94,69.07,21.56,17.22,23.56,64.92,137.5,44.05,0.157,1,0,0,0,0,0,0,0,1
2022-04-21 12:00:00,-0.10000000000000009,0.10000000000000009,-0.0285714285714286,1.0,-1.0,-1.0,2.0,2.0,720,4.0,139.867,139.996,139.68,139.783,3607.0,12.0,68.09,0.331,0.25,0.126,139.873,138.164,86.34,87.25,38.42,23.2,11.72,67.79,138.143,70.96,0.184,0,1,0,0,0,0,0,0,1
2022-04-21 12:00:00,-0.10000000000000009,0.10000000000000009,-0.025000000000000022,1.0,-1.0,-1.0,2.0,2.0,720,4.0,139.867,139.996,139.68,139.783,3607.0,12.0,68.09,0.331,0.25,0.126,139.873,138.164,86.34,87.25,38.42,23.2,11.72,67.79,138.143,70.96,0.184,0,1,0,0,0,0,0,0,1
2022-04-21 12:00:00,-0.09999999999999964,0.09999999999999964,-0.0117647058823529,1.0,-1.0,-1.0,2.0,3.0,720,4.0,139.867,139.996,139.68,139.783,3607.0,12.0,68.09,0.331,0.25,0.126,139.873,138.164,86.34,87.25,38.42,23.2,11.72,67.79,138.143,70.96,0.184,0,1,0,0,0,0,0,0,1
2022-04-21 12:00:00,1.4,1.4,0.6666666666666666,1.0,1.0,1.0,1.0,1.0,720,4.0,139.867,139.996,139.68,139.783,3607.0,12.0,68.09,0.331,0.25,0.126,139.873,138.164,86.34,87.25,38.42,23.2,11.72,67.79,138.143,70.96,0.184,0,1,0,0,0,0,0,0,1
2022-04-21 12:00:00,1.1999999999999993,1.1999999999999993,0.16216216216216206,1.0,1.0,1.0,1.0,1.0,720,4.0,139.867,139.996,139.68,139.783,3607.0,12.0,68.09,0.331,0.25,0.126,139.873,138.164,86.34,87.25,38.42,23.2,11.72,67.79,138.143,70.96,0.184,0,1,0,0,0,0,0,0,1
2022-04-21 17:00:00,2.0,2.0,0.10050251256281408,1.0,1.0,1.0,1.0,1.0,1020,4.0,139.635,139.647,139.307,139.35,5664.0,17.0,53.31,0.317,0.207,0.217,140.052,138.426,29.66,34.6,23.08,16.07,22.12,66.04,138.263,51.11,0.157,0,0,0,0,0,1,0,0,1
2022-04-22 11:00:00,1.0999999999999943,1.0999999999999943,0.019748653500897564,1.0,1.0,1.0,1.0,2.0,660,5.0,138.404,138.579,138.331,138.503,5044.0,11.0,34.76,0.232,-0.148,-0.02,139.784,138.423,11.64,7.31,32.21,10.11,34.26,50.35,138.652,31.95,0.196,1,0,0,0,0,0,0,0,1
2022-04-22 11:00:00,2.8000000000000043,2.8000000000000043,0.050089445438282726,1.0,1.0,1.0,1.0,2.0,660,5.0,138.404,138.579,138.331,138.503,5044.0,11.0,34.76,0.232,-0.148,-0.02,139.784,138.423,11.64,7.31,32.21,10.11,34.26,50.35,138.652,31.95,0.196,1,0,0,0,0,0,0,0,1
2022-04-22 11:00:00,3.6000000000000014,3.6000000000000014,0.19780219780219788,1.0,1.0,1.0,1.0,1.0,660,5.0,138.404,138.579,138.331,138.503,5044.0,11.0,34.76,0.232,-0.148,-0.02,139.784,138.423,11.64,7.31,32.21,10.11,34.26,50.35,138.652,31.95,0.196,0,0,0,0,0,0,0,1,1
2022-04-22 11:00:00,-0.1999999999999993,0.1999999999999993,-0.015873015873015817,1.0,-1.0,-1.0,2.0,1.0,660,5.0,138.404,138.579,138.331,138.503,5044.0,11.0,34.76,0.232,-0.148,-0.02,139.784,138.423,11.64,7.31,32.21,10.11,34.26,50.35,138.652,31.95,0.196,0,0,0,0,0,0,0,1,1
2022-04-22 11:00:00,-1.5,1.5,-0.025951557093425608,1.0,-1.0,-1.0,2.0,2.0,660,5.0,138.404,138.579,138.331,138.503,5044.0,11.0,34.76,0.232,-0.148,-0.02,139.784,138.423,11.64,7.31,32.21,10.11,34.26,50.35,138.652,31.95,0.196,1,0,0,0,0,0,0,0,1
2022-04-25 12:00:00,1.5,1.5,1.0714285714285714,1.0,1.0,1.0,1.0,1.0,720,1.0,137.666,137.734,137.447,137.583,5114.0,12.0,34.47,0.393,-0.328,-0.171,139.541,137.428,33.63,26.16,28.61,12.82,20.04,40.86,138.925,35.99,0.296,1,0,0,0,0,0,0,0,1
2022-04-25 12:00:00,-5.9,5.9,-0.3619631901840491,1.0,-1.0,-1.0,2.0,1.0,720,1.0,137.666,137.734,137.447,137.583,5114.0,12.0,34.47,0.393,-0.328,-0.171,139.541,137.428,33.63,26.16,28.61,12.82,20.04,40.86,138.925,35.99,0.296,1,0,0,0,0,0,0,0,1
2022-04-29 11:00:00,-1.2000000000000002,1.2000000000000002,-0.14117647058823532,1.0,-1.0,-1.0,2.0,1.0,660,5.0,137.339,137.686,137.031,137.516,6788.0,11.0,58.59,0.232,0.164,0.22,137.734,137.198,50.81,40.81,12.2,15.75,16.03,55.01,136.572,39.04,0.166,0,0,0,1,0,0,0,0,1
2022-04-29 11:00:00,0.20000000000000018,0.20000000000000018,0.03773584905660381,1.0,1.0,1.0,1.0,2.0,660,5.0,137.339,137.686,137.031,137.516,6788.0,11.0,58.59,0.232,0.164,0.22,137.734,137.198,50.81,40.81,12.2,15.75,16.03,55.01,136.572,39.04,0.166,0,0,0,1,0,0,0,0,1
2022-04-29 11:00:00,-0.7000000000000002,0.7000000000000002,-0.11864406779661019,1.0,-1.0,-1.0,2.0,1.0,660,5.0,137.339,137.686,137.031,137.516,6788.0,11.0,58.59,0.232,0.164,0.22,137.734,137.198,50.81,40.81,12.2,15.75,16.03,55.01,136.572,39.04,0.166,0,0,0,1,0,0,0,0,1
2022-04-29 11:00:00,-0.2999999999999998,0.2999999999999998,-0.04999999999999997,1.0,-1.0,-1.0,2.0,1.0,660,5.0,137.339,137.686,137.031,137.516,6788.0,11.0,58.59,0.232,0.164,0.22,137.734,137.198,50.81,40.81,12.2,15.75,16.03,55.01,136.572,39.04,0.166,0,0,0,1,0,0,0,0,1
2022-04-29 12:00:00,0.40000000000000036,0.40000000000000036,0.0714285714285715,1.0,1.0,1.0,1.0,2.0,720,5.0,137.518,137.987,137.511,137.853,6262.0,12.0,65.24,0.257,0.188,0.209,137.795,137.165,70.17,52.72,13.61,22.08,13.89,49.93,136.544,61.92,0.198,1,0,0,0,0,0,0,0,1
2022-04-29 12:00:00,0.6000000000000001,0.6000000000000001,0.13953488372093026,1.0,1.0,1.0,1.0,1.0,720,5.0,137.518,137.987,137.511,137.853,6262.0,12.0,65.24,0.257,0.188,0.209,137.795,137.165,70.17,52.72,13.61,22.08,13.89,49.93,136.544,61.92,0.198,0,1,0,0,0,0,0,0,1
2022-04-29 12:00:00,0.3999999999999999,0.3999999999999999,0.22222222222222215,1.0,1.0,1.0,1.0,1.0,720,5.0,137.518,137.987,137.511,137.853,6262.0,12.0,65.24,0.257,0.188,0.209,137.795,137.165,70.17,52.72,13.61,22.08,13.89,49.93,136.544,61.92,0.198,0,1,0,0,0,0,0,0,1
2022-04-29 12:00:00,-0.09999999999999998,0.09999999999999998,-0.0769230769230769,1.0,-1.0,-1.0,2.0,2.0,720,5.0,137.518,137.987,137.511,137.853,6262.0,12.0,65.24,0.257,0.188,0.209,137.795,137.165,70.17,52.72,13.61,22.08,13.89,49.93,136.544,61.92,0.198,1,0,0,0,0,0,0,0,1
2022-04-29 12:00:00,-1.2000000000000002,1.2000000000000002,-0.42857142857142866,1.0,-1.0,-1.0,2.0,2.0,720,5.0,137.518,137.987,137.511,137.853,6262.0,12.0,65.24,0.257,0.188,0.209,137.795,137.165,70.17,52.72,13.61,22.08,13.89,49.93,136.544,61.92,0.198,0,1,0,0,0,0,0,0,1
2022-04-29 12:00:00,0.5,0.5,0.125,1.0,1.0,1.0,1.0,2.0,720,5.0,137.518,137.987,137.511,137.853,6262.0,12.0,65.24,0.257,0.188,0.209,137.795,137.165,70.17,52.72,13.61,22.08,13.89,49.93,136.544,61.92,0.198,0,1,0,0,0,0,0,0,1
2022-04-29 12:00:00,0.20000000000000007,0.20000000000000007,0.10526315789473688,1.0,1.0,1.0,1.0,1.0,720,5.0,137.518,137.987,137.511,137.853,6262.0,12.0,65.24,0.257,0.188,0.209,137.795,137.165,70.17,52.72,13.61,22.08,13.89,49.93,136.544,61.92,0.198,0,1,0,0,0,0,0,0,1
2022-04-29 12:00:00,-0.5,0.5,-0.05555555555555555,1.0,-1.0,-1.0,2.0,3.0,720,5.0,137.518,137.987,137.511,137.853,6262.0,12.0,65.24,0.257,0.188,0.209,137.795,137.165,70.17,52.72,13.61,22.08,13.89,49.93,136.544,61.92,0.198,0,1,0,0,0,0,0,0,1
2022-05-02 11:00:00,0.20000000000000284,0.20000000000000284,0.0035523978685613297,1.0,1.0,1.0,1.0,2.0,660,1.0,137.067,137.118,136.838,136.949,5458.0,11.0,46.36,0.281,-0.001,-0.019,137.333,136.685,38.92,62.97,27.0,21.3,14.92,49.27,136.538,43.57,0.149,1,0,0,0,0,0,0,0,1
2022-05-02 12:00:00,-4.299999999999999,4.299999999999999,-0.3257575757575757,1.0,-1.0,-1.0,2.0,1.0,720,1.0,136.949,137.038,136.611,136.739,4807.0,12.0,41.94,0.297,-0.029,-0.017,137.339,136.65,14.07,37.15,23.94,18.46,20.02,47.44,136.577,36.44,0.171,0,0,0,0,0,1,0,0,1
2022-05-02 12:00:00,-0.3000000000000007,0.3000000000000007,-0.020270270270270316,1.0,-1.0,-1.0,2.0,1.0,720,1.0,136.949,137.038,136.611,136.739,4807.0,12.0,41.94,0.297,-0.029,-0.017,137.339,136.65,14.07,37.15,23.94,18.46,20.02,47.44,136.577,36.44,0.171,0,0,0,0,0,1,0,0,1
2022-05-02 12:00:00,-6.200000000000003,6.200000000000003,-0.05525846702317293,1.0,-1.0,-1.0,2.0,2.0,720,1.0,136.949,137.038,136.611,136.739,4807.0,12.0,41.94,0.297,-0.029,-0.017,137.339,136.65,14.07,37.15,23.94,18.46,20.02,47.44,136.577,36.44,0.171,0,0,0,0,0,1,0,0,1
2022-05-02 12:00:00,-5.100000000000001,5.100000000000001,-0.2849162011173185,1.0,-1.0,-1.0,2.0,1.0,720,1.0,136.949,137.038,136.611,136.739,4807.0,12.0,41.94,0.297,-0.029,-0.017,137.339,136.65,14.07,37.15,23.94,18.46,20.02,47.44,136.577,36.44,0.171,0,0,0,0,0,1,0,0,1
2022-05-02 12:00:00,-16.700000000000003,16.700000000000003,-0.24667651403249635,1.0,-1.0,-1.0,2.0,3.0,720,1.0,136.949,137.038,136.611,136.739,4807.0,12.0,41.94,0.297,-0.029,-0.017,137.339,136.65,14.07,37.15,23.94,18.46,20.02,47.44,136.577,36.44,0.171,0,0,0,0,0,1,0,0,1
2022-05-02 12:00:00,-5.0,5.0,-0.07485029940119761,1.0,-1.0,-1.0,2.0,1.0,720,1.0,136.949,137.038,136.611,136.739,4807.0,12.0,41.94,0.297,-0.029,-0.017,137.339,136.65,14.07,37.15,23.94,18.46,20.02,47.44,136.577,36.44,0.171,0,0,0,0,0,1,0,0,1
2022-05-03 12:00:00,2.5999999999999996,2.5999999999999996,0.7027027027027025,1.0,1.0,1.0,1.0,1.0,720,2.0,136.643,136.848,136.543,136.841,4311.0,12.0,50.63,0.221,-0.045,-0.065,137.022,136.528,44.53,42.99,16.32,14.44,11.97,55.16,136.882,38.42,0.156,0,1,0,0,0,0,0,0,1
2022-05-03 12:00:00,3.5999999999999943,3.5999999999999943,0.10526315789473667,1.0,1.0,1.0,1.0,1.0,720,2.0,136.643,136.848,136.543,136.841,4311.0,12.0,50.63,0.221,-0.045,-0.065,137.022,136.528,44.53,42.99,16.32,14.44,11.97,55.16,136.882,38.42,0.156,0,1,0,0,0,0,0,0,1
2022-05-03 12:00:00,0.20000000000000018,0.20000000000000018,0.026315789473684237,1.0,-1.0,-1.0,2.0,2.0,720,2.0,136.643,136.848,136.543,136.841,4311.0,12.0,50.63,0.221,-0.045,-0.065,137.022,136.528,44.53,42.99,16.32,14.44,11.97,55.16,136.882,38.42,0.156,0,0,1,0,0,0,0,0,1
2022-05-04 12:00:00,-3.9000000000000004,3.9000000000000004,-0.6842105263157895,1.0,-1.0,-1.0,2.0,1.0,720,3.0,136.856,136.991,136.789,136.842,3130.0,12.0,46.89,0.147,-0.01,0.008,137.067,136.803,49.5,44.75,15.89,10.26,11.12,52.47,137.021,50.06,0.13,0,0,0,0,0,0,1,0,1
2022-05-04 12:00:00,-0.8,0.8,-0.5714285714285715,1.0,-1.0,-1.0,2.0,1.0,720,3.0,136.856,136.991,136.789,136.842,3130.0,12.0,46.89,0.147,-0.01,0.008,137.067,136.803,49.5,44.75,15.89,10.26,11.12,52.47,137.021,50.06,0.13,0,0,0,0,0,0,1,0,1
2022-05-09 11:30:00,11.299999999999997,11.299999999999997,0.32378223495701997,1.0,1.0,1.0,1.0,1.0,690,1.0,137.92,137.998,137.712,137.849,5000.0,11.0,56.54,0.221,0.068,0.05,137.982,137.485,68.02,70.05,23.83,22.77,11.58,61.59,137.317,60.75,0.13,0,0,0,0,0,1,0,0,1
2022-05-10 12:05:00,11.5,11.5,0.27380952380952384,1.0,1.0,1.0,1.0,2.0,725,2.0,137.52,137.696,137.145,137.241,4905.0,12.0,39.21,0.32,-0.045,-0.008,138.006,137.284,17.83,31.7,21.46,14.18,27.61,45.04,137.504,49.27,0.188,0,0,0,0,0,1,0,0,1
2022-05-13 12:00:00,-1.5,1.5,-1.1538461538461537,1.0,-1.0,-1.0,2.0,2.0,720,5.0,134.065,134.065,133.63,133.664,4954.0,12.0,42.09,0.368,-0.247,-0.397,134.404,132.693,61.43,60.1,28.06,13.81,20.57,30.64,136.06,49.32,0.217,1,0,0,0,0,0,0,0,1
2022-05-13 12:00:00,-1.1,1.1,-0.8461538461538461,1.0,-1.0,-1.0,2.0,1.0,720,5.0,134.065,134.065,133.63,133.664,4954.0,12.0,42.09,0.368,-0.247,-0.397,134.404,132.693,61.43,60.1,28.06,13.81,20.57,30.64,136.06,49.32,0.217,1,0,0,0,0,0,0,0,1
2022-05-16 12:00:00,-11.000000000000002,11.000000000000002,-1.4473684210526319,1.0,-1.0,-1.0,2.0,2.0,720,1.0,134.981,135.044,134.702,134.708,3248.0,12.0,56.1,0.392,0.087,0.047,134.966,133.99,83.56,75.95,19.97,22.94,11.46,44.94,135.333,62.68,0.207,0,0,0,0,0,0,0,1,1
2022-05-16 12:00:00,-7.899999999999999,7.899999999999999,-0.8315789473684209,1.0,-1.0,-1.0,2.0,2.0,720,1.0,134.981,135.044,134.702,134.708,3248.0,12.0,56.1,0.392,0.087,0.047,134.966,133.99,83.56,75.95,19.97,22.94,11.46,44.94,135.333,62.68,0.207,0,0,0,0,0,0,0,1,1
2022-05-17 12:00:00,0.09999999999999964,0.09999999999999964,0.016666666666666607,1.0,1.0,1.0,1.0,2.0,720,2.0,135.717,135.733,135.414,135.43,3900.0,12.0,62.43,0.276,0.244,0.171,135.604,134.21,76.12,79.7,38.76,24.74,4.71,62.41,134.818,57.76,0.2,1,0,0,0,0,0,0,0,1
2022-05-17 12:00:00,0.3,0.3,0.25,1.0,1.0,1.0,1.0,1.0,720,2.0,135.717,135.733,135.414,135.43,3900.0,12.0,62.43,0.276,0.244,0.171,135.604,134.21,76.12,79.7,38.76,24.74,4.71,62.41,134.818,57.76,0.2,0,0,1,0,0,0,0,0,1
2022-05-17 12:00:00,1.2000000000000002,1.2000000000000002,0.5000000000000001,1.0,1.0,1.0,1.0,1.0,720,2.0,135.717,135.733,135.414,135.43,3900.0,12.0,62.43,0.276,0.244,0.171,135.604,134.21,76.12,79.7,38.76,24.74,4.71,62.41,134.818,57.76,0.2,0,0,1,0,0,0,0,0,1
2022-05-17 12:00:00,0.09999999999999998,0.09999999999999998,0.08333333333333331,1.0,1.0,1.0,1.0,2.0,720,2.0,135.717,135.733,135.414,135.43,3900.0,12.0,62.43,0.276,0.244,0.171,135.604,134.21,76.12,79.7,38.76,24.74,4.71,62.41,134.818,57.76,0.2,1,0,0,0,0,0,0,0,1
2022-05-18 12:00:00,-0.7000000000000011,0.7000000000000011,-0.07526881720430119,1.0,-1.0,-1.0,2.0,1.0,720,3.0,135.785,135.939,135.722,135.926,3310.0,12.0,49.21,0.245,0.082,0.201,136.679,135.765,47.82,46.5,29.56,10.35,22.9,50.45,134.921,37.25,0.161,0,1,0,0,0,0,0,0,1
2022-05-18 12:00:00,-1.2999999999999998,1.2999999999999998,-0.44827586206896547,1.0,-1.0,-1.0,2.0,1.0,720,3.0,135.785,135.939,135.722,135.926,3310.0,12.0,49.21,0.245,0.082,0.201,136.679,135.765,47.82,46.5,29.56,10.35,22.9,50.45,134.921,37.25,0.161,0,1,0,0,0,0,0,0,1
2022-05-18 12:00:00,-0.10000000000000009,0.10000000000000009,-0.04761904761904766,1.0,-1.0,-1.0,2.0,1.0,720,3.0,135.785,135.939,135.722,135.926,3310.0,12.0,49.21,0.245,0.082,0.201,136.679,135.765,47.82,46.5,29.56,10.35,22.9,50.45,134.921,37.25,0.161,0,1,0,0,0,0,0,0,1
2022-05-18 12:00:00,-0.09999999999999964,0.09999999999999964,-0.0117647058823529,1.0,-1.0,-1.0,2.0,3.0,720,3.0,135.785,135.939,135.722,135.926,3310.0,12.0,49.21,0.245,0.082,0.201,136.679,135.765,47.82,46.5,29.56,10.35,22.9,50.45,134.921,37.25,0.161,0,1,0,0,0,0,0,0,1
2022-05-19 11:00:00,-15.9,15.9,-1.0392156862745099,1.0,-1.0,-1.0,2.0,1.0,660,4.0,134.536,134.545,134.119,134.207,7356.0,11.0,36.85,0.39,-0.213,-0.26,135.386,133.809,17.9,32.22,31.74,17.66,30.32,40.9,135.121,36.94,0.234,0,0,0,0,0,0,0,1,1
2022-05-19 11:00:00,-17.6,17.6,-0.6446886446886447,1.0,-1.0,-1.0,2.0,1.0,660,4.0,134.536,134.545,134.119,134.207,7356.0,11.0,36.85,0.39,-0.213,-0.26,135.386,133.809,17.9,32.22,31.74,17.66,30.32,40.9,135.121,36.94,0.234,0,0,0,0,0,0,0,1,1
2022-05-19 12:00:00,0.2,0.2,0.16666666666666669,1.0,1.0,1.0,1.0,1.0,720,4.0,134.204,134.348,133.925,133.994,6089.0,12.0,34.14,0.404,-0.253,-0.24,135.308,133.763,14.21,19.62,32.29,15.3,32.39,39.69,135.127,33.7,0.251,1,0,0,0,0,0,0,0,1
2022-05-19 12:00:00,6.699999999999999,6.699999999999999,1.5227272727272725,1.0,1.0,1.0,1.0,1.0,720,4.0,134.204,134.348,133.925,133.994,6089.0,12.0,34.14,0.404,-0.253,-0.24,135.308,133.763,14.21,19.62,32.29,15.3,32.39,39.69,135.127,33.7,0.251,1,0,0,0,0,0,0,0,1
2022-05-20 17:00:00,-1.3000000000000007,1.3000000000000007,-0.06250000000000003,1.0,-1.0,-1.0,2.0,1.0,1020,5.0,135.336,135.396,135.069,135.123,6993.0,17.0,49.06,0.404,0.079,0.11,135.642,134.865,26.4,31.91,19.94,13.47,17.84,45.77,135.271,44.37,0.195,0,0,0,0,0,1,0,0,1
2022-05-24 11:00:00,-1.0,1.0,-0.01773049645390071,1.0,-1.0,-1.0,2.0,2.0,660,2.0,136.582,136.615,136.303,136.414,6586.0,11.0,55.46,0.263,0.169,0.235,136.845,136.036,62.83,46.97,24.27,20.0,16.87,58.59,135.312,56.26,0.191,1,0,0,0,0,0,0,0,1
2022-05-24 11:00:00,-1.6000000000000014,1.6000000000000014,-0.02716468590831921,1.0,-1.0,-1.0,2.0,2.0,660,2.0,136.582,136.615,136.303,136.414,6586.0,11.0,55.46,0.263,0.169,0.235,136.845,136.036,62.83,46.97,24.27,20.0,16.87,58.59,135.312,56.26,0.191,1,0,0,0,0,0,0,0,1
2022-05-24 11:00:00,-0.8000000000000043,0.8000000000000043,-0.01410934744268085,1.0,-1.0,-1.0,2.0,2.0,660,2.0,136.582,136.615,136.303,136.414,6586.0,11.0,55.46,0.263,0.169,0.235,136.845,136.036,62.83,46.97,24.27,20.0,16.87,58.59,135.312,56.26,0.191,1,0,0,0,0,0,0,0,1
2022-05-27 11:00:00,-1.0999999999999996,1.0999999999999996,-0.13580246913580243,1.0,-1.0,-1.0,2.0,1.0,660,5.0,136.491,136.539,136.232,136.321,4561.0,11.0,52.07,0.211,0.092,0.109,136.512,136.23,39.62,45.62,13.24,19.78,18.17,54.74,136.117,50.38,0.122,0,0,0,1,0,0,0,0,1
2022-05-27 11:00:00,0.09999999999999964,0.09999999999999964,0.01851851851851845,1.0,1.0,1.0,1.0,2.0,660,5.0,136.491,136.539,136.232,136.321,4561.0,11.0,52.07,0.211,0.092,0.109,136.512,136.23,39.62,45.62,13.24,19.78,18.17,54.74,136.117,50.38,0.122,0,0,0,1,0,0,0,0,1
2022-05-27 11:00:00,0.9000000000000004,0.9000000000000004,0.16981132075471705,1.0,1.0,1.0,1.0,1.0,660,5.0,136.491,136.539,136.232,136.321,4561.0,11.0,52.07,0.211,0.092,0.109,136.512,136.23,39.62,45.62,13.24,19.78,18.17,54.74,136.117,50.38,0.122,0,0,0,1,0,0,0,0,1
2022-05-27 11:00:00,0.8999999999999995,0.8999999999999995,0.16666666666666655,1.0,1.0,1.0,1.0,1.0,660,5.0,136.491,136.539,136.232,136.321,4561.0,11.0,52.07,0.211,0.092,0.109,136.512,136.23,39.62,45.62,13.24,19.78,18.17,54.74,136.117,50.38,0.122,0,0,0,1,0,0,0,0,1
2022-05-30 12:00:00,-2.1000000000000014,2.1000000000000014,-0.03547297297297299,1.0,-1.0,-1.0,2.0,1.0,720,1.0,137.01,137.162,136.985,137.041,3503.0,12.0,70.67,0.208,0.168,0.098,136.99,135.998,86.44,81.52,38.82,37.33,6.72,65.99,136.18,71.51,0.146,0,0,0,0,0,1,0,0,1
2022-05-30 12:00:00,-11.399999999999999,11.399999999999999,-0.196551724137931,1.0,-1.0,-1.0,2.0,3.0,720,1.0,137.01,137.162,136.985,137.041,3503.0,12.0,70.67,0.208,0.168,0.098,136.99,135.998,86.44,81.52,38.82,37.33,6.72,65.99,136.18,71.51,0.146,0,0,0,0,0,1,0,0,1
2022-05-30 12:00:00,-2.8999999999999995,2.8999999999999995,-0.28431372549019607,1.0,-1.0,-1.0,2.0,1.0,720,1.0,137.01,137.162,136.985,137.041,3503.0,12.0,70.67,0.208,0.168,0.098,136.99,135.998,86.44,81.52,38.82,37.33,6.72,65.99,136.18,71.51,0.146,0,0,0,0,0,1,0,0,1
2022-05-30 12:00:00,-1.7000000000000028,1.7000000000000028,-0.01578458681522751,1.0,-1.0,-1.0,2.0,2.0,720,1.0,137.01,137.162,136.985,137.041,3503.0,12.0,70.67,0.208,0.168,0.098,136.99,135.998,86.44,81.52,38.82,37.33,6.72,65.99,136.18,71.51,0.146,0,0,0,0,0,1,0,0,1
2022-05-31 12:00:00,-0.6000000000000001,0.6000000000000001,-0.28571428571428575,1.0,-1.0,-1.0,2.0,1.0,720,2.0,137.236,137.414,137.174,137.206,5175.0,12.0,45.11,0.236,0.086,0.205,137.869,137.184,25.36,25.39,30.13,14.94,21.31,61.71,136.605,42.49,0.169,0,1,0,0,0,0,0,0,1
2022-05-31 12:00:00,0.20000000000000007,0.20000000000000007,0.12500000000000003,1.0,1.0,1.0,1.0,2.0,720,2.0,137.236,137.414,137.174,137.206,5175.0,12.0,45.11,0.236,0.086,0.205,137.869,137.184,25.36,25.39,30.13,14.94,21.31,61.71,136.605,42.49,0.169,0,1,0,0,0,0,0,0,1
2022-05-31 12:00:00,0.19999999999999973,0.19999999999999973,0.04347826086956516,1.0,1.0,1.0,1.0,2.0,720,2.0,137.236,137.414,137.174,137.206,5175.0,12.0,45.11,0.236,0.086,0.205,137.869,137.184,25.36,25.39,30.13,14.94,21.31,61.71,136.605,42.49,0.169,0,1,0,0,0,0,0,0,1
2022-05-31 12:00:00,0.1999999999999993,0.1999999999999993,0.02247191011235947,1.0,1.0,1.0,1.0,3.0,720,2.0,137.236,137.414,137.174,137.206,5175.0,12.0,45.11,0.236,0.086,0.205,137.869,137.184,25.36,25.39,30.13,14.94,21.31,61.71,136.605,42.49,0.169,0,1,0,0,0,0,0,0,1
2022-05-31 12:00:00,-0.5,0.5,-0.22727272727272727,1.0,-1.0,-1.0,2.0,1.0,720,2.0,137.236,137.414,137.174,137.206,5175.0,12.0,45.11,0.236,0.086,0.205,137.869,137.184,25.36,25.39,30.13,14.94,21.31,61.71,136.605,42.49,0.169,0,1,0,0,0,0,0,0,1
2022-05-31 12:00:00,0.3000000000000007,0.3000000000000007,0.05882352941176485,1.0,1.0,1.0,1.0,1.0,720,2.0,137.236,137.414,137.174,137.206,5175.0,12.0,45.11,0.236,0.086,0.205,137.869,137.184,25.36,25.39,30.13,14.94,21.31,61.71,136.605,42.49,0.169,0,1,0,0,0,0,0,0,1
2022-06-01 11:00:00,0.20000000000000284,0.20000000000000284,0.0036101083032491488,1.0,1.0,1.0,1.0,2.0,660,3.0,138.657,138.902,138.635,138.777,5597.0,11.0,72.12,0.206,0.297,0.266,138.785,137.723,72.74,76.52,66.16,28.29,2.28,74.1,137.107,59.09,0.161,1,0,0,0,0,0,0,0,1
2022-06-01 12:00:00,0.09999999999999964,0.09999999999999964,0.012987012987012941,1.0,-1.0,-1.0,2.0,2.0,720,3.0,138.777,138.805,138.641,138.744,3985.0,12.0,70.56,0.206,0.299,0.271,138.84,137.754,64.19,69.49,68.68,24.52,1.97,72.81,137.218,63.48,0.169,0,0,1,0,0,0,0,0,1
2022-06-02 12:00:00,-3.0999999999999996,3.0999999999999996,-0.5849056603773585,1.0,-1.0,-1.0,2.0,1.0,720,4.0,138.779,138.812,138.602,138.699,2862.0,12.0,58.52,0.179,0.092,0.09,138.778,138.455,65.42,72.61,18.6,21.94,20.9,69.5,137.796,53.21,0.118,0,1,0,0,0,0,0,0,1
2022-06-02 12:00:00,-1.5,1.5,-0.03778337531486146,1.0,-1.0,-1.0,2.0,1.0,720,4.0,138.779,138.812,138.602,138.699,2862.0,12.0,58.52,0.179,0.092,0.09,138.778,138.455,65.42,72.61,18.6,21.94,20.9,69.5,137.796,53.21,0.118,0,1,0,0,0,0,0,0,1
2022-06-03 11:00:00,-0.10000000000000142,0.10000000000000142,-0.001788908765652977,1.0,-1.0,-1.0,2.0,2.0,660,5.0,139.707,139.851,139.624,139.768,3125.0,11.0,73.6,0.149,0.227,0.252,139.9,139.179,73.99,64.81,41.18,26.36,11.15,77.41,138.438,59.8,0.101,1,0,0,0,0,0,0,0,1
2022-06-03 11:00:00,-0.19999999999999574,0.19999999999999574,-0.0034904013961604844,1.0,-1.0,-1.0,2.0,2.0,660,5.0,139.707,139.851,139.624,139.768,3125.0,11.0,73.6,0.149,0.227,0.252,139.9,139.179,73.99,64.81,41.18,26.36,11.15,77.41,138.438,59.8,0.101,1,0,0,0,0,0,0,0,1
2022-06-03 12:00:00,-0.5,0.5,-0.2777777777777778,1.0,-1.0,-1.0,2.0,1.0,720,5.0,139.768,139.828,139.714,139.807,3148.0,12.0,74.76,0.147,0.225,0.245,139.872,139.285,76.06,72.88,41.09,22.85,9.67,78.04,138.542,59.28,0.111,0,0,0,0,0,0,1,0,1
2022-06-03 12:00:00,-0.6000000000000001,0.6000000000000001,-0.10909090909090911,1.0,-1.0,-1.0,2.0,1.0,720,5.0,139.768,139.828,139.714,139.807,3148.0,12.0,74.76,0.147,0.225,0.245,139.872,139.285,76.06,72.88,41.09,22.85,9.67,78.04,138.542,59.28,0.111,0,0,0,0,0,0,1,0,1
2022-06-07 11:30:00,5.899999999999999,5.899999999999999,0.2599118942731277,1.0,1.0,1.0,1.0,1.0,690,2.0,141.896,142.0,141.722,141.767,5219.0,11.0,68.46,0.247,0.405,0.38,142.205,140.382,59.25,70.24,58.81,22.97,5.5,77.66,139.877,67.4,0.144,0,0,0,0,0,1,0,0,1
2022-06-08 12:00:00,0.09999999999999998,0.09999999999999998,0.06666666666666665,1.0,1.0,1.0,1.0,1.0,720,3.0,142.929,143.24,142.746,143.202,4802.0,12.0,81.99,0.253,0.359,0.276,142.97,141.457,93.84,91.25,44.9,36.59,6.57,85.99,140.98,64.37,0.163,0,0,1,0,0,0,0,0,1
2022-06-08 12:00:00,0.2999999999999998,0.2999999999999998,0.08333333333333329,1.0,1.0,1.0,1.0,1.0,720,3.0,142.929,143.24,142.746,143.202,4802.0,12.0,81.99,0.253,0.359,0.276,142.97,141.457,93.84,91.25,44.9,36.59,6.57,85.99,140.98,64.37,0.163,0,0,1,0,0,0,0,0,1
2022-06-08 12:00:00,0.3,0.3,0.23076923076923075,1.0,1.0,1.0,1.0,2.0,720,3.0,142.929,143.24,142.746,143.202,4802.0,12.0,81.99,0.253,0.359,0.276,142.97,141.457,93.84,91.25,44.9,36.59,6.57,85.99,140.98,64.37,0.163,1,0,0,0,0,0,0,0,1
2022-06-08 12:00:00,0.3000000000000007,0.3000000000000007,0.049180327868852576,1.0,1.0,1.0,1.0,2.0,720,3.0,142.929,143.24,142.746,143.202,4802.0,12.0,81.99,0.253,0.359,0.276,142.97,141.457,93.84,91.25,44.9,36.59,6.57,85.99,140.98,64.37,0.163,1,0,0,0,0,0,0,0,1
2022-06-14 12:05:00,-3.6999999999999993,3.6999999999999993,-0.1462450592885375,1.0,-1.0,-1.0,2.0,2.0,725,2.0,140.431,140.46,140.043,140.054,6807.0,12.0,42.53,0.31,-0.102,-0.23,140.689,139.433,50.45,74.8,25.37,16.59,20.36,43.7,141.824,50.13,0.183,0,0,0,0,0,1,0,0,1
2022-06-15 12:00:00,-16.299999999999997,16.299999999999997,-0.9939024390243901,1.0,-1.0,-1.0,2.0,2.0,720,3.0,141.174,141.239,140.88,141.056,7170.0,12.0,54.87,0.375,0.153,0.175,141.481,140.381,54.35,56.01,17.07,16.14,14.53,41.43,141.101,49.58,0.269,0,0,0,0,0,0,0,1,1
2022-06-15 12:00:00,-9.599999999999998,9.599999999999998,-0.403361344537815,1.0,-1.0,-1.0,2.0,2.0,720,3.0,141.174,141.239,140.88,141.056,7170.0,12.0,54.87,0.375,0.153,0.175,141.481,140.381,54.35,56.01,17.07,16.14,14.53,41.43,141.101,49.58,0.269,0,0,0,0,0,0,0,1,1
2022-06-15 12:00:00,0.10000000000000003,0.10000000000000003,0.07692307692307694,1.0,1.0,1.0,1.0,2.0,720,3.0,141.174,141.239,140.88,141.056,7170.0,12.0,54.87,0.375,0.153,0.175,141.481,140.381,54.35,56.01,17.07,16.14,14.53,41.43,141.101,49.58,0.269,1,0,0,0,0,0,0,0,1
2022-06-15 12:00:00,-2.6,2.6,-1.625,1.0,-1.0,-1.0,2.0,1.0,720,3.0,141.174,141.239,140.88,141.056,7170.0,12.0,54.87,0.375,0.153,0.175,141.481,140.381,54.35,56.01,17.07,16.14,14.53,41.43,141.101,49.58,0.269,1,0,0,0,0,0,0,0,1
2022-06-16 12:00:00,1.8000000000000003,1.8000000000000003,0.7500000000000001,1.0,1.0,1.0,1.0,1.0,720,4.0,138.676,138.767,137.841,138.308,10548.0,12.0,20.72,0.417,-0.352,-0.153,140.91,138.789,13.5,9.46,38.47,7.83,43.22,31.33,140.413,21.37,0.307,0,0,0,0,1,0,0,0,1
2022-06-16 12:00:00,1.5000000000000002,1.5000000000000002,0.6818181818181819,1.0,1.0,1.0,1.0,2.0,720,4.0,138.676,138.767,137.841,138.308,10548.0,12.0,20.72,0.417,-0.352,-0.153,140.91,138.789,13.5,9.46,38.47,7.83,43.22,31.33,140.413,21.37,0.307,0,0,1,0,0,0,0,0,1
2022-06-17 12:00:00,-0.10000000000000142,0.10000000000000142,-0.010752688172043163,1.0,-1.0,-1.0,2.0,1.0,720,5.0,141.512,141.973,141.487,141.757,7736.0,12.0,70.9,0.612,0.502,0.316,142.007,138.454,81.62,76.02,44.84,27.26,5.68,56.16,140.25,66.9,0.31,0,1,0,0,0,0,0,0,1
2022-06-17 12:00:00,-0.30000000000000004,0.30000000000000004,-0.14285714285714288,1.0,-1.0,-1.0,2.0,1.0,720,5.0,141.512,141.973,141.487,141.757,7736.0,12.0,70.9,0.612,0.502,0.316,142.007,138.454,81.62,76.02,44.84,27.26,5.68,56.16,140.25,66.9,0.31,0,1,0,0,0,0,0,0,1
2022-06-20 12:00:00,-1.2000000000000002,1.2000000000000002,-1.090909090909091,1.0,-1.0,-1.0,2.0,1.0,720,1.0,141.834,142.104,141.82,141.988,4878.0,12.0,59.32,0.32,0.272,0.323,142.165,141.328,43.21,48.44,28.22,26.28,13.44,60.31,140.648,54.98,0.195,1,0,0,0,0,0,0,0,1
2022-06-20 12:00:00,12.6,12.6,1.1886792452830188,1.0,1.0,1.0,1.0,1.0,720,1.0,141.834,142.104,141.82,141.988,4878.0,12.0,59.32,0.32,0.272,0.323,142.165,141.328,43.21,48.44,28.22,26.28,13.44,60.31,140.648,54.98,0.195,1,0,0,0,0,0,0,0,1
2022-06-21 11:00:00,-10.2,10.2,-1.8888888888888886,1.0,-1.0,-1.0,2.0,1.0,660,2.0,142.752,143.147,142.703,143.138,5975.0,11.0,73.95,0.244,0.232,0.162,142.779,141.635,93.02,70.44,20.07,34.48,15.88,68.53,140.943,80.99,0.138,0,0,0,0,0,0,0,1,1
2022-06-21 11:00:00,-19.0,19.0,-1.3013698630136987,1.0,-1.0,-1.0,2.0,1.0,660,2.0,142.752,143.147,142.703,143.138,5975.0,11.0,73.95,0.244,0.232,0.162,142.779,141.635,93.02,70.44,20.07,34.48,15.88,68.53,140.943,80.99,0.138,0,0,0,0,0,0,0,1,1
2022-06-22 17:00:00,-2.200000000000003,2.200000000000003,-0.09821428571428585,1.0,-1.0,-1.0,2.0,1.0,1020,3.0,143.449,144.066,143.317,143.96,8932.0,17.0,66.64,0.401,0.082,0.045,144.086,142.624,75.75,61.68,23.33,26.25,16.24,66.89,142.251,56.9,0.229,0,0,0,0,0,1,0,0,1
2022-06-23 11:00:00,-2.5,2.5,-0.04504504504504504,1.0,-1.0,-1.0,2.0,2.0,660,4.0,142.232,142.668,141.887,142.121,8549.0,11.0,31.88,0.438,-0.188,0.011,144.643,142.41,26.02,37.77,30.7,14.43,27.81,46.02,142.698,38.5,0.245,1,0,0,0,0,0,0,0,1
2022-06-23 11:00:00,-2.4000000000000057,2.4000000000000057,-0.04270462633451967,1.0,-1.0,-1.0,2.0,2.0,660,4.0,142.232,142.668,141.887,142.121,8549.0,11.0,31.88,0.438,-0.188,0.011,144.643,142.41,26.02,37.77,30.7,14.43,27.81,46.02,142.698,38.5,0.245,1,0,0,0,0,0,0,0,1
2022-06-23 11:00:00,-2.3000000000000043,2.3000000000000043,-0.04166666666666674,1.0,-1.0,-1.0,2.0,2.0,660,4.0,142.232,142.668,141.887,142.121,8549.0,11.0,31.88,0.438,-0.188,0.011,144.643,142.41,26.02,37.77,30.7,14.43,27.81,46.02,142.698,38.5,0.245,1,0,0,0,0,0,0,0,1
2022-06-29 11:00:00,-0.10000000000000053,0.10000000000000053,-0.014925373134328438,1.0,-1.0,-1.0,2.0,1.0,660,3.0,143.051,143.202,142.94,143.127,10972.0,11.0,48.45,0.298,-0.091,-0.049,143.651,142.776,44.39,28.67,16.85,15.99,20.83,53.39,142.741,53.11,0.234,0,0,0,1,0,0,0,0,1
2022-06-29 11:00:00,1.0,1.0,0.1724137931034483,1.0,1.0,1.0,1.0,1.0,660,3.0,143.051,143.202,142.94,143.127,10972.0,11.0,48.45,0.298,-0.091,-0.049,143.651,142.776,44.39,28.67,16.85,15.99,20.83,53.39,142.741,53.11,0.234,0,0,0,1,0,0,0,0,1
2022-06-29 11:00:00,0.40000000000000036,0.40000000000000036,0.06349206349206354,1.0,1.0,1.0,1.0,1.0,660,3.0,143.051,143.202,142.94,143.127,10972.0,11.0,48.45,0.298,-0.091,-0.049,143.651,142.776,44.39,28.67,16.85,15.99,20.83,53.39,142.741,53.11,0.234,0,0,0,1,0,0,0,0,1
2022-06-29 12:00:00,2.6000000000000014,2.6000000000000014,0.053278688524590195,1.0,1.0,1.0,1.0,1.0,720,3.0,143.128,143.562,143.12,143.48,11104.0,12.0,56.1,0.317,-0.054,-0.054,143.65,142.777,71.99,48.27,16.68,24.71,18.05,60.05,142.821,59.77,0.224,0,0,0,0,0,1,0,0,1
2022-06-29 12:00:00,-6.899999999999999,6.899999999999999,-0.13663366336633662,1.0,-1.0,-1.0,2.0,3.0,720,3.0,143.128,143.562,143.12,143.48,11104.0,12.0,56.1,0.317,-0.054,-0.054,143.65,142.777,71.99,48.27,16.68,24.71,18.05,60.05,142.821,59.77,0.224,0,0,0,0,0,1,0,0,1
2022-06-29 12:00:00,-1.799999999999999,1.799999999999999,-0.17647058823529402,1.0,-1.0,-1.0,2.0,1.0,720,3.0,143.128,143.562,143.12,143.48,11104.0,12.0,56.1,0.317,-0.054,-0.054,143.65,142.777,71.99,48.27,16.68,24.71,18.05,60.05,142.821,59.77,0.224,0,0,0,0,0,1,0,0,1
2022-06-29 12:00:00,0.9000000000000004,0.9000000000000004,0.06040268456375841,1.0,1.0,1.0,1.0,1.0,720,3.0,143.128,143.562,143.12,143.48,11104.0,12.0,56.1,0.317,-0.054,-0.054,143.65,142.777,71.99,48.27,16.68,24.71,18.05,60.05,142.821,59.77,0.224,0,0,0,0,0,1,0,0,1
2022-06-29 12:00:00,-1.0,1.0,-0.009433962264150943,1.0,-1.0,-1.0,2.0,2.0,720,3.0,143.128,143.562,143.12,143.48,11104.0,12.0,56.1,0.317,-0.054,-0.054,143.65,142.777,71.99,48.27,16.68,24.71,18.05,60.05,142.821,59.77,0.224,0,0,0,0,0,1,0,0,1
2022-06-30 12:00:00,-0.20000000000000018,0.20000000000000018,-0.025641025641025664,1.0,1.0,1.0,1.0,2.0,720,4.0,142.244,142.294,141.988,142.099,8878.0,12.0,29.22,0.268,-0.222,-0.174,143.14,142.101,38.1,34.1,27.89,13.37,30.06,35.58,142.913,35.75,0.261,0,0,1,0,0,0,0,0,1
2022-07-01 11:00:00,0.10000000000000142,0.10000000000000142,0.0018867924528302156,1.0,1.0,1.0,1.0,2.0,660,5.0,141.348,141.874,141.231,141.727,10727.0,11.0,45.25,0.353,-0.272,-0.211,142.703,141.03,54.01,34.35,26.24,19.52,20.98,42.12,142.802,53.28,0.208,1,0,0,0,0,0,0,0,1
2022-07-01 12:00:00,-0.9000000000000001,0.9000000000000001,-0.4285714285714286,1.0,-1.0,-1.0,2.0,1.0,720,5.0,141.726,141.924,141.519,141.835,9959.0,12.0,47.97,0.366,-0.236,-0.227,142.705,141.055,80.88,55.16,22.88,18.57,18.18,35.23,142.704,57.57,0.224,0,1,0,0,0,0,0,0,1
2022-07-01 12:00:00,-0.8999999999999999,0.8999999999999999,-0.33333333333333326,1.0,-1.0,-1.0,2.0,2.0,720,5.0,141.726,141.924,141.519,141.835,9959.0,12.0,47.97,0.366,-0.236,-0.227,142.705,141.055,80.88,55.16,22.88,18.57,18.18,35.23,142.704,57.57,0.224,0,1,0,0,0,0,0,0,1
2022-07-01 12:00:00,-0.19999999999999973,0.19999999999999973,-0.040816326530612186,1.0,-1.0,-1.0,2.0,2.0,720,5.0,141.726,141.924,141.519,141.835,9959.0,12.0,47.97,0.366,-0.236,-0.227,142.705,141.055,80.88,55.16,22.88,18.57,18.18,35.23,142.704,57.57,0.224,0,1,0,0,0,0,0,0,1
2022-07-01 12:00:00,-0.9,0.9,-0.391304347826087,1.0,-1.0,-1.0,2.0,1.0,720,5.0,141.726,141.924,141.519,141.835,9959.0,12.0,47.97,0.366,-0.236,-0.227,142.705,141.055,80.88,55.16,22.88,18.57,18.18,35.23,142.704,57.57,0.224,0,1,0,0,0,0,0,0,1
2022-07-04 11:30:00,-25.2,25.2,-11.454545454545453,1.0,-1.0,-1.0,2.0,1.0,690,1.0,141.277,141.285,141.016,141.247,11078.0,11.0,52.67,0.249,-0.08,-0.183,141.339,140.499,72.52,77.06,25.04,22.78,13.1,42.5,142.191,49.74,0.169,0,0,0,0,0,1,0,0,1
2022-07-04 12:00:00,-2.4000000000000004,2.4000000000000004,-0.5853658536585368,1.0,-1.0,-1.0,2.0,1.0,720,1.0,141.247,141.665,141.238,141.447,9970.0,12.0,57.78,0.266,-0.044,-0.159,141.426,140.473,73.16,75.1,27.99,31.61,11.36,45.69,142.104,60.41,0.179,0,1,0,0,0,0,0,0,1
2022-07-04 12:00:00,0.8999999999999986,0.8999999999999986,0.024725274725274686,1.0,1.0,1.0,1.0,1.0,720,1.0,141.247,141.665,141.238,141.447,9970.0,12.0,57.78,0.266,-0.044,-0.159,141.426,140.473,73.16,75.1,27.99,31.61,11.36,45.69,142.104,60.41,0.179,0,1,0,0,0,0,0,0,1
2022-07-05 11:00:00,0.10000000000000142,0.10000000000000142,0.001890359168241993,1.0,1.0,1.0,1.0,2.0,660,2.0,141.186,141.198,139.819,140.019,18443.0,11.0,26.66,0.403,0.007,0.17,142.624,140.625,12.9,40.83,33.83,25.68,32.91,35.27,141.744,20.94,0.238,1,0,0,0,0,0,0,0,1
2022-07-05 11:00:00,0.20000000000000284,0.20000000000000284,0.003717472118959161,1.0,1.0,1.0,1.0,2.0,660,2.0,141.186,141.198,139.819,140.019,18443.0,11.0,26.66,0.403,0.007,0.17,142.624,140.625,12.9,40.83,33.83,25.68,32.91,35.27,141.744,20.94,0.238,1,0,0,0,0,0,0,0,1
2022-07-06 12:00:00,-0.09999999999999998,0.09999999999999998,-0.0769230769230769,1.0,-1.0,-1.0,2.0,1.0,720,3.0,138.515,138.583,138.228,138.342,12567.0,12.0,31.27,0.401,-0.497,-0.521,139.645,138.393,31.15,46.53,27.08,13.49,23.04,25.41,140.675,36.23,0.307,0,0,0,0,0,0,1,0,1
2022-07-06 12:00:00,-4.1,4.1,-0.7735849056603773,1.0,-1.0,-1.0,2.0,1.0,720,3.0,138.515,138.583,138.228,138.342,12567.0,12.0,31.27,0.401,-0.497,-0.521,139.645,138.393,31.15,46.53,27.08,13.49,23.04,25.41,140.675,36.23,0.307,0,0,0,0,0,0,1,0,1
2022-07-12 12:05:00,-18.300000000000004,18.300000000000004,-0.5414201183431955,1.0,-1.0,-1.0,2.0,2.0,725,2.0,137.351,137.383,137.024,137.074,12327.0,12.0,28.96,0.287,-0.287,-0.246,138.603,137.049,13.22,27.85,35.72,12.02,26.92,36.4,138.188,35.59,0.205,0,0,0,0,0,1,0,0,1
2022-07-13 12:00:00,0.5,0.5,0.3846153846153846,1.0,1.0,1.0,1.0,2.0,720,3.0,137.663,137.725,137.551,137.6,5324.0,12.0,51.68,0.268,-0.01,-0.058,137.768,137.164,48.89,48.87,14.53,12.63,12.32,45.33,137.981,57.86,0.209,1,0,0,0,0,0,0,0,1
2022-07-13 12:00:00,3.0,3.0,1.25,1.0,1.0,1.0,1.0,1.0,720,3.0,137.663,137.725,137.551,137.6,5324.0,12.0,51.68,0.268,-0.01,-0.058,137.768,137.164,48.89,48.87,14.53,12.63,12.32,45.33,137.981,57.86,0.209,1,0,0,0,0,0,0,0,1
2022-07-15 12:00:00,14.600000000000001,14.600000000000001,0.3509615384615385,1.0,1.0,1.0,1.0,2.0,720,5.0,139.248,139.472,139.225,139.397,7136.0,12.0,56.08,0.261,0.139,0.18,139.552,138.929,78.69,57.96,22.22,16.98,17.21,62.43,138.287,54.42,0.194,0,0,0,0,0,0,0,1,1
2022-07-15 12:00:00,-0.3000000000000007,0.3000000000000007,-0.011111111111111138,1.0,-1.0,-1.0,2.0,2.0,720,5.0,139.248,139.472,139.225,139.397,7136.0,12.0,56.08,0.261,0.139,0.18,139.552,138.929,78.69,57.96,22.22,16.98,17.21,62.43,138.287,54.42,0.194,0,0,0,0,0,0,0,1,1
2022-07-19 12:00:00,-0.3999999999999986,0.3999999999999986,-0.039215686274509665,1.0,-1.0,-1.0,2.0,1.0,720,2.0,141.081,141.187,140.698,141.021,9713.0,12.0,67.83,0.33,0.211,0.083,141.051,139.495,93.17,93.29,22.99,20.17,14.71,65.86,139.505,63.24,0.255,0,1,0,0,0,0,0,0,1
2022-07-19 12:00:00,0.30000000000000004,0.30000000000000004,0.27272727272727276,1.0,1.0,1.0,1.0,1.0,720,2.0,141.081,141.187,140.698,141.021,9713.0,12.0,67.83,0.33,0.211,0.083,141.051,139.495,93.17,93.29,22.99,20.17,14.71,65.86,139.505,63.24,0.255,1,0,0,0,0,0,0,0,1
2022-07-19 12:00:00,12.8,12.8,1.1743119266055047,1.0,1.0,1.0,1.0,1.0,720,2.0,141.081,141.187,140.698,141.021,9713.0,12.0,67.83,0.33,0.211,0.083,141.051,139.495,93.17,93.29,22.99,20.17,14.71,65.86,139.505,63.24,0.255,1,0,0,0,0,0,0,0,1
2022-07-19 12:00:00,-0.19999999999999996,0.19999999999999996,-0.09999999999999998,1.0,-1.0,-1.0,2.0,1.0,720,2.0,141.081,141.187,140.698,141.021,9713.0,12.0,67.83,0.33,0.211,0.083,141.051,139.495,93.17,93.29,22.99,20.17,14.71,65.86,139.505,63.24,0.255,0,1,0,0,0,0,0,0,1
2022-07-20 11:00:00,6.999999999999998,6.999999999999998,0.2991452991452991,1.0,1.0,1.0,1.0,1.0,660,3.0,141.252,141.587,141.154,141.444,10076.0,11.0,57.62,0.269,0.208,0.259,141.619,141.094,37.5,44.31,16.59,19.14,14.51,68.35,140.101,48.63,0.194,0,0,0,0,0,0,0,1,1
2022-07-20 11:00:00,-8.9,8.9,-1.6481481481481481,1.0,-1.0,-1.0,2.0,1.0,660,3.0,141.252,141.587,141.154,141.444,10076.0,11.0,57.62,0.269,0.208,0.259,141.619,141.094,37.5,44.31,16.59,19.14,14.51,68.35,140.101,48.63,0.194,0,0,0,0,0,0,0,1,1
2022-07-20 17:00:00,-2.8999999999999986,2.8999999999999986,-0.11553784860557763,1.0,-1.0,-1.0,2.0,1.0,1020,3.0,141.058,141.292,140.963,141.031,9972.0,17.0,48.11,0.397,0.038,0.145,141.749,140.838,40.3,30.75,13.07,15.19,13.77,59.09,140.261,50.81,0.236,0,0,0,0,0,1,0,0,1
2022-07-22 11:00:00,-2.3999999999999986,2.3999999999999986,-0.045283018867924504,1.0,-1.0,-1.0,2.0,2.0,660,5.0,139.492,140.013,139.426,139.747,11510.0,11.0,37.12,0.336,-0.254,-0.218,141.039,139.676,27.91,53.22,15.18,16.18,16.85,42.34,140.789,28.77,0.206,1,0,0,0,0,0,0,0,1
2022-07-22 11:00:00,-0.7999999999999972,0.7999999999999972,-0.01526717557251903,1.0,-1.0,-1.0,2.0,2.0,660,5.0,139.492,140.013,139.426,139.747,11510.0,11.0,37.12,0.336,-0.254,-0.218,141.039,139.676,27.91,53.22,15.18,16.18,16.85,42.34,140.789,28.77,0.206,1,0,0,0,0,0,0,0,1
2022-07-22 11:00:00,-1.2000000000000028,1.2000000000000028,-0.023255813953488427,1.0,-1.0,-1.0,2.0,2.0,660,5.0,139.492,140.013,139.426,139.747,11510.0,11.0,37.12,0.336,-0.254,-0.218,141.039,139.676,27.91,53.22,15.18,16.18,16.85,42.34,140.789,28.77,0.206,1,0,0,0,0,0,0,0,1
2022-07-27 11:00:00,0.7000000000000002,0.7000000000000002,0.1166666666666667,1.0,1.0,1.0,1.0,1.0,660,3.0,138.89,138.991,138.651,138.743,6431.0,11.0,45.38,0.201,-0.047,-0.089,139.198,138.106,29.85,38.21,32.51,16.03,17.13,40.32,139.517,45.0,0.142,0,0,0,1,0,0,0,0,1
2022-07-27 11:00:00,-0.10000000000000053,0.10000000000000053,-0.0175438596491229,1.0,-1.0,-1.0,2.0,2.0,660,3.0,138.89,138.991,138.651,138.743,6431.0,11.0,45.38,0.201,-0.047,-0.089,139.198,138.106,29.85,38.21,32.51,16.03,17.13,40.32,139.517,45.0,0.142,0,0,0,1,0,0,0,0,1
2022-07-27 11:00:00,1.2000000000000002,1.2000000000000002,0.18181818181818185,1.0,1.0,1.0,1.0,1.0,660,3.0,138.89,138.991,138.651,138.743,6431.0,11.0,45.38,0.201,-0.047,-0.089,139.198,138.106,29.85,38.21,32.51,16.03,17.13,40.32,139.517,45.0,0.142,0,0,0,1,0,0,0,0,1
2022-07-27 11:00:00,-0.20000000000000018,0.20000000000000018,-0.02739726027397263,1.0,-1.0,-1.0,2.0,1.0,660,3.0,138.89,138.991,138.651,138.743,6431.0,11.0,45.38,0.201,-0.047,-0.089,139.198,138.106,29.85,38.21,32.51,16.03,17.13,40.32,139.517,45.0,0.142,0,0,0,1,0,0,0,0,1
2022-07-28 12:00:00,-2.6000000000000014,2.6000000000000014,-0.056034482758620725,1.0,-1.0,-1.0,2.0,3.0,720,4.0,138.224,138.228,137.455,137.498,8517.0,12.0,25.9,0.344,-0.233,-0.139,139.634,137.685,24.72,52.06,22.75,11.14,24.97,27.57,138.951,37.92,0.185,0,0,0,0,0,1,0,0,1
2022-07-28 12:00:00,-5.400000000000006,5.400000000000006,-0.05123339658444028,1.0,-1.0,-1.0,2.0,2.0,720,4.0,138.224,138.228,137.455,137.498,8517.0,12.0,25.9,0.344,-0.233,-0.139,139.634,137.685,24.72,52.06,22.75,11.14,24.97,27.57,138.951,37.92,0.185,0,0,0,0,0,1,0,0,1
2022-07-28 12:00:00,-2.8999999999999986,2.8999999999999986,-0.05918367346938773,1.0,-1.0,-1.0,2.0,1.0,720,4.0,138.224,138.228,137.455,137.498,8517.0,12.0,25.9,0.344,-0.233,-0.139,139.634,137.685,24.72,52.06,22.75,11.14,24.97,27.57,138.951,37.92,0.185,0,0,0,0,0,1,0,0,1
2022-07-28 12:00:00,-3.4000000000000004,3.4000000000000004,-0.43037974683544306,1.0,-1.0,-1.0,2.0,1.0,720,4.0,138.224,138.228,137.455,137.498,8517.0,12.0,25.9,0.344,-0.233,-0.139,139.634,137.685,24.72,52.06,22.75,11.14,24.97,27.57,138.951,37.92,0.185,0,0,0,0,0,1,0,0,1
2022-07-28 12:00:00,-3.8000000000000007,3.8000000000000007,-0.2451612903225807,1.0,-1.0,-1.0,2.0,1.0,720,4.0,138.224,138.228,137.455,137.498,8517.0,12.0,25.9,0.344,-0.233,-0.139,139.634,137.685,24.72,52.06,22.75,11.14,24.97,27.57,138.951,37.92,0.185,0,0,0,0,0,1,0,0,1
2022-07-29 12:00:00,0.39999999999999997,0.39999999999999997,0.24999999999999997,1.0,1.0,1.0,1.0,1.0,720,5.0,135.926,136.183,135.805,136.081,8803.0,12.0,33.51,0.381,-0.485,-0.439,137.431,135.622,44.69,26.76,28.6,16.42,21.0,33.42,138.27,48.89,0.245,0,1,0,0,0,0,0,0,1
2022-07-29 12:00:00,-0.19999999999999998,0.19999999999999998,-0.15384615384615383,1.0,-1.0,-1.0,2.0,2.0,720,5.0,135.926,136.183,135.805,136.081,8803.0,12.0,33.51,0.381,-0.485,-0.439,137.431,135.622,44.69,26.76,28.6,16.42,21.0,33.42,138.27,48.89,0.245,0,1,0,0,0,0,0,0,1
2022-07-29 12:00:00,0.20000000000000018,0.20000000000000018,0.041666666666666706,1.0,1.0,1.0,1.0,2.0,720,5.0,135.926,136.183,135.805,136.081,8803.0,12.0,33.51,0.381,-0.485,-0.439,137.431,135.622,44.69,26.76,28.6,16.42,21.0,33.42,138.27,48.89,0.245,0,1,0,0,0,0,0,0,1
2022-07-29 12:00:00,-0.1999999999999993,0.1999999999999993,-0.019801980198019733,1.0,-1.0,-1.0,2.0,3.0,720,5.0,135.926,136.183,135.805,136.081,8803.0,12.0,33.51,0.381,-0.485,-0.439,137.431,135.622,44.69,26.76,28.6,16.42,21.0,33.42,138.27,48.89,0.245,0,1,0,0,0,0,0,0,1
2022-07-29 12:00:00,0.29999999999999993,0.29999999999999993,0.21428571428571425,1.0,1.0,1.0,1.0,2.0,720,5.0,135.926,136.183,135.805,136.081,8803.0,12.0,33.51,0.381,-0.485,-0.439,137.431,135.622,44.69,26.76,28.6,16.42,21.0,33.42,138.27,48.89,0.245,1,0,0,0,0,0,0,0,1
2022-07-29 12:00:00,-1.2999999999999998,1.2999999999999998,-0.20634920634920634,1.0,-1.0,-1.0,2.0,2.0,720,5.0,135.926,136.183,135.805,136.081,8803.0,12.0,33.51,0.381,-0.485,-0.439,137.431,135.622,44.69,26.76,28.6,16.42,21.0,33.42,138.27,48.89,0.245,1,0,0,0,0,0,0,0,1
2022-07-29 12:00:00,0.30000000000000004,0.30000000000000004,0.25000000000000006,1.0,1.0,1.0,1.0,1.0,720,5.0,135.926,136.183,135.805,136.081,8803.0,12.0,33.51,0.381,-0.485,-0.439,137.431,135.622,44.69,26.76,28.6,16.42,21.0,33.42,138.27,48.89,0.245,0,1,0,0,0,0,0,0,1
2022-07-29 12:00:00,0.20000000000000018,0.20000000000000018,0.03448275862068969,1.0,1.0,1.0,1.0,1.0,720,5.0,135.926,136.183,135.805,136.081,8803.0,12.0,33.51,0.381,-0.485,-0.439,137.431,135.622,44.69,26.76,28.6,16.42,21.0,33.42,138.27,48.89,0.245,0,1,0,0,0,0,0,0,1
2022-08-01 11:00:00,0.19999999999999574,0.19999999999999574,0.00395256916996039,1.0,1.0,1.0,1.0,2.0,660,1.0,135.597,135.879,135.582,135.727,8826.0,11.0,42.37,0.294,-0.272,-0.273,136.547,135.253,57.42,43.83,17.8,20.55,21.52,32.13,137.49,56.9,0.169,1,0,0,0,0,0,0,0,1
2022-08-03 11:00:00,0.5,0.5,0.00992063492063492,1.0,1.0,1.0,1.0,2.0,660,3.0,135.59,135.764,135.54,135.705,7282.0,11.0,59.25,0.394,0.212,0.216,136.128,134.385,68.02,57.34,20.5,19.33,17.04,47.79,135.599,55.24,0.23,1,0,0,0,0,0,0,0,1
2022-08-03 11:00:00,0.6000000000000014,0.6000000000000014,0.011627906976744214,1.0,1.0,1.0,1.0,2.0,660,3.0,135.59,135.764,135.54,135.705,7282.0,11.0,59.25,0.394,0.212,0.216,136.128,134.385,68.02,57.34,20.5,19.33,17.04,47.79,135.599,55.24,0.23,1,0,0,0,0,0,0,0,1
2022-08-03 12:00:00,-2.3000000000000043,2.3000000000000043,-0.058823529411764816,1.0,-1.0,-1.0,2.0,1.0,720,3.0,135.706,135.754,135.43,135.639,6240.0,12.0,57.89,0.398,0.215,0.217,136.047,134.618,83.77,70.44,18.7,16.76,19.29,50.66,135.563,57.16,0.222,0,1,0,0,0,0,0,0,1
2022-08-03 12:00:00,-1.2999999999999998,1.2999999999999998,-0.38235294117647056,1.0,-1.0,-1.0,2.0,1.0,720,3.0,135.706,135.754,135.43,135.639,6240.0,12.0,57.89,0.398,0.215,0.217,136.047,134.618,83.77,70.44,18.7,16.76,19.29,50.66,135.563,57.16,0.222,0,1,0,0,0,0,0,0,1
2022-08-03 12:00:00,-1.5,1.5,-1.1538461538461537,1.0,-1.0,-1.0,2.0,1.0,720,3.0,135.706,135.754,135.43,135.639,6240.0,12.0,57.89,0.398,0.215,0.217,136.047,134.618,83.77,70.44,18.7,16.76,19.29,50.66,135.563,57.16,0.222,0,0,0,0,0,0,1,0,1
2022-08-03 12:00:00,-7.6,7.6,-1.551020408163265,1.0,-1.0,-1.0,2.0,1.0,720,3.0,135.706,135.754,135.43,135.639,6240.0,12.0,57.89,0.398,0.215,0.217,136.047,134.618,83.77,70.44,18.7,16.76,19.29,50.66,135.563,57.16,0.222,0,0,0,0,0,0,1,0,1
2022-08-08 11:30:00,3.0,3.0,0.10273972602739727,1.0,1.0,1.0,1.0,1.0,690,1.0,137.815,137.828,137.465,137.72,6005.0,11.0,65.37,0.244,0.293,0.317,137.855,137.284,58.78,64.14,37.95,21.55,12.65,61.89,136.225,44.14,0.157,0,0,0,0,0,1,0,0,1
2022-08-12 12:00:00,0.7999999999999999,0.7999999999999999,0.7272727272727272,1.0,1.0,1.0,1.0,2.0,720,5.0,137.258,137.585,137.192,137.456,4324.0,12.0,55.74,0.21,0.071,0.086,137.582,137.08,39.84,31.56,17.45,22.93,18.14,51.43,137.435,45.5,0.134,1,0,0,0,0,0,0,0,1
2022-08-12 12:00:00,2.6,2.6,2.166666666666667,1.0,1.0,1.0,1.0,1.0,720,5.0,137.258,137.585,137.192,137.456,4324.0,12.0,55.74,0.21,0.071,0.086,137.582,137.08,39.84,31.56,17.45,22.93,18.14,51.43,137.435,45.5,0.134,1,0,0,0,0,0,0,0,1
2022-08-16 12:00:00,1.9000000000000021,1.9000000000000021,0.05637982195845703,1.0,1.0,1.0,1.0,2.0,720,2.0,135.798,135.987,135.654,135.942,7649.0,12.0,56.34,0.24,-0.11,-0.232,135.858,135.17,87.49,75.98,35.97,18.53,9.53,50.61,136.558,60.02,0.151,0,0,0,0,0,0,0,1,1
2022-08-16 12:00:00,-6.400000000000002,6.400000000000002,-0.3333333333333335,1.0,-1.0,-1.0,2.0,2.0,720,2.0,135.798,135.987,135.654,135.942,7649.0,12.0,56.34,0.24,-0.11,-0.232,135.858,135.17,87.49,75.98,35.97,18.53,9.53,50.61,136.558,60.02,0.151,0,0,0,0,0,0,0,1,1
2022-08-16 12:05:00,-12.399999999999999,12.399999999999999,-0.28505747126436776,1.0,-1.0,-1.0,2.0,2.0,725,2.0,135.798,135.987,135.654,135.942,7649.0,12.0,56.34,0.24,-0.11,-0.232,135.858,135.17,87.49,75.98,35.97,18.53,9.53,50.61,136.558,60.02,0.151,0,0,0,0,0,1,0,0,1
2022-08-17 12:00:00,0.09999999999999998,0.09999999999999998,0.08333333333333331,1.0,1.0,1.0,1.0,1.0,720,3.0,137.152,137.258,137.007,137.235,5306.0,12.0,73.92,0.212,0.229,0.157,137.117,136.169,93.87,87.01,35.19,32.83,8.59,59.99,136.544,68.26,0.168,0,0,1,0,0,0,0,0,1
2022-08-17 12:00:00,1.0999999999999999,1.0999999999999999,0.47826086956521735,1.0,1.0,1.0,1.0,1.0,720,3.0,137.152,137.258,137.007,137.235,5306.0,12.0,73.92,0.212,0.229,0.157,137.117,136.169,93.87,87.01,35.19,32.83,8.59,59.99,136.544,68.26,0.168,0,0,1,0,0,0,0,0,1
2022-08-17 12:00:00,-0.09999999999999998,0.09999999999999998,-0.05882352941176469,1.0,-1.0,-1.0,2.0,2.0,720,3.0,137.152,137.258,137.007,137.235,5306.0,12.0,73.92,0.212,0.229,0.157,137.117,136.169,93.87,87.01,35.19,32.83,8.59,59.99,136.544,68.26,0.168,1,0,0,0,0,0,0,0,1
2022-08-17 12:00:00,-0.10000000000000009,0.10000000000000009,-0.020000000000000018,1.0,-1.0,-1.0,2.0,2.0,720,3.0,137.152,137.258,137.007,137.235,5306.0,12.0,73.92,0.212,0.229,0.157,137.117,136.169,93.87,87.01,35.19,32.83,8.59,59.99,136.544,68.26,0.168,1,0,0,0,0,0,0,0,1
2022-08-18 12:00:00,0.5,0.5,0.35714285714285715,1.0,1.0,1.0,1.0,1.0,720,4.0,137.468,137.583,137.414,137.495,5250.0,12.0,61.9,0.176,0.128,0.154,137.691,137.25,70.37,73.15,21.11,20.82,14.93,56.0,136.565,53.37,0.162,1,0,0,0,0,0,0,0,1
2022-08-18 12:00:00,0.09999999999999964,0.09999999999999964,0.016666666666666607,1.0,1.0,1.0,1.0,1.0,720,4.0,137.468,137.583,137.414,137.495,5250.0,12.0,61.9,0.176,0.128,0.154,137.691,137.25,70.37,73.15,21.11,20.82,14.93,56.0,136.565,53.37,0.162,0,1,0,0,0,0,0,0,1
2022-08-18 12:00:00,0.1,0.1,0.09090909090909091,1.0,1.0,1.0,1.0,1.0,720,4.0,137.468,137.583,137.414,137.495,5250.0,12.0,61.9,0.176,0.128,0.154,137.691,137.25,70.37,73.15,21.11,20.82,14.93,56.0,136.565,53.37,0.162,0,1,0,0,0,0,0,0,1
2022-08-18 12:00:00,-1.1,1.1,-0.9166666666666667,1.0,-1.0,-1.0,2.0,1.0,720,4.0,137.468,137.583,137.414,137.495,5250.0,12.0,61.9,0.176,0.128,0.154,137.691,137.25,70.37,73.15,21.11,20.82,14.93,56.0,136.565,53.37,0.162,1,0,0,0,0,0,0,0,1
2022-08-18 12:00:00,-0.6,0.6,-0.35294117647058826,1.0,-1.0,-1.0,2.0,1.0,720,4.0,137.468,137.583,137.414,137.495,5250.0,12.0,61.9,0.176,0.128,0.154,137.691,137.25,70.37,73.15,21.11,20.82,14.93,56.0,136.565,53.37,0.162,0,1,0,0,0,0,0,0,1
2022-08-18 12:00:00,0.3000000000000007,0.3000000000000007,0.030927835051546466,1.0,1.0,1.0,1.0,1.0,720,4.0,137.468,137.583,137.414,137.495,5250.0,12.0,61.9,0.176,0.128,0.154,137.691,137.25,70.37,73.15,21.11,20.82,14.93,56.0,136.565,53.37,0.162,0,1,0,0,0,0,0,0,1
2022-08-19 11:00:00,7.2,7.2,1.8,1.0,1.0,1.0,1.0,1.0,660,5.0,137.893,137.948,137.528,137.688,6043.0,11.0,61.13,0.21,0.118,0.034,137.78,136.609,80.57,81.19,21.47,33.67,14.35,61.16,136.694,79.17,0.131,0,0,0,0,0,0,0,1,1
2022-08-19 11:00:00,-0.6999999999999997,0.6999999999999997,-0.1428571428571428,1.0,-1.0,-1.0,2.0,1.0,660,5.0,137.893,137.948,137.528,137.688,6043.0,11.0,61.13,0.21,0.118,0.034,137.78,136.609,80.57,81.19,21.47,33.67,14.35,61.16,136.694,79.17,0.131,0,0,0,0,0,0,0,1,1
2022-08-23 11:00:00,-0.19999999999999574,0.19999999999999574,-0.0038910505836575048,1.0,-1.0,-1.0,2.0,2.0,660,2.0,136.368,136.461,136.214,136.283,7693.0,11.0,41.62,0.27,-0.247,-0.237,136.98,136.035,50.78,33.42,31.32,11.04,25.67,39.18,137.192,49.04,0.217,1,0,0,0,0,0,0,0,1
2022-08-23 17:00:00,2.900000000000002,2.900000000000002,0.10069444444444452,1.0,1.0,1.0,1.0,1.0,1020,2.0,136.775,136.779,135.888,136.085,15589.0,17.0,40.59,0.371,-0.152,-0.208,136.889,135.981,43.62,65.0,24.09,19.38,18.61,38.62,137.098,37.52,0.218,0,0,0,0,0,1,0,0,1
2022-08-26 11:00:00,0.20000000000000018,0.20000000000000018,0.023529411764705903,1.0,1.0,1.0,1.0,1.0,660,5.0,136.669,136.79,136.564,136.763,5543.0,11.0,67.34,0.154,0.05,-0.025,136.642,135.913,82.48,74.54,41.81,29.81,5.3,55.06,136.377,73.68,0.104,0,0,0,1,0,0,0,0,1
2022-08-26 11:00:00,-0.09999999999999964,0.09999999999999964,-0.015151515151515098,1.0,-1.0,-1.0,2.0,1.0,660,5.0,136.669,136.79,136.564,136.763,5543.0,11.0,67.34,0.154,0.05,-0.025,136.642,135.913,82.48,74.54,41.81,29.81,5.3,55.06,136.377,73.68,0.104,0,0,0,1,0,0,0,0,1
2022-08-26 11:00:00,-0.20000000000000018,0.20000000000000018,-0.03508771929824565,1.0,-1.0,-1.0,2.0,2.0,660,5.0,136.669,136.79,136.564,136.763,5543.0,11.0,67.34,0.154,0.05,-0.025,136.642,135.913,82.48,74.54,41.81,29.81,5.3,55.06,136.377,73.68,0.104,0,0,0,1,0,0,0,0,1
2022-08-26 11:00:00,-0.20000000000000018,0.20000000000000018,-0.02666666666666669,1.0,-1.0,-1.0,2.0,1.0,660,5.0,136.669,136.79,136.564,136.763,5543.0,11.0,67.34,0.154,0.05,-0.025,136.642,135.913,82.48,74.54,41.81,29.81,5.3,55.06,136.377,73.68,0.104,0,0,0,1,0,0,0,0,1
2022-08-30 12:00:00,-7.0,7.0,-0.15625,1.0,-1.0,-1.0,2.0,3.0,720,2.0,138.628,138.987,138.627,138.797,6651.0,12.0,60.72,0.228,0.188,0.226,138.947,138.339,75.26,68.29,21.37,21.5,12.75,69.99,137.313,60.86,0.181,0,0,0,0,0,1,0,0,1
2022-08-30 12:00:00,-3.8000000000000114,3.8000000000000114,-0.03710937500000011,1.0,-1.0,-1.0,2.0,2.0,720,2.0,138.628,138.987,138.627,138.797,6651.0,12.0,60.72,0.228,0.188,0.226,138.947,138.339,75.26,68.29,21.37,21.5,12.75,69.99,137.313,60.86,0.181,0,0,0,0,0,1,0,0,1
2022-08-30 12:00:00,-2.1999999999999957,2.1999999999999957,-0.046908315565031895,1.0,-1.0,-1.0,2.0,1.0,720,2.0,138.628,138.987,138.627,138.797,6651.0,12.0,60.72,0.228,0.188,0.226,138.947,138.339,75.26,68.29,21.37,21.5,12.75,69.99,137.313,60.86,0.181,0,0,0,0,0,1,0,0,1
2022-08-30 12:00:00,-5.7,5.7,-0.7215189873417721,1.0,-1.0,-1.0,2.0,1.0,720,2.0,138.628,138.987,138.627,138.797,6651.0,12.0,60.72,0.228,0.188,0.226,138.947,138.339,75.26,68.29,21.37,21.5,12.75,69.99,137.313,60.86,0.181,0,0,0,0,0,1,0,0,1
2022-08-30 12:00:00,-4.100000000000001,4.100000000000001,-0.2971014492753624,1.0,-1.0,-1.0,2.0,1.0,720,2.0,138.628,138.987,138.627,138.797,6651.0,12.0,60.72,0.228,0.188,0.226,138.947,138.339,75.26,68.29,21.37,21.5,12.75,69.99,137.313,60.86,0.181,0,0,0,0,0,1,0,0,1
2022-08-31 12:00:00,0.09999999999999998,0.09999999999999998,0.07142857142857141,1.0,1.0,1.0,1.0,1.0,720,3.0,138.294,138.685,138.294,138.557,8373.0,12.0,44.91,0.249,-0.013,0.088,139.292,138.46,20.58,18.44,18.94,11.66,19.34,61.57,137.887,38.71,0.19,0,1,0,0,0,0,0,0,1
2022-08-31 12:00:00,-0.6000000000000001,0.6000000000000001,-0.28571428571428575,1.0,-1.0,-1.0,2.0,2.0,720,3.0,138.294,138.685,138.294,138.557,8373.0,12.0,44.91,0.249,-0.013,0.088,139.292,138.46,20.58,18.44,18.94,11.66,19.34,61.57,137.887,38.71,0.19,0,1,0,0,0,0,0,0,1
2022-08-31 12:00:00,0.20000000000000018,0.20000000000000018,0.03921568627450984,1.0,1.0,1.0,1.0,2.0,720,3.0,138.294,138.685,138.294,138.557,8373.0,12.0,44.91,0.249,-0.013,0.088,139.292,138.46,20.58,18.44,18.94,11.66,19.34,61.57,137.887,38.71,0.19,0,1,0,0,0,0,0,0,1
2022-08-31 12:00:00,-0.3000000000000007,0.3000000000000007,-0.028846153846153914,1.0,-1.0,-1.0,2.0,3.0,720,3.0,138.294,138.685,138.294,138.557,8373.0,12.0,44.91,0.249,-0.013,0.088,139.292,138.46,20.58,18.44,18.94,11.66,19.34,61.57,137.887,38.71,0.19,0,1,0,0,0,0,0,0,1
2022-08-31 12:00:00,0.09999999999999998,0.09999999999999998,0.06666666666666665,1.0,1.0,1.0,1.0,1.0,720,3.0,138.294,138.685,138.294,138.557,8373.0,12.0,44.91,0.249,-0.013,0.088,139.292,138.46,20.58,18.44,18.94,11.66,19.34,61.57,137.887,38.71,0.19,0,1,0,0,0,0,0,0,1
2022-08-31 12:00:00,0.20000000000000018,0.20000000000000018,0.03174603174603177,1.0,1.0,1.0,1.0,1.0,720,3.0,138.294,138.685,138.294,138.557,8373.0,12.0,44.91,0.249,-0.013,0.088,139.292,138.46,20.58,18.44,18.94,11.66,19.34,61.57,137.887,38.71,0.19,0,1,0,0,0,0,0,0,1
2022-09-01 11:00:00,-0.10000000000000142,0.10000000000000142,-0.001972386587771231,1.0,-1.0,-1.0,2.0,2.0,660,4.0,139.697,139.875,139.566,139.727,8799.0,11.0,60.95,0.214,0.196,0.246,140.068,139.16,50.78,34.2,31.61,15.96,17.28,70.12,138.589,59.39,0.134,1,0,0,0,0,0,0,0,1
2022-09-01 12:00:00,0.09999999999999964,0.09999999999999964,0.013333333333333286,1.0,-1.0,-1.0,2.0,2.0,720,4.0,139.723,139.811,139.487,139.549,6625.0,12.0,53.43,0.214,0.173,0.234,139.949,139.348,43.69,42.23,29.22,13.83,18.22,63.09,138.683,54.85,0.151,0,0,1,0,0,0,0,0,1
2022-09-02 12:00:00,4.0,4.0,4.0,1.0,1.0,1.0,1.0,1.0,720,5.0,139.955,140.468,139.938,140.439,4498.0,12.0,75.02,0.196,0.191,0.092,140.248,138.924,82.84,82.98,40.9,33.32,6.74,74.5,139.223,58.93,0.113,0,1,0,0,0,0,0,0,1
2022-09-02 12:00:00,4.399999999999999,4.399999999999999,0.12753623188405794,1.0,1.0,1.0,1.0,1.0,720,5.0,139.955,140.468,139.938,140.439,4498.0,12.0,75.02,0.196,0.191,0.092,140.248,138.924,82.84,82.98,40.9,33.32,6.74,74.5,139.223,58.93,0.113,0,1,0,0,0,0,0,0,1
2022-09-05 11:00:00,-0.4000000000000057,0.4000000000000057,-0.007812500000000111,1.0,-1.0,-1.0,2.0,2.0,660,1.0,139.323,139.517,139.181,139.29,7255.0,11.0,47.41,0.296,-0.176,-0.186,140.348,138.499,73.59,55.76,30.38,17.14,21.95,52.07,139.371,65.49,0.188,1,0,0,0,0,0,0,0,1
2022-09-05 11:00:00,-0.30000000000000426,0.30000000000000426,-0.005976095617529965,1.0,-1.0,-1.0,2.0,2.0,660,1.0,139.323,139.517,139.181,139.29,7255.0,11.0,47.41,0.296,-0.176,-0.186,140.348,138.499,73.59,55.76,30.38,17.14,21.95,52.07,139.371,65.49,0.188,1,0,0,0,0,0,0,0,1
2022-09-05 11:30:00,-2.8000000000000007,2.8000000000000007,-0.09333333333333335,1.0,-1.0,-1.0,2.0,1.0,690,1.0,139.323,139.517,139.181,139.29,7255.0,11.0,47.41,0.296,-0.176,-0.186,140.348,138.499,73.59,55.76,30.38,17.14,21.95,52.07,139.371,65.49,0.188,0,0,0,0,0,1,0,0,1
2022-09-05 12:00:00,-4.3,4.3,-0.9772727272727272,1.0,-1.0,-1.0,2.0,1.0,720,1.0,139.29,139.424,139.229,139.358,6583.0,12.0,48.96,0.295,-0.152,-0.189,140.251,138.519,73.32,68.32,27.97,14.85,19.02,54.67,139.407,57.39,0.188,0,0,0,0,0,0,1,0,1
2022-09-05 12:00:00,1.0,1.0,0.5882352941176471,1.0,1.0,1.0,1.0,1.0,720,1.0,139.29,139.424,139.229,139.358,6583.0,12.0,48.96,0.295,-0.152,-0.189,140.251,138.519,73.32,68.32,27.97,14.85,19.02,54.67,139.407,57.39,0.188,0,0,0,0,0,0,1,0,1
2022-09-07 12:00:00,0.10000000000000003,0.10000000000000003,0.07692307692307694,1.0,1.0,1.0,1.0,1.0,720,3.0,142.72,142.875,142.608,142.805,6411.0,12.0,76.04,0.327,0.567,0.499,143.026,140.892,81.5,88.48,39.06,29.05,12.06,79.83,140.381,59.52,0.181,0,0,1,0,0,0,0,0,1
2022-09-07 12:00:00,0.30000000000000027,0.30000000000000027,0.08823529411764713,1.0,1.0,1.0,1.0,1.0,720,3.0,142.72,142.875,142.608,142.805,6411.0,12.0,76.04,0.327,0.567,0.499,143.026,140.892,81.5,88.48,39.06,29.05,12.06,79.83,140.381,59.52,0.181,0,0,1,0,0,0,0,0,1
2022-09-07 12:00:00,0.20000000000000007,0.20000000000000007,0.12500000000000003,1.0,1.0,1.0,1.0,2.0,720,3.0,142.72,142.875,142.608,142.805,6411.0,12.0,76.04,0.327,0.567,0.499,143.026,140.892,81.5,88.48,39.06,29.05,12.06,79.83,140.381,59.52,0.181,1,0,0,0,0,0,0,0,1
2022-09-07 12:00:00,0.19999999999999973,0.19999999999999973,0.040816326530612186,1.0,1.0,1.0,1.0,2.0,720,3.0,142.72,142.875,142.608,142.805,6411.0,12.0,76.04,0.327,0.567,0.499,143.026,140.892,81.5,88.48,39.06,29.05,12.06,79.83,140.381,59.52,0.181,1,0,0,0,0,0,0,0,1
2022-09-13 12:05:00,-8.700000000000003,8.700000000000003,-0.16415094339622646,1.0,-1.0,-1.0,2.0,2.0,725,2.0,144.452,144.612,144.348,144.578,5420.0,12.0,58.62,0.223,0.059,0.065,144.584,144.196,81.94,66.55,18.74,19.68,10.55,64.09,144.084,52.76,0.147,0,0,0,0,0,1,0,0,1
2022-09-14 12:00:00,-2.0999999999999996,2.0999999999999996,-1.7499999999999998,1.0,-1.0,-1.0,2.0,2.0,720,3.0,143.212,143.57,143.137,143.277,10955.0,12.0,32.1,0.367,-0.283,-0.15,144.805,143.106,21.91,14.71,31.2,13.4,24.57,43.13,144.024,38.31,0.211,1,0,0,0,0,0,0,0,1
2022-09-14 12:00:00,-4.4,4.4,-1.4666666666666668,1.0,-1.0,-1.0,2.0,1.0,720,3.0,143.212,143.57,143.137,143.277,10955.0,12.0,32.1,0.367,-0.283,-0.15,144.805,143.106,21.91,14.71,31.2,13.4,24.57,43.13,144.024,38.31,0.211,1,0,0,0,0,0,0,0,1
2022-09-15 12:00:00,2.6,2.6,1.0833333333333335,1.0,1.0,1.0,1.0,1.0,720,4.0,143.321,143.362,143.11,143.228,7054.0,12.0,52.26,0.207,-0.065,-0.177,143.319,142.552,69.74,80.22,33.32,27.17,13.63,50.09,143.852,64.88,0.131,0,0,0,0,1,0,0,0,1
2022-09-15 12:00:00,-4.799999999999997,4.799999999999997,-0.13150684931506842,1.0,-1.0,-1.0,2.0,2.0,720,4.0,143.321,143.362,143.11,143.228,7054.0,12.0,52.26,0.207,-0.065,-0.177,143.319,142.552,69.74,80.22,33.32,27.17,13.63,50.09,143.852,64.88,0.131,0,0,0,0,0,0,0,1,1
2022-09-15 12:00:00,-17.6,17.6,-1.0114942528735633,1.0,-1.0,-1.0,2.0,2.0,720,4.0,143.321,143.362,143.11,143.228,7054.0,12.0,52.26,0.207,-0.065,-0.177,143.319,142.552,69.74,80.22,33.32,27.17,13.63,50.09,143.852,64.88,0.131,0,0,0,0,0,0,0,1,1
2022-09-15 12:00:00,2.0999999999999996,2.0999999999999996,0.6999999999999998,1.0,1.0,1.0,1.0,2.0,720,4.0,143.321,143.362,143.11,143.228,7054.0,12.0,52.26,0.207,-0.065,-0.177,143.319,142.552,69.74,80.22,33.32,27.17,13.63,50.09,143.852,64.88,0.131,0,0,1,0,0,0,0,0,1
2022-09-16 12:00:00,0.09999999999999998,0.09999999999999998,0.062499999999999986,1.0,1.0,1.0,1.0,1.0,720,5.0,142.713,143.082,142.705,142.856,7101.0,12.0,40.66,0.269,-0.079,-0.01,143.715,142.811,17.34,30.07,17.33,18.5,19.28,40.47,143.604,32.36,0.192,0,1,0,0,0,0,0,0,1
2022-09-16 12:00:00,1.1000000000000014,1.1000000000000014,0.11956521739130452,1.0,1.0,1.0,1.0,1.0,720,5.0,142.713,143.082,142.705,142.856,7101.0,12.0,40.66,0.269,-0.079,-0.01,143.715,142.811,17.34,30.07,17.33,18.5,19.28,40.47,143.604,32.36,0.192,0,1,0,0,0,0,0,0,1
2022-09-16 12:00:00,-0.20000000000000007,0.20000000000000007,-0.11111111111111115,1.0,-1.0,-1.0,2.0,1.0,720,5.0,142.713,143.082,142.705,142.856,7101.0,12.0,40.66,0.269,-0.079,-0.01,143.715,142.811,17.34,30.07,17.33,18.5,19.28,40.47,143.604,32.36,0.192,0,1,0,0,0,0,0,0,1
2022-09-16 12:00:00,0.09999999999999998,0.09999999999999998,0.06666666666666665,1.0,1.0,1.0,1.0,2.0,720,5.0,142.713,143.082,142.705,142.856,7101.0,12.0,40.66,0.269,-0.079,-0.01,143.715,142.811,17.34,30.07,17.33,18.5,19.28,40.47,143.604,32.36,0.192,0,1,0,0,0,0,0,0,1
2022-09-19 12:00:00,0.3,0.3,0.3,1.0,1.0,1.0,1.0,1.0,720,1.0,143.119,143.223,143.009,143.08,6236.0,12.0,49.48,0.198,-0.009,-0.009,143.333,142.89,77.03,59.37,14.56,10.07,12.28,49.76,143.264,54.11,0.144,1,0,0,0,0,0,0,0,1
2022-09-19 12:00:00,-13.7,13.7,-0.845679012345679,1.0,-1.0,-1.0,2.0,1.0,720,1.0,143.119,143.223,143.009,143.08,6236.0,12.0,49.48,0.198,-0.009,-0.009,143.333,142.89,77.03,59.37,14.56,10.07,12.28,49.76,143.264,54.11,0.144,1,0,0,0,0,0,0,0,1
2022-09-20 11:00:00,-22.0,22.0,-7.096774193548387,1.0,-1.0,-1.0,2.0,1.0,660,2.0,143.978,143.991,143.685,143.801,8791.0,11.0,60.86,0.19,0.143,0.125,143.877,143.273,73.25,67.69,35.33,26.72,11.72,59.18,143.205,52.02,0.141,0,0,0,0,0,0,0,1,1
2022-09-20 11:00:00,-15.899999999999999,15.899999999999999,-2.3382352941176467,1.0,-1.0,-1.0,2.0,1.0,660,2.0,143.978,143.991,143.685,143.801,8791.0,11.0,60.86,0.19,0.143,0.125,143.877,143.273,73.25,67.69,35.33,26.72,11.72,59.18,143.205,52.02,0.141,0,0,0,0,0,0,0,1,1
2022-09-22 17:00:00,-3.3000000000000007,3.3000000000000007,-0.12452830188679248,1.0,-1.0,-1.0,2.0,1.0,1020,4.0,139.612,139.736,139.149,139.424,16230.0,17.0,34.16,1.029,-0.783,-0.394,143.85,138.947,18.86,14.54,22.62,16.27,22.58,33.86,142.634,37.26,0.444,0,0,0,0,0,1,0,0,1
2022-09-23 11:00:00,-1.1000000000000014,1.1000000000000014,-0.021739130434782636,1.0,-1.0,-1.0,2.0,2.0,660,5.0,139.078,139.376,138.934,139.342,10838.0,11.0,36.89,0.256,-0.478,-0.496,140.338,139.232,29.29,31.51,22.69,12.34,27.49,30.04,142.074,24.64,0.185,1,0,0,0,0,0,0,0,1
2022-09-23 11:00:00,-1.1000000000000014,1.1000000000000014,-0.02156862745098042,1.0,-1.0,-1.0,2.0,2.0,660,5.0,139.078,139.376,138.934,139.342,10838.0,11.0,36.89,0.256,-0.478,-0.496,140.338,139.232,29.29,31.51,22.69,12.34,27.49,30.04,142.074,24.64,0.185,1,0,0,0,0,0,0,0,1
2022-09-23 11:00:00,-0.7999999999999972,0.7999999999999972,-0.015999999999999945,1.0,-1.0,-1.0,2.0,2.0,660,5.0,139.078,139.376,138.934,139.342,10838.0,11.0,36.89,0.256,-0.478,-0.496,140.338,139.232,29.29,31.51,22.69,12.34,27.49,30.04,142.074,24.64,0.185,1,0,0,0,0,0,0,0,1
2022-09-27 11:00:00,0.5,0.5,0.07575757575757576,1.0,1.0,1.0,1.0,1.0,660,2.0,139.184,139.213,138.828,138.961,10016.0,11.0,45.6,0.249,0.018,0.012,139.424,138.813,24.12,42.79,22.57,15.41,16.11,38.61,139.886,37.27,0.177,0,0,0,1,0,0,0,0,1
2022-09-27 11:00:00,0.09999999999999964,0.09999999999999964,0.01041666666666663,1.0,1.0,1.0,1.0,1.0,660,2.0,139.184,139.213,138.828,138.961,10016.0,11.0,45.6,0.249,0.018,0.012,139.424,138.813,24.12,42.79,22.57,15.41,16.11,38.61,139.886,37.27,0.177,0,0,0,1,0,0,0,0,1
2022-09-27 11:00:00,0.10000000000000053,0.10000000000000053,0.013157894736842176,1.0,1.0,1.0,1.0,1.0,660,2.0,139.184,139.213,138.828,138.961,10016.0,11.0,45.6,0.249,0.018,0.012,139.424,138.813,24.12,42.79,22.57,15.41,16.11,38.61,139.886,37.27,0.177,0,0,0,1,0,0,0,0,1
2022-09-29 12:00:00,-4.799999999999999,4.799999999999999,-0.44859813084112143,1.0,-1.0,-1.0,2.0,1.0,720,4.0,139.917,140.425,139.874,140.269,13116.0,12.0,64.9,0.288,0.234,0.273,140.512,139.382,74.81,64.07,24.43,27.4,19.06,55.4,139.118,59.96,0.219,0,0,0,0,0,1,0,0,1
2022-09-29 12:00:00,8.5,8.5,0.19859813084112152,1.0,1.0,1.0,1.0,1.0,720,4.0,139.917,140.425,139.874,140.269,13116.0,12.0,64.9,0.288,0.234,0.273,140.512,139.382,74.81,64.07,24.43,27.4,19.06,55.4,139.118,59.96,0.219,0,0,0,0,0,1,0,0,1
2022-09-29 12:00:00,2.299999999999997,2.299999999999997,0.057499999999999926,1.0,1.0,1.0,1.0,3.0,720,4.0,139.917,140.425,139.874,140.269,13116.0,12.0,64.9,0.288,0.234,0.273,140.512,139.382,74.81,64.07,24.43,27.4,19.06,55.4,139.118,59.96,0.219,0,0,0,0,0,1,0,0,1
2022-09-29 12:00:00,-2.6999999999999997,2.6999999999999997,-0.8181818181818181,1.0,-1.0,-1.0,2.0,1.0,720,4.0,139.917,140.425,139.874,140.269,13116.0,12.0,64.9,0.288,0.234,0.273,140.512,139.382,74.81,64.07,24.43,27.4,19.06,55.4,139.118,59.96,0.219,0,0,0,0,0,1,0,0,1
2022-09-29 12:00:00,-4.5,4.5,-0.04536290322580645,1.0,-1.0,-1.0,2.0,2.0,720,4.0,139.917,140.425,139.874,140.269,13116.0,12.0,64.9,0.288,0.234,0.273,140.512,139.382,74.81,64.07,24.43,27.4,19.06,55.4,139.118,59.96,0.219,0,0,0,0,0,1,0,0,1
2022-09-30 12:00:00,0.2999999999999998,0.2999999999999998,0.054545454545454515,1.0,1.0,1.0,1.0,2.0,720,5.0,141.859,141.936,141.498,141.507,9980.0,12.0,53.89,0.332,0.361,0.483,142.224,141.143,42.81,45.77,31.87,21.37,23.55,55.35,139.825,45.98,0.232,0,1,0,0,0,0,0,0,1
2022-09-30 12:00:00,0.5,0.5,0.047619047619047616,1.0,1.0,1.0,1.0,3.0,720,5.0,141.859,141.936,141.498,141.507,9980.0,12.0,53.89,0.332,0.361,0.483,142.224,141.143,42.81,45.77,31.87,21.37,23.55,55.35,139.825,45.98,0.232,0,1,0,0,0,0,0,0,1
2022-09-30 12:00:00,0.09999999999999964,0.09999999999999964,0.013333333333333286,1.0,-1.0,-1.0,2.0,2.0,720,5.0,141.859,141.936,141.498,141.507,9980.0,12.0,53.89,0.332,0.361,0.483,142.224,141.143,42.81,45.77,31.87,21.37,23.55,55.35,139.825,45.98,0.232,0,0,1,0,0,0,0,0,1
2022-09-30 12:00:00,-0.09999999999999998,0.09999999999999998,-0.04999999999999999,1.0,-1.0,-1.0,2.0,1.0,720,5.0,141.859,141.936,141.498,141.507,9980.0,12.0,53.89,0.332,0.361,0.483,142.224,141.143,42.81,45.77,31.87,21.37,23.55,55.35,139.825,45.98,0.232,0,1,0,0,0,0,0,0,1
2022-09-30 12:00:00,0.2999999999999998,0.2999999999999998,0.044117647058823505,1.0,1.0,1.0,1.0,1.0,720,5.0,141.859,141.936,141.498,141.507,9980.0,12.0,53.89,0.332,0.361,0.483,142.224,141.143,42.81,45.77,31.87,21.37,23.55,55.35,139.825,45.98,0.232,0,1,0,0,0,0,0,0,1
2022-10-03 11:00:00,-0.10000000000000142,0.10000000000000142,-0.002020202020202049,1.0,-1.0,-1.0,2.0,2.0,660,1.0,142.299,142.462,142.203,142.301,11491.0,11.0,60.54,0.327,0.217,0.2,142.42,141.385,74.42,68.74,14.79,17.57,18.65,64.26,140.408,57.63,0.173,1,0,0,0,0,0,0,0,1
2022-10-04 12:00:00,3.2,3.2,1.142857142857143,1.0,1.0,1.0,1.0,1.0,720,2.0,142.928,143.041,142.663,143.009,9960.0,12.0,71.07,0.235,0.281,0.184,143.051,141.455,76.74,78.89,57.52,27.6,6.48,70.37,141.485,54.05,0.194,0,1,0,0,0,0,0,0,1
2022-10-04 12:00:00,3.0999999999999943,3.0999999999999943,0.0752427184466018,1.0,1.0,1.0,1.0,1.0,720,2.0,142.928,143.041,142.663,143.009,9960.0,12.0,71.07,0.235,0.281,0.184,143.051,141.455,76.74,78.89,57.52,27.6,6.48,70.37,141.485,54.05,0.194,0,1,0,0,0,0,0,0,1
2022-10-05 11:00:00,-0.10000000000000142,0.10000000000000142,-0.002032520325203281,1.0,-1.0,-1.0,2.0,2.0,660,3.0,143.579,143.663,143.386,143.607,10379.0,11.0,54.71,0.248,0.203,0.287,144.061,143.475,34.19,39.91,25.88,21.14,20.22,66.5,142.262,42.25,0.148,1,0,0,0,0,0,0,0,1
2022-10-05 11:00:00,-0.10000000000000142,0.10000000000000142,-0.0020040080160320926,1.0,-1.0,-1.0,2.0,2.0,660,3.0,143.579,143.663,143.386,143.607,10379.0,11.0,54.71,0.248,0.203,0.287,144.061,143.475,34.19,39.91,25.88,21.14,20.22,66.5,142.262,42.25,0.148,1,0,0,0,0,0,0,0,1
2022-10-06 12:00:00,-5.1,5.1,-1.2439024390243902,1.0,-1.0,-1.0,2.0,1.0,720,4.0,143.039,143.291,143.004,143.074,9095.0,12.0,46.16,0.226,-0.008,0.003,143.558,142.612,37.41,37.71,21.63,12.65,18.1,53.64,142.749,45.69,0.16,0,0,0,0,0,0,1,0,1
2022-10-06 12:00:00,-0.4,0.4,-0.36363636363636365,1.0,-1.0,-1.0,2.0,1.0,720,4.0,143.039,143.291,143.004,143.074,9095.0,12.0,46.16,0.226,-0.008,0.003,143.558,142.612,37.41,37.71,21.63,12.65,18.1,53.64,142.749,45.69,0.16,0,0,0,0,0,0,1,0,1
2022-10-10 11:30:00,-7.4999999999999964,7.4999999999999964,-0.23584905660377348,1.0,-1.0,-1.0,2.0,1.0,690,1.0,141.166,141.203,140.898,140.976,9482.0,11.0,28.61,0.199,-0.22,-0.17,142.101,141.066,11.81,11.97,28.25,9.11,29.15,35.07,142.626,27.33,0.154,0,0,0,0,0,1,0,0,1
2022-10-12 12:00:00,1.5,1.5,1.5,1.0,1.0,1.0,1.0,2.0,720,3.0,141.956,142.155,141.952,142.106,8274.0,12.0,60.64,0.232,0.142,0.112,142.288,141.343,51.03,57.49,21.79,18.78,13.32,56.81,141.704,54.17,0.164,1,0,0,0,0,0,0,0,1
2022-10-12 12:00:00,2.5,2.5,2.5,1.0,1.0,1.0,1.0,1.0,720,3.0,141.956,142.155,141.952,142.106,8274.0,12.0,60.64,0.232,0.142,0.112,142.288,141.343,51.03,57.49,21.79,18.78,13.32,56.81,141.704,54.17,0.164,1,0,0,0,0,0,0,0,1
2022-10-14 12:00:00,-3.5,3.5,-0.078125,1.0,-1.0,-1.0,2.0,2.0,720,5.0,143.999,144.049,143.571,143.713,9735.0,12.0,51.46,0.218,0.295,0.395,144.444,143.521,22.33,33.01,28.0,13.98,24.3,70.23,142.479,39.63,0.157,0,0,0,0,0,0,0,1,1
2022-10-14 12:00:00,-3.0,3.0,-0.06134969325153374,1.0,-1.0,-1.0,2.0,2.0,720,5.0,143.999,144.049,143.571,143.713,9735.0,12.0,51.46,0.218,0.295,0.395,144.444,143.521,22.33,33.01,28.0,13.98,24.3,70.23,142.479,39.63,0.157,0,0,0,0,0,0,0,1,1
2022-10-18 12:05:00,0.8999999999999986,0.8999999999999986,0.014610389610389588,1.0,1.0,1.0,1.0,2.0,725,2.0,146.715,146.822,145.82,146.634,10885.0,12.0,64.79,0.286,0.385,0.443,146.944,146.174,67.03,72.88,32.36,19.57,19.83,79.87,144.502,53.23,0.236,0,0,0,0,0,1,0,0,1
2022-10-19 12:00:00,-0.09999999999999964,0.09999999999999964,-0.00909090909090906,1.0,-1.0,-1.0,2.0,3.0,720,3.0,146.688,146.808,146.556,146.723,7617.0,12.0,47.15,0.178,0.07,0.156,147.243,146.683,43.07,37.2,33.01,8.06,21.23,66.14,145.6,42.45,0.157,0,1,0,0,0,0,0,0,1
2022-10-19 12:00:00,-0.7,0.7,-0.6363636363636362,1.0,-1.0,-1.0,2.0,1.0,720,3.0,146.688,146.808,146.556,146.723,7617.0,12.0,47.15,0.178,0.07,0.156,147.243,146.683,43.07,37.2,33.01,8.06,21.23,66.14,145.6,42.45,0.157,1,0,0,0,0,0,0,0,1
2022-10-19 12:00:00,-6.500000000000001,6.500000000000001,-0.663265306122449,1.0,-1.0,-1.0,2.0,1.0,720,3.0,146.688,146.808,146.556,146.723,7617.0,12.0,47.15,0.178,0.07,0.156,147.243,146.683,43.07,37.2,33.01,8.06,21.23,66.14,145.6,42.45,0.157,1,0,0,0,0,0,0,0,1
2022-10-19 12:00:00,-0.30000000000000004,0.30000000000000004,-0.12000000000000002,1.0,-1.0,-1.0,2.0,1.0,720,3.0,146.688,146.808,146.556,146.723,7617.0,12.0,47.15,0.178,0.07,0.156,147.243,146.683,43.07,37.2,33.01,8.06,21.23,66.14,145.6,42.45,0.157,0,1,0,0,0,0,0,0,1
2022-10-19 12:00:00,-0.20000000000000107,0.20000000000000107,-0.01769911504424788,1.0,-1.0,-1.0,2.0,1.0,720,3.0,146.688,146.808,146.556,146.723,7617.0,12.0,47.15,0.178,0.07,0.156,147.243,146.683,43.07,37.2,33.01,8.06,21.23,66.14,145.6,42.45,0.157,0,1,0,0,0,0,0,0,1
2022-10-19 12:00:00,-0.09999999999999964,0.09999999999999964,-0.014084507042253471,1.0,-1.0,-1.0,2.0,1.0,720,3.0,146.688,146.808,146.556,146.723,7617.0,12.0,47.15,0.178,0.07,0.156,147.243,146.683,43.07,37.2,33.01,8.06,21.23,66.14,145.6,42.45,0.157,0,1,0,0,0,0,0,0,1
2022-10-20 11:00:00,-12.7,12.7,-1.4941176470588236,1.0,-1.0,-1.0,2.0,1.0,660,4.0,146.683,146.811,146.544,146.669,8404.0,11.0,54.62,0.205,0.011,-0.053,146.762,146.179,76.6,83.67,26.95,18.35,13.06,67.16,146.12,59.73,0.177,0,0,0,0,0,0,0,1,1
2022-10-20 11:00:00,-10.3,10.3,-0.6058823529411765,1.0,-1.0,-1.0,2.0,1.0,660,4.0,146.683,146.811,146.544,146.669,8404.0,11.0,54.62,0.205,0.011,-0.053,146.762,146.179,76.6,83.67,26.95,18.35,13.06,67.16,146.12,59.73,0.177,0,0,0,0,0,0,0,1,1
2022-10-21 17:00:00,2.0,2.0,0.06535947712418301,1.0,1.0,1.0,1.0,1.0,1020,5.0,148.281,148.403,146.199,147.033,21191.0,17.0,48.4,0.468,0.22,0.149,147.91,146.336,65.67,79.81,26.13,27.4,19.9,37.52,146.729,78.73,0.244,0,0,0,0,0,1,0,0,1
2022-10-24 11:00:00,-1.7999999999999972,1.7999999999999972,-0.036437246963562694,1.0,-1.0,-1.0,2.0,2.0,660,1.0,146.793,146.967,146.556,146.86,11724.0,11.0,53.3,0.806,0.034,-0.091,148.041,144.465,83.0,87.57,30.48,21.63,9.2,55.34,146.688,52.99,0.172,1,0,0,0,0,0,0,0,1
2022-10-24 11:00:00,-0.5999999999999943,0.5999999999999943,-0.012048192771084223,1.0,-1.0,-1.0,2.0,2.0,660,1.0,146.793,146.967,146.556,146.86,11724.0,11.0,53.3,0.806,0.034,-0.091,148.041,144.465,83.0,87.57,30.48,21.63,9.2,55.34,146.688,52.99,0.172,1,0,0,0,0,0,0,0,1
2022-10-24 11:00:00,-1.0,1.0,-0.020366598778004074,1.0,-1.0,-1.0,2.0,2.0,660,1.0,146.793,146.967,146.556,146.86,11724.0,11.0,53.3,0.806,0.034,-0.091,148.041,144.465,83.0,87.57,30.48,21.63,9.2,55.34,146.688,52.99,0.172,1,0,0,0,0,0,0,0,1
2022-10-26 11:00:00,-0.6999999999999993,0.6999999999999993,-0.06603773584905653,1.0,-1.0,-1.0,2.0,1.0,660,3.0,147.575,147.621,147.29,147.556,12600.0,11.0,59.34,0.21,0.135,0.147,147.706,147.209,66.14,64.64,20.75,10.37,15.78,59.37,146.927,45.54,0.189,0,0,0,1,0,0,0,0,1
2022-10-26 11:00:00,-0.09999999999999964,0.09999999999999964,-0.012499999999999956,1.0,-1.0,-1.0,2.0,1.0,660,3.0,147.575,147.621,147.29,147.556,12600.0,11.0,59.34,0.21,0.135,0.147,147.706,147.209,66.14,64.64,20.75,10.37,15.78,59.37,146.927,45.54,0.189,0,0,0,1,0,0,0,0,1
2022-10-28 12:00:00,-1.6,1.6,-1.142857142857143,1.0,-1.0,-1.0,2.0,1.0,720,5.0,146.61,147.187,146.582,146.988,8722.0,12.0,64.55,0.359,-0.038,-0.198,146.659,145.372,78.45,60.04,22.97,33.87,12.51,56.6,146.962,78.41,0.233,0,0,0,0,0,1,0,0,1
2022-10-28 12:00:00,-5.0,5.0,-0.6410256410256411,1.0,-1.0,-1.0,2.0,1.0,720,5.0,146.61,147.187,146.582,146.988,8722.0,12.0,64.55,0.359,-0.038,-0.198,146.659,145.372,78.45,60.04,22.97,33.87,12.51,56.6,146.962,78.41,0.233,0,0,0,0,0,1,0,0,1
2022-10-28 12:00:00,-3.0,3.0,-0.031088082901554404,1.0,-1.0,-1.0,2.0,2.0,720,5.0,146.61,147.187,146.582,146.988,8722.0,12.0,64.55,0.359,-0.038,-0.198,146.659,145.372,78.45,60.04,22.97,33.87,12.51,56.6,146.962,78.41,0.233,0,0,0,0,0,1,0,0,1
2022-10-28 12:00:00,0.5,0.5,0.013192612137203167,1.0,1.0,1.0,1.0,3.0,720,5.0,146.61,147.187,146.582,146.988,8722.0,12.0,64.55,0.359,-0.038,-0.198,146.659,145.372,78.45,60.04,22.97,33.87,12.51,56.6,146.962,78.41,0.233,0,0,0,0,0,1,0,0,1
2022-10-28 12:00:00,-8.800000000000004,8.800000000000004,-0.15942028985507253,1.0,-1.0,-1.0,2.0,1.0,720,5.0,146.61,147.187,146.582,146.988,8722.0,12.0,64.55,0.359,-0.038,-0.198,146.659,145.372,78.45,60.04,22.97,33.87,12.51,56.6,146.962,78.41,0.233,0,0,0,0,0,1,0,0,1
2022-10-31 13:00:00,-0.40000000000000013,0.40000000000000013,-0.19047619047619052,1.0,-1.0,-1.0,2.0,1.0,780,1.0,147.615,147.754,147.531,147.736,7055.0,13.0,65.65,0.286,0.225,0.205,147.789,146.565,91.89,74.73,28.4,20.86,13.12,52.78,146.988,67.28,0.165,0,1,0,0,0,0,0,0,1
2022-10-31 13:00:00,-1.9,1.9,-0.38,1.0,-1.0,-1.0,2.0,2.0,780,1.0,147.615,147.754,147.531,147.736,7055.0,13.0,65.65,0.286,0.225,0.205,147.789,146.565,91.89,74.73,28.4,20.86,13.12,52.78,146.988,67.28,0.165,1,0,0,0,0,0,0,0,1
2022-10-31 13:00:00,-0.49999999999999994,0.49999999999999994,-0.2941176470588235,1.0,-1.0,-1.0,2.0,2.0,780,1.0,147.615,147.754,147.531,147.736,7055.0,13.0,65.65,0.286,0.225,0.205,147.789,146.565,91.89,74.73,28.4,20.86,13.12,52.78,146.988,67.28,0.165,1,0,0,0,0,0,0,0,1
2022-10-31 13:00:00,0.9,0.9,0.5625,1.0,1.0,1.0,1.0,2.0,780,1.0,147.615,147.754,147.531,147.736,7055.0,13.0,65.65,0.286,0.225,0.205,147.789,146.565,91.89,74.73,28.4,20.86,13.12,52.78,146.988,67.28,0.165,0,1,0,0,0,0,0,0,1
2022-10-31 13:00:00,-0.6,0.6,-0.2727272727272727,1.0,-1.0,-1.0,2.0,1.0,780,1.0,147.615,147.754,147.531,147.736,7055.0,13.0,65.65,0.286,0.225,0.205,147.789,146.565,91.89,74.73,28.4,20.86,13.12,52.78,146.988,67.28,0.165,0,1,0,0,0,0,0,0,1
2022-10-31 13:00:00,0.29999999999999893,0.29999999999999893,0.026315789473684115,1.0,1.0,1.0,1.0,3.0,780,1.0,147.615,147.754,147.531,147.736,7055.0,13.0,65.65,0.286,0.225,0.205,147.789,146.565,91.89,74.73,28.4,20.86,13.12,52.78,146.988,67.28,0.165,0,1,0,0,0,0,0,0,1
2022-11-02 12:00:00,-0.20000000000000284,0.20000000000000284,-0.004201680672268967,1.0,-1.0,-1.0,2.0,2.0,720,3.0,145.766,145.817,145.37,145.441,7126.0,12.0,31.56,0.283,-0.254,-0.242,146.621,145.372,43.1,45.19,28.77,11.39,25.56,35.73,146.542,51.31,0.164,1,0,0,0,0,0,0,0,1
2022-11-04 12:00:00,0.3999999999999986,0.3999999999999986,0.00813008130081298,1.0,1.0,1.0,1.0,2.0,720,5.0,144.467,144.747,144.44,144.721,6037.0,12.0,52.17,0.236,-0.071,-0.087,144.781,144.362,52.68,38.04,17.96,19.12,15.4,46.23,145.552,50.38,0.15,1,0,0,0,0,0,0,0,1
2022-11-04 12:00:00,0.19999999999999574,0.19999999999999574,0.004158004158004069,1.0,1.0,1.0,1.0,2.0,720,5.0,144.467,144.747,144.44,144.721,6037.0,12.0,52.17,0.236,-0.071,-0.087,144.781,144.362,52.68,38.04,17.96,19.12,15.4,46.23,145.552,50.38,0.15,1,0,0,0,0,0,0,0,1
2022-11-04 13:00:00,-1.1999999999999997,1.1999999999999997,-0.31578947368421045,1.0,-1.0,-1.0,2.0,1.0,780,5.0,144.717,144.906,144.648,144.65,8369.0,13.0,49.81,0.238,-0.06,-0.08,144.786,144.362,64.7,49.25,19.56,24.79,13.35,46.23,145.552,63.86,0.156,0,1,0,0,0,0,0,0,1
2022-11-04 13:00:00,-4.0,4.0,-0.08528784648187633,1.0,-1.0,-1.0,2.0,1.0,780,5.0,144.717,144.906,144.648,144.65,8369.0,13.0,49.81,0.238,-0.06,-0.08,144.786,144.362,64.7,49.25,19.56,24.79,13.35,46.23,145.552,63.86,0.156,0,1,0,0,0,0,0,0,1
2022-11-07 12:30:00,11.5,11.5,0.26497695852534564,1.0,1.0,1.0,1.0,1.0,750,1.0,146.495,146.524,146.256,146.428,7350.0,12.0,67.22,0.269,0.373,0.378,146.691,145.561,54.33,69.63,55.59,30.6,10.33,57.87,145.392,44.48,0.158,0,0,0,0,0,1,0,0,1
2022-11-08 13:00:00,0.10000000000000003,0.10000000000000003,0.07692307692307694,1.0,1.0,1.0,1.0,1.0,780,2.0,146.246,146.377,146.225,146.309,4921.0,13.0,42.39,0.202,0.023,0.148,147.167,146.249,21.03,17.31,31.24,10.28,24.51,54.81,145.558,33.96,0.131,0,0,0,0,0,0,1,0,1
2022-11-08 13:00:00,-3.5,3.5,-0.8974358974358975,1.0,-1.0,-1.0,2.0,1.0,780,2.0,146.246,146.377,146.225,146.309,4921.0,13.0,42.39,0.202,0.023,0.148,147.167,146.249,21.03,17.31,31.24,10.28,24.51,54.81,145.558,33.96,0.131,0,0,0,0,0,0,1,0,1
2022-11-14 13:00:00,0.7,0.7,0.5833333333333334,1.0,1.0,1.0,1.0,2.0,780,1.0,144.67,144.784,144.494,144.543,7678.0,13.0,59.28,0.398,0.09,-0.086,144.743,143.113,85.91,92.09,28.21,26.27,10.94,49.38,145.289,66.84,0.226,1,0,0,0,0,0,0,0,1
2022-11-14 13:00:00,4.9,4.9,4.9,1.0,1.0,1.0,1.0,1.0,780,1.0,144.67,144.784,144.494,144.543,7678.0,13.0,59.28,0.398,0.09,-0.086,144.743,143.113,85.91,92.09,28.21,26.27,10.94,49.38,145.289,66.84,0.226,1,0,0,0,0,0,0,0,1
2022-11-15 13:00:00,0.19999999999999996,0.19999999999999996,0.07999999999999999,1.0,1.0,1.0,1.0,1.0,780,2.0,145.181,145.202,144.876,144.894,8568.0,13.0,52.97,0.319,0.162,0.164,145.337,144.392,57.04,65.51,30.35,18.25,9.56,46.99,144.825,50.65,0.223,0,0,1,0,0,0,0,0,1
2022-11-15 13:00:00,15.100000000000001,15.100000000000001,0.29900990099009905,1.0,1.0,1.0,1.0,2.0,780,2.0,145.181,145.202,144.876,144.894,8568.0,13.0,52.97,0.319,0.162,0.164,145.337,144.392,57.04,65.51,30.35,18.25,9.56,46.99,144.825,50.65,0.223,0,0,0,0,0,0,0,1,1
2022-11-15 13:00:00,-0.3,0.3,-0.19999999999999998,1.0,-1.0,-1.0,2.0,1.0,780,2.0,145.181,145.202,144.876,144.894,8568.0,13.0,52.97,0.319,0.162,0.164,145.337,144.392,57.04,65.51,30.35,18.25,9.56,46.99,144.825,50.65,0.223,0,0,1,0,0,0,0,0,1
2022-11-15 13:00:00,15.299999999999997,15.299999999999997,0.28333333333333327,1.0,1.0,1.0,1.0,2.0,780,2.0,145.181,145.202,144.876,144.894,8568.0,13.0,52.97,0.319,0.162,0.164,145.337,144.392,57.04,65.51,30.35,18.25,9.56,46.99,144.825,50.65,0.223,0,0,0,0,0,0,0,1,1
2022-11-15 13:05:00,28.299999999999997,28.299999999999997,0.41617647058823526,1.0,1.0,1.0,1.0,2.0,785,2.0,145.181,145.202,144.876,144.894,8568.0,13.0,52.97,0.319,0.162,0.164,145.337,144.392,57.04,65.51,30.35,18.25,9.56,46.99,144.825,50.65,0.223,0,0,0,0,0,1,0,0,1
2022-11-17 13:00:00,-0.09999999999999964,0.09999999999999964,-0.008547008547008517,1.0,-1.0,-1.0,2.0,3.0,780,4.0,144.67,144.759,144.538,144.737,8576.0,13.0,47.04,0.229,-0.035,-0.02,145.035,144.598,51.83,55.12,11.29,11.96,17.21,50.41,144.62,42.15,0.16,0,1,0,0,0,0,0,0,1
2022-11-17 13:00:00,-2.0,2.0,-0.5,1.0,-1.0,-1.0,2.0,1.0,780,4.0,144.67,144.759,144.538,144.737,8576.0,13.0,47.04,0.229,-0.035,-0.02,145.035,144.598,51.83,55.12,11.29,11.96,17.21,50.41,144.62,42.15,0.16,1,0,0,0,0,0,0,0,1
2022-11-17 13:00:00,-0.10000000000000009,0.10000000000000009,-0.03846153846153849,1.0,-1.0,-1.0,2.0,1.0,780,4.0,144.67,144.759,144.538,144.737,8576.0,13.0,47.04,0.229,-0.035,-0.02,145.035,144.598,51.83,55.12,11.29,11.96,17.21,50.41,144.62,42.15,0.16,0,1,0,0,0,0,0,0,1
2022-11-17 13:00:00,-0.29999999999999893,0.29999999999999893,-0.02479338842975198,1.0,-1.0,-1.0,2.0,1.0,780,4.0,144.67,144.759,144.538,144.737,8576.0,13.0,47.04,0.229,-0.035,-0.02,145.035,144.598,51.83,55.12,11.29,11.96,17.21,50.41,144.62,42.15,0.16,0,1,0,0,0,0,0,0,1
2022-11-22 12:00:00,19.1,19.1,0.6773049645390071,1.0,1.0,1.0,1.0,1.0,720,2.0,145.077,145.388,145.024,145.288,4984.0,12.0,48.66,0.201,0.064,0.122,145.706,145.218,39.95,54.9,18.66,13.69,17.97,51.04,145.059,34.78,0.142,0,0,0,0,0,0,0,1,1
2022-11-22 12:00:00,11.5,11.5,1.3218390804597702,1.0,1.0,1.0,1.0,1.0,720,2.0,145.077,145.388,145.024,145.288,4984.0,12.0,48.66,0.201,0.064,0.122,145.706,145.218,39.95,54.9,18.66,13.69,17.97,51.04,145.059,34.78,0.142,0,0,0,0,0,0,0,1,1
2022-11-22 18:00:00,4.400000000000002,4.400000000000002,0.1501706484641639,1.0,1.0,1.0,1.0,1.0,1080,2.0,145.361,145.437,145.15,145.189,5373.0,18.0,47.45,0.255,-0.012,0.029,145.743,144.997,66.01,54.7,15.83,20.71,15.74,55.65,145.086,56.32,0.137,0,0,0,0,0,1,0,0,1
2022-11-23 12:00:00,0.20000000000000284,0.20000000000000284,0.004048582995951474,1.0,1.0,1.0,1.0,2.0,720,3.0,145.941,145.946,145.738,145.833,5012.0,12.0,56.93,0.169,0.156,0.148,146.148,145.153,35.72,43.35,54.57,26.41,10.28,58.47,145.282,49.42,0.14,1,0,0,0,0,0,0,0,1
2022-11-23 12:00:00,0.7999999999999972,0.7999999999999972,0.016842105263157835,1.0,1.0,1.0,1.0,2.0,720,3.0,145.941,145.946,145.738,145.833,5012.0,12.0,56.93,0.169,0.156,0.148,146.148,145.153,35.72,43.35,54.57,26.41,10.28,58.47,145.282,49.42,0.14,1,0,0,0,0,0,0,0,1
2022-11-23 12:00:00,0.5999999999999943,0.5999999999999943,0.012448132780082869,1.0,1.0,1.0,1.0,2.0,720,3.0,145.941,145.946,145.738,145.833,5012.0,12.0,56.93,0.169,0.156,0.148,146.148,145.153,35.72,43.35,54.57,26.41,10.28,58.47,145.282,49.42,0.14,1,0,0,0,0,0,0,0,1
2022-11-28 12:00:00,-0.7000000000000002,0.7000000000000002,-0.08536585365853662,1.0,-1.0,-1.0,2.0,1.0,720,1.0,143.927,144.34,143.81,144.333,7390.0,12.0,54.96,0.398,-0.204,-0.256,145.249,143.003,96.72,86.99,33.87,27.62,19.43,53.22,144.749,62.4,0.204,0,0,0,1,0,0,0,0,1
2022-11-28 12:00:00,-0.5,0.5,-0.04807692307692307,1.0,-1.0,-1.0,2.0,1.0,720,1.0,143.927,144.34,143.81,144.333,7390.0,12.0,54.96,0.398,-0.204,-0.256,145.249,143.003,96.72,86.99,33.87,27.62,19.43,53.22,144.749,62.4,0.204,0,0,0,1,0,0,0,0,1
2022-11-28 12:00:00,-1.4000000000000004,1.4000000000000004,-0.1866666666666667,1.0,-1.0,-1.0,2.0,1.0,720,1.0,143.927,144.34,143.81,144.333,7390.0,12.0,54.96,0.398,-0.204,-0.256,145.249,143.003,96.72,86.99,33.87,27.62,19.43,53.22,144.749,62.4,0.204,0,0,0,1,0,0,0,0,1
2022-11-28 12:00:00,-0.20000000000000018,0.20000000000000018,-0.03703703703703707,1.0,-1.0,-1.0,2.0,2.0,720,1.0,143.927,144.34,143.81,144.333,7390.0,12.0,54.96,0.398,-0.204,-0.256,145.249,143.003,96.72,86.99,33.87,27.62,19.43,53.22,144.749,62.4,0.204,0,0,0,1,0,0,0,0,1
2022-11-29 13:00:00,-1.2,1.2,-0.6666666666666666,1.0,-1.0,-1.0,2.0,1.0,780,2.0,143.247,143.263,143.087,143.213,5051.0,13.0,35.9,0.313,-0.207,-0.151,144.124,143.131,20.87,21.87,27.98,9.85,20.94,39.21,144.217,40.78,0.219,0,0,0,0,0,1,0,0,1
2022-11-29 13:00:00,-1.1,1.1,-0.25,1.0,-1.0,-1.0,2.0,1.0,780,2.0,143.247,143.263,143.087,143.213,5051.0,13.0,35.9,0.313,-0.207,-0.151,144.124,143.131,20.87,21.87,27.98,9.85,20.94,39.21,144.217,40.78,0.219,0,0,0,0,0,1,0,0,1
2022-11-29 13:00:00,0.7000000000000028,0.7000000000000028,0.007446808510638328,1.0,1.0,1.0,1.0,2.0,780,2.0,143.247,143.263,143.087,143.213,5051.0,13.0,35.9,0.313,-0.207,-0.151,144.124,143.131,20.87,21.87,27.98,9.85,20.94,39.21,144.217,40.78,0.219,0,0,0,0,0,1,0,0,1
2022-11-29 13:00:00,-4.5,4.5,-0.12640449438202248,1.0,-1.0,-1.0,2.0,3.0,780,2.0,143.247,143.263,143.087,143.213,5051.0,13.0,35.9,0.313,-0.207,-0.151,144.124,143.131,20.87,21.87,27.98,9.85,20.94,39.21,144.217,40.78,0.219,0,0,0,0,0,1,0,0,1
2022-11-29 13:00:00,3.3999999999999986,3.3999999999999986,0.08947368421052627,1.0,1.0,1.0,1.0,1.0,780,2.0,143.247,143.263,143.087,143.213,5051.0,13.0,35.9,0.313,-0.207,-0.151,144.124,143.131,20.87,21.87,27.98,9.85,20.94,39.21,144.217,40.78,0.219,0,0,0,0,0,1,0,0,1
2022-11-30 13:00:00,-0.6,0.6,-0.37499999999999994,1.0,-1.0,-1.0,2.0,1.0,780,3.0,143.764,143.889,143.712,143.735,5705.0,13.0,59.1,0.224,0.049,-0.019,143.808,143.007,64.27,70.68,31.46,33.12,11.38,54.64,143.927,55.2,0.185,0,1,0,0,0,0,0,0,1
2022-11-30 13:00:00,-1.6,1.6,-0.64,1.0,-1.0,-1.0,2.0,2.0,780,3.0,143.764,143.889,143.712,143.735,5705.0,13.0,59.1,0.224,0.049,-0.019,143.808,143.007,64.27,70.68,31.46,33.12,11.38,54.64,143.927,55.2,0.185,0,1,0,0,0,0,0,0,1
2022-11-30 13:00:00,-0.20000000000000018,0.20000000000000018,-0.03225806451612906,1.0,-1.0,-1.0,2.0,2.0,780,3.0,143.764,143.889,143.712,143.735,5705.0,13.0,59.1,0.224,0.049,-0.019,143.808,143.007,64.27,70.68,31.46,33.12,11.38,54.64,143.927,55.2,0.185,0,1,0,0,0,0,0,0,1
2022-11-30 13:00:00,-1.1999999999999993,1.1999999999999993,-0.09836065573770486,1.0,-1.0,-1.0,2.0,3.0,780,3.0,143.764,143.889,143.712,143.735,5705.0,13.0,59.1,0.224,0.049,-0.019,143.808,143.007,64.27,70.68,31.46,33.12,11.38,54.64,143.927,55.2,0.185,0,1,0,0,0,0,0,0,1
2022-11-30 13:00:00,-0.49999999999999994,0.49999999999999994,-0.2941176470588235,1.0,-1.0,-1.0,2.0,1.0,780,3.0,143.764,143.889,143.712,143.735,5705.0,13.0,59.1,0.224,0.049,-0.019,143.808,143.007,64.27,70.68,31.46,33.12,11.38,54.64,143.927,55.2,0.185,0,1,0,0,0,0,0,0,1
2022-11-30 13:00:00,-0.10000000000000053,0.10000000000000053,-0.012987012987013056,1.0,-1.0,-1.0,2.0,1.0,780,3.0,143.764,143.889,143.712,143.735,5705.0,13.0,59.1,0.224,0.049,-0.019,143.808,143.007,64.27,70.68,31.46,33.12,11.38,54.64,143.927,55.2,0.185,0,1,0,0,0,0,0,0,1
2022-12-01 12:00:00,-0.19999999999999574,0.19999999999999574,-0.0041407867494823135,1.0,-1.0,-1.0,2.0,2.0,720,4.0,142.347,142.497,142.162,142.175,7398.0,12.0,32.7,0.364,-0.366,-0.293,144.209,141.769,47.46,40.42,44.48,11.83,26.39,42.07,143.558,47.98,0.209,1,0,0,0,0,0,0,0,1
2022-12-01 13:00:00,-0.09999999999999964,0.09999999999999964,-0.01315789473684206,1.0,1.0,1.0,1.0,2.0,780,4.0,142.176,142.286,142.126,142.196,6347.0,13.0,33.31,0.363,-0.37,-0.313,144.14,141.691,45.54,44.62,44.31,10.26,25.87,42.07,143.558,41.4,0.187,0,0,1,0,0,0,0,0,1
2022-12-02 13:00:00,-5.699999999999999,5.699999999999999,-1.4999999999999998,1.0,-1.0,-1.0,2.0,1.0,780,5.0,141.135,141.235,141.019,141.205,5453.0,13.0,31.59,0.318,-0.385,-0.256,142.995,141.041,24.5,17.37,26.32,13.01,24.34,37.54,143.011,32.49,0.211,0,1,0,0,0,0,0,0,1
2022-12-02 13:00:00,-8.499999999999996,8.499999999999996,-0.21091811414392053,1.0,-1.0,-1.0,2.0,1.0,780,5.0,141.135,141.235,141.019,141.205,5453.0,13.0,31.59,0.318,-0.385,-0.256,142.995,141.041,24.5,17.37,26.32,13.01,24.34,37.54,143.011,32.49,0.211,0,1,0,0,0,0,0,0,1
2022-12-05 12:00:00,-0.10000000000000142,0.10000000000000142,-0.002016129032258093,1.0,-1.0,-1.0,2.0,2.0,720,1.0,142.795,142.829,142.467,142.653,6395.0,12.0,64.05,0.276,0.192,0.062,142.83,141.227,80.36,79.8,49.33,31.73,12.36,55.4,142.685,62.24,0.184,1,0,0,0,0,0,0,0,1
2022-12-05 12:30:00,6.100000000000001,6.100000000000001,0.21708185053380788,1.0,1.0,1.0,1.0,1.0,750,1.0,142.795,142.829,142.467,142.653,6395.0,12.0,64.05,0.276,0.192,0.062,142.83,141.227,80.36,79.8,49.33,31.73,12.36,55.4,142.685,62.24,0.184,0,0,0,0,0,1,0,0,1
2022-12-05 13:00:00,-1.2000000000000002,1.2000000000000002,-0.7500000000000001,1.0,-1.0,-1.0,2.0,1.0,780,1.0,142.653,143.031,142.606,142.916,5570.0,13.0,68.55,0.295,0.225,0.095,142.967,141.195,77.86,79.55,49.68,33.84,10.71,55.4,142.685,59.87,0.175,0,0,0,0,0,0,1,0,1
2022-12-05 13:00:00,-5.4,5.4,-1.4594594594594594,1.0,-1.0,-1.0,2.0,1.0,780,1.0,142.653,143.031,142.606,142.916,5570.0,13.0,68.55,0.295,0.225,0.095,142.967,141.195,77.86,79.55,49.68,33.84,10.71,55.4,142.685,59.87,0.175,0,0,0,0,0,0,1,0,1
2022-12-07 13:00:00,0.09999999999999998,0.09999999999999998,0.08333333333333331,1.0,1.0,1.0,1.0,1.0,780,3.0,144.295,144.488,144.182,144.394,6068.0,13.0,74.29,0.272,0.231,0.129,144.315,142.971,87.82,84.92,44.64,33.28,4.73,61.23,142.867,61.06,0.175,0,0,1,0,0,0,0,0,1
2022-12-07 13:00:00,0.10000000000000009,0.10000000000000009,0.03703703703703707,1.0,1.0,1.0,1.0,1.0,780,3.0,144.295,144.488,144.182,144.394,6068.0,13.0,74.29,0.272,0.231,0.129,144.315,142.971,87.82,84.92,44.64,33.28,4.73,61.23,142.867,61.06,0.175,0,0,1,0,0,0,0,0,1
2022-12-07 13:00:00,0.09999999999999998,0.09999999999999998,0.08333333333333331,1.0,1.0,1.0,1.0,2.0,780,3.0,144.295,144.488,144.182,144.394,6068.0,13.0,74.29,0.272,0.231,0.129,144.315,142.971,87.82,84.92,44.64,33.28,4.73,61.23,142.867,61.06,0.175,1,0,0,0,0,0,0,0,1
2022-12-07 13:00:00,0.19999999999999973,0.19999999999999973,0.06451612903225798,1.0,1.0,1.0,1.0,2.0,780,3.0,144.295,144.488,144.182,144.394,6068.0,13.0,74.29,0.272,0.231,0.129,144.315,142.971,87.82,84.92,44.64,33.28,4.73,61.23,142.867,61.06,0.175,1,0,0,0,0,0,0,0,1
2022-12-13 13:05:00,43.6,43.6,0.6392961876832844,1.0,1.0,1.0,1.0,2.0,785,2.0,144.977,145.075,144.924,144.928,5472.0,13.0,52.27,0.239,0.158,0.223,145.273,144.836,31.23,41.82,17.45,10.55,12.58,46.0,144.152,47.31,0.164,0,0,0,0,0,1,0,0,1
2022-12-14 13:00:00,-0.30000000000000027,0.30000000000000027,-0.0638297872340426,1.0,-1.0,-1.0,2.0,1.0,780,3.0,143.75,143.768,143.566,143.741,7241.0,13.0,37.42,0.241,-0.15,-0.152,144.289,143.659,49.41,56.51,16.96,12.72,17.69,44.51,144.219,34.6,0.199,1,0,0,0,0,0,0,0,1
2022-12-14 13:00:00,-2.0,2.0,-2.0,1.0,-1.0,-1.0,2.0,2.0,780,3.0,143.75,143.768,143.566,143.741,7241.0,13.0,37.42,0.241,-0.15,-0.152,144.289,143.659,49.41,56.51,16.96,12.72,17.69,44.51,144.219,34.6,0.199,1,0,0,0,0,0,0,0,1
2022-12-16 12:00:00,1.0,1.0,0.020920502092050212,1.0,1.0,1.0,1.0,2.0,720,5.0,145.555,145.76,145.492,145.683,7577.0,12.0,47.42,0.266,0.144,0.31,146.794,145.642,16.71,20.52,30.88,8.14,23.64,59.46,144.888,38.0,0.194,1,0,0,0,0,0,0,0,1
2022-12-16 12:00:00,0.6000000000000014,0.6000000000000014,0.01212121212121215,1.0,1.0,1.0,1.0,2.0,720,5.0,145.555,145.76,145.492,145.683,7577.0,12.0,47.42,0.266,0.144,0.31,146.794,145.642,16.71,20.52,30.88,8.14,23.64,59.46,144.888,38.0,0.194,1,0,0,0,0,0,0,0,1
2022-12-16 12:00:00,0.7999999999999972,0.7999999999999972,0.01632653061224484,1.0,1.0,1.0,1.0,2.0,720,5.0,145.555,145.76,145.492,145.683,7577.0,12.0,47.42,0.266,0.144,0.31,146.794,145.642,16.71,20.52,30.88,8.14,23.64,59.46,144.888,38.0,0.194,1,0,0,0,0,0,0,0,1
2022-12-16 13:00:00,0.09999999999999964,0.09999999999999964,0.00909090909090906,1.0,1.0,1.0,1.0,3.0,780,5.0,145.682,145.8,145.509,145.732,6839.0,13.0,48.6,0.27,0.116,0.273,146.772,145.584,16.38,14.99,32.02,8.89,20.49,59.46,144.888,35.49,0.187,0,1,0,0,0,0,0,0,1
2022-12-16 13:00:00,20.3,20.3,0.4092741935483871,1.0,1.0,1.0,1.0,2.0,780,5.0,145.682,145.8,145.509,145.732,6839.0,13.0,48.6,0.27,0.116,0.273,146.772,145.584,16.38,14.99,32.02,8.89,20.49,59.46,144.888,35.49,0.187,0,0,0,0,0,0,0,1,1
2022-12-16 13:00:00,22.4,22.4,0.44889779559118237,1.0,1.0,1.0,1.0,2.0,780,5.0,145.682,145.8,145.509,145.732,6839.0,13.0,48.6,0.27,0.116,0.273,146.772,145.584,16.38,14.99,32.02,8.89,20.49,59.46,144.888,35.49,0.187,0,0,0,0,0,0,0,1,1
2022-12-16 13:00:00,-1.1,1.1,-0.55,1.0,-1.0,-1.0,2.0,1.0,780,5.0,145.682,145.8,145.509,145.732,6839.0,13.0,48.6,0.27,0.116,0.273,146.772,145.584,16.38,14.99,32.02,8.89,20.49,59.46,144.888,35.49,0.187,0,1,0,0,0,0,0,0,1
2022-12-16 13:00:00,-0.9000000000000004,0.9000000000000004,-0.07438016528925623,1.0,-1.0,-1.0,2.0,1.0,780,5.0,145.682,145.8,145.509,145.732,6839.0,13.0,48.6,0.27,0.116,0.273,146.772,145.584,16.38,14.99,32.02,8.89,20.49,59.46,144.888,35.49,0.187,0,1,0,0,0,0,0,0,1
2022-12-16 13:00:00,0.09999999999999998,0.09999999999999998,0.08333333333333331,1.0,1.0,1.0,1.0,1.0,780,5.0,145.682,145.8,145.509,145.732,6839.0,13.0,48.6,0.27,0.116,0.273,146.772,145.584,16.38,14.99,32.02,8.89,20.49,59.46,144.888,35.49,0.187,0,1,0,0,0,0,0,0,1
2022-12-19 13:00:00,1.3,1.3,1.3,1.0,1.0,1.0,1.0,1.0,780,1.0,144.545,144.609,144.471,144.584,6024.0,13.0,45.27,0.353,-0.218,-0.288,144.943,144.143,47.21,47.71,18.55,14.23,11.79,51.63,144.81,49.57,0.161,1,0,0,0,0,0,0,0,1
2022-12-19 13:00:00,-0.7999999999999998,0.7999999999999998,-0.2051282051282051,1.0,-1.0,-1.0,2.0,2.0,780,1.0,144.545,144.609,144.471,144.584,6024.0,13.0,45.27,0.353,-0.218,-0.288,144.943,144.143,47.21,47.71,18.55,14.23,11.79,51.63,144.81,49.57,0.161,0,0,1,0,0,0,0,0,1
2022-12-19 13:00:00,-0.10000000000000009,0.10000000000000009,-0.025000000000000022,1.0,-1.0,-1.0,2.0,1.0,780,1.0,144.545,144.609,144.471,144.584,6024.0,13.0,45.27,0.353,-0.218,-0.288,144.943,144.143,47.21,47.71,18.55,14.23,11.79,51.63,144.81,49.57,0.161,0,0,0,0,1,0,0,0,1
2022-12-19 13:00:00,-0.7999999999999998,0.7999999999999998,-0.19999999999999996,1.0,-1.0,-1.0,2.0,1.0,780,1.0,144.545,144.609,144.471,144.584,6024.0,13.0,45.27,0.353,-0.218,-0.288,144.943,144.143,47.21,47.71,18.55,14.23,11.79,51.63,144.81,49.57,0.161,1,0,0,0,0,0,0,0,1
2022-12-20 12:00:00,11.2,11.2,0.8888888888888888,1.0,1.0,1.0,1.0,1.0,720,2.0,140.462,141.004,140.462,140.739,9066.0,12.0,24.55,0.787,-1.176,-0.679,147.911,139.231,30.13,19.23,21.53,17.75,19.29,26.07,144.556,39.06,0.377,0,0,0,0,0,0,0,1,1
2022-12-20 12:00:00,9.4,9.4,0.6351351351351351,1.0,1.0,1.0,1.0,1.0,720,2.0,140.462,141.004,140.462,140.739,9066.0,12.0,24.55,0.787,-1.176,-0.679,147.911,139.231,30.13,19.23,21.53,17.75,19.29,26.07,144.556,39.06,0.377,0,0,0,0,0,0,0,1,1
2022-12-20 18:00:00,2.1000000000000014,2.1000000000000014,0.08300395256917001,1.0,1.0,1.0,1.0,1.0,1080,2.0,139.789,139.872,139.26,139.393,10972.0,18.0,23.34,0.949,-1.249,-1.167,146.543,137.657,12.34,20.18,21.47,12.37,32.34,22.81,144.362,23.31,0.277,0,0,0,0,0,1,0,0,1
2022-12-29 12:00:00,0.7000000000000002,0.7000000000000002,0.13725490196078435,1.0,1.0,1.0,1.0,1.0,720,4.0,142.391,142.403,142.239,142.333,4820.0,12.0,51.52,0.232,-0.042,-0.036,142.863,141.852,78.3,66.87,31.01,15.87,16.83,49.51,141.661,56.43,0.141,0,0,0,1,0,0,0,0,1
2022-12-29 12:00:00,-0.40000000000000036,0.40000000000000036,-0.040816326530612276,1.0,-1.0,-1.0,2.0,1.0,720,4.0,142.391,142.403,142.239,142.333,4820.0,12.0,51.52,0.232,-0.042,-0.036,142.863,141.852,78.3,66.87,31.01,15.87,16.83,49.51,141.661,56.43,0.141,0,0,0,1,0,0,0,0,1
2023-01-04 12:00:00,0.6999999999999957,0.6999999999999957,0.013972055888223468,1.0,1.0,1.0,1.0,2.0,720,3.0,138.389,138.634,138.388,138.528,6222.0,12.0,54.08,0.303,-0.034,-0.11,138.565,137.836,83.57,69.22,16.67,17.31,15.81,38.57,139.522,60.03,0.204,1,0,0,0,0,0,0,0,1
2023-01-04 12:00:00,0.5,0.5,0.010040160642570281,1.0,1.0,1.0,1.0,2.0,720,3.0,138.389,138.634,138.388,138.528,6222.0,12.0,54.08,0.303,-0.034,-0.11,138.565,137.836,83.57,69.22,16.67,17.31,15.81,38.57,139.522,60.03,0.204,1,0,0,0,0,0,0,0,1
2023-01-05 13:00:00,-1.0999999999999979,1.0999999999999979,-0.03767123287671226,1.0,-1.0,-1.0,2.0,1.0,780,4.0,140.687,140.707,140.51,140.561,5143.0,13.0,61.64,0.299,0.402,0.441,140.892,140.054,48.09,57.98,25.44,20.6,17.5,62.78,139.358,48.1,0.196,0,1,0,0,0,0,0,0,1
2023-01-05 13:00:00,-0.4,0.4,-0.26666666666666666,1.0,-1.0,-1.0,2.0,1.0,780,4.0,140.687,140.707,140.51,140.561,5143.0,13.0,61.64,0.299,0.402,0.441,140.892,140.054,48.09,57.98,25.44,20.6,17.5,62.78,139.358,48.1,0.196,0,1,0,0,0,0,0,0,1
2023-01-06 13:00:00,0.39999999999999997,0.39999999999999997,0.30769230769230765,1.0,1.0,1.0,1.0,1.0,780,5.0,141.191,141.296,141.065,141.188,6104.0,13.0,62.43,0.3,0.249,0.215,141.483,139.993,70.75,75.27,40.75,17.28,9.82,54.25,139.549,53.61,0.145,0,1,0,0,0,0,0,0,1
2023-01-06 13:00:00,-1.3000000000000007,1.3000000000000007,-0.11304347826086962,1.0,-1.0,-1.0,2.0,3.0,780,5.0,141.191,141.296,141.065,141.188,6104.0,13.0,62.43,0.3,0.249,0.215,141.483,139.993,70.75,75.27,40.75,17.28,9.82,54.25,139.549,53.61,0.145,0,1,0,0,0,0,0,0,1
2023-01-06 13:00:00,-5.199999999999999,5.199999999999999,-1.5294117647058822,1.0,-1.0,-1.0,2.0,1.0,780,5.0,141.191,141.296,141.065,141.188,6104.0,13.0,62.43,0.3,0.249,0.215,141.483,139.993,70.75,75.27,40.75,17.28,9.82,54.25,139.549,53.61,0.145,0,0,0,0,0,0,1,0,1
2023-01-06 13:00:00,0.7000000000000001,0.7000000000000001,0.6363636363636364,1.0,1.0,1.0,1.0,1.0,780,5.0,141.191,141.296,141.065,141.188,6104.0,13.0,62.43,0.3,0.249,0.215,141.483,139.993,70.75,75.27,40.75,17.28,9.82,54.25,139.549,53.61,0.145,0,0,0,0,0,0,1,0,1
2023-01-06 13:00:00,-1.1,1.1,-0.6111111111111112,1.0,-1.0,-1.0,2.0,2.0,780,5.0,141.191,141.296,141.065,141.188,6104.0,13.0,62.43,0.3,0.249,0.215,141.483,139.993,70.75,75.27,40.75,17.28,9.82,54.25,139.549,53.61,0.145,0,1,0,0,0,0,0,0,1
2023-01-06 13:00:00,4.199999999999999,4.199999999999999,1.354838709677419,1.0,1.0,1.0,1.0,1.0,780,5.0,141.191,141.296,141.065,141.188,6104.0,13.0,62.43,0.3,0.249,0.215,141.483,139.993,70.75,75.27,40.75,17.28,9.82,54.25,139.549,53.61,0.145,0,0,0,0,0,1,0,0,1
2023-01-06 13:00:00,7.299999999999997,7.299999999999997,0.22741433021806845,1.0,1.0,1.0,1.0,1.0,780,5.0,141.191,141.296,141.065,141.188,6104.0,13.0,62.43,0.3,0.249,0.215,141.483,139.993,70.75,75.27,40.75,17.28,9.82,54.25,139.549,53.61,0.145,0,0,0,0,0,1,0,0,1
2023-01-06 13:00:00,-6.699999999999999,6.699999999999999,-0.21337579617834393,1.0,-1.0,-1.0,2.0,3.0,780,5.0,141.191,141.296,141.065,141.188,6104.0,13.0,62.43,0.3,0.249,0.215,141.483,139.993,70.75,75.27,40.75,17.28,9.82,54.25,139.549,53.61,0.145,0,0,0,0,0,1,0,0,1
2023-01-06 13:00:00,2.799999999999997,2.799999999999997,0.02978723404255316,1.0,1.0,1.0,1.0,2.0,780,5.0,141.191,141.296,141.065,141.188,6104.0,13.0,62.43,0.3,0.249,0.215,141.483,139.993,70.75,75.27,40.75,17.28,9.82,54.25,139.549,53.61,0.145,0,0,0,0,0,1,0,0,1
2023-01-06 13:00:00,0.7,0.7,0.6363636363636362,1.0,1.0,1.0,1.0,1.0,780,5.0,141.191,141.296,141.065,141.188,6104.0,13.0,62.43,0.3,0.249,0.215,141.483,139.993,70.75,75.27,40.75,17.28,9.82,54.25,139.549,53.61,0.145,0,1,0,0,0,0,0,0,1
2023-01-06 13:00:00,0.10000000000000009,0.10000000000000009,0.03846153846153849,1.0,1.0,1.0,1.0,1.0,780,5.0,141.191,141.296,141.065,141.188,6104.0,13.0,62.43,0.3,0.249,0.215,141.483,139.993,70.75,75.27,40.75,17.28,9.82,54.25,139.549,53.61,0.145,0,0,0,0,0,1,0,0,1
2023-01-09 12:30:00,-6.4,6.4,-0.5289256198347108,1.0,-1.0,-1.0,2.0,1.0,750,1.0,141.343,141.568,141.188,141.49,7043.0,12.0,69.53,0.282,0.153,0.014,141.362,140.03,91.1,91.03,35.6,34.14,8.01,61.5,140.123,66.41,0.163,0,0,0,0,0,1,0,0,1
2023-01-13 13:00:00,1.2,1.2,1.0,1.0,1.0,1.0,1.0,2.0,780,5.0,139.213,139.235,138.946,139.202,7447.0,13.0,21.95,0.342,-0.489,-0.444,140.749,139.071,28.09,26.33,59.72,5.84,27.82,23.63,141.264,32.3,0.187,1,0,0,0,0,0,0,0,1
2023-01-13 13:00:00,-2.0999999999999996,2.0999999999999996,-0.4117647058823529,1.0,-1.0,-1.0,2.0,1.0,780,5.0,139.213,139.235,138.946,139.202,7447.0,13.0,21.95,0.342,-0.489,-0.444,140.749,139.071,28.09,26.33,59.72,5.84,27.82,23.63,141.264,32.3,0.187,1,0,0,0,0,0,0,0,1
2023-01-13 13:00:00,19.099999999999998,19.099999999999998,0.5410764872521246,1.0,1.0,1.0,1.0,2.0,780,5.0,139.213,139.235,138.946,139.202,7447.0,13.0,21.95,0.342,-0.489,-0.444,140.749,139.071,28.09,26.33,59.72,5.84,27.82,23.63,141.264,32.3,0.187,0,0,0,0,0,0,0,1,1
2023-01-13 13:00:00,29.3,29.3,0.6976190476190476,1.0,1.0,1.0,1.0,2.0,780,5.0,139.213,139.235,138.946,139.202,7447.0,13.0,21.95,0.342,-0.489,-0.444,140.749,139.071,28.09,26.33,59.72,5.84,27.82,23.63,141.264,32.3,0.187,0,0,0,0,0,0,0,1,1
2023-01-17 13:05:00,78.2,78.2,1.2512,1.0,1.0,1.0,1.0,2.0,785,2.0,139.467,139.539,139.306,139.413,6496.0,13.0,57.01,0.265,0.103,0.101,139.562,138.908,66.65,50.39,14.82,17.36,13.31,46.57,139.818,54.67,0.163,0,0,0,0,0,1,0,0,1
2023-01-18 13:00:00,-1.5999999999999996,1.5999999999999996,-0.134453781512605,1.0,-1.0,-1.0,2.0,1.0,780,3.0,140.198,140.224,139.47,139.5,9039.0,13.0,46.51,0.692,0.373,0.439,142.046,137.193,9.92,15.26,25.19,15.84,29.66,46.08,139.25,39.59,0.272,0,1,0,0,0,0,0,0,1
2023-01-18 13:00:00,-1.2000000000000002,1.2000000000000002,-0.6666666666666667,1.0,-1.0,-1.0,2.0,1.0,780,3.0,140.198,140.224,139.47,139.5,9039.0,13.0,46.51,0.692,0.373,0.439,142.046,137.193,9.92,15.26,25.19,15.84,29.66,46.08,139.25,39.59,0.272,0,1,0,0,0,0,0,0,1
2023-01-18 13:00:00,-1.7,1.7,-0.425,1.0,-1.0,-1.0,2.0,1.0,780,3.0,140.198,140.224,139.47,139.5,9039.0,13.0,46.51,0.692,0.373,0.439,142.046,137.193,9.92,15.26,25.19,15.84,29.66,46.08,139.25,39.59,0.272,1,0,0,0,0,0,0,0,1
2023-01-18 13:00:00,-0.8,0.8,-0.8,1.0,-1.0,-1.0,2.0,1.0,780,3.0,140.198,140.224,139.47,139.5,9039.0,13.0,46.51,0.692,0.373,0.439,142.046,137.193,9.92,15.26,25.19,15.84,29.66,46.08,139.25,39.59,0.272,1,0,0,0,0,0,0,0,1
2023-01-18 13:00:00,-0.10000000000000003,0.10000000000000003,-0.07692307692307694,1.0,-1.0,-1.0,2.0,2.0,780,3.0,140.198,140.224,139.47,139.5,9039.0,13.0,46.51,0.692,0.373,0.439,142.046,137.193,9.92,15.26,25.19,15.84,29.66,46.08,139.25,39.59,0.272,0,1,0,0,0,0,0,0,1
2023-01-19 12:00:00,10.8,10.8,2.842105263157895,1.0,1.0,1.0,1.0,1.0,720,4.0,138.908,139.422,138.908,139.157,6960.0,12.0,54.35,0.329,-0.192,-0.284,139.416,138.096,86.83,78.98,37.22,33.22,16.21,45.37,139.021,68.41,0.18,0,0,0,0,0,0,0,1,1
2023-01-19 12:00:00,22.700000000000003,22.700000000000003,2.203883495145631,1.0,1.0,1.0,1.0,1.0,720,4.0,138.908,139.422,138.908,139.157,6960.0,12.0,54.35,0.329,-0.192,-0.284,139.416,138.096,86.83,78.98,37.22,33.22,16.21,45.37,139.021,68.41,0.18,0,0,0,0,0,0,0,1,1
2023-01-23 18:00:00,1.6000000000000014,1.6000000000000014,0.06808510638297878,1.0,1.0,1.0,1.0,1.0,1080,1.0,141.9,141.984,141.843,141.984,7245.0,18.0,67.43,0.349,0.409,0.419,142.366,140.361,85.02,73.92,50.63,22.24,6.45,67.43,139.933,57.31,0.158,0,0,0,0,0,1,0,0,1
2023-01-24 12:00:00,0.6999999999999957,0.6999999999999957,0.014256619144602764,1.0,1.0,1.0,1.0,2.0,720,2.0,141.311,141.45,141.282,141.384,5076.0,12.0,44.17,0.251,0.013,0.126,142.219,141.29,20.45,18.88,44.94,4.82,15.76,61.78,140.374,41.1,0.183,1,0,0,0,0,0,0,0,1
2023-01-24 12:00:00,1.3000000000000043,1.3000000000000043,0.02579365079365088,1.0,1.0,1.0,1.0,2.0,720,2.0,141.311,141.45,141.282,141.384,5076.0,12.0,44.17,0.251,0.013,0.126,142.219,141.29,20.45,18.88,44.94,4.82,15.76,61.78,140.374,41.1,0.183,1,0,0,0,0,0,0,0,1
2023-01-24 12:00:00,1.2000000000000028,1.2000000000000028,0.024000000000000056,1.0,1.0,1.0,1.0,2.0,720,2.0,141.311,141.45,141.282,141.384,5076.0,12.0,44.17,0.251,0.013,0.126,142.219,141.29,20.45,18.88,44.94,4.82,15.76,61.78,140.374,41.1,0.183,1,0,0,0,0,0,0,0,1
2023-01-27 12:00:00,0.09999999999999964,0.09999999999999964,0.019999999999999928,1.0,1.0,1.0,1.0,1.0,720,5.0,141.326,141.377,141.172,141.37,5233.0,12.0,48.07,0.274,-0.036,-0.037,141.915,141.047,61.33,63.05,15.04,13.22,18.21,45.38,141.524,48.38,0.139,0,0,0,1,0,0,0,0,1
2023-01-27 12:00:00,-0.10000000000000009,0.10000000000000009,-0.020408163265306138,1.0,-1.0,-1.0,2.0,2.0,720,5.0,141.326,141.377,141.172,141.37,5233.0,12.0,48.07,0.274,-0.036,-0.037,141.915,141.047,61.33,63.05,15.04,13.22,18.21,45.38,141.524,48.38,0.139,0,0,0,1,0,0,0,0,1
2023-01-27 12:00:00,-1.6000000000000005,1.6000000000000005,-0.17977528089887646,1.0,-1.0,-1.0,2.0,1.0,720,5.0,141.326,141.377,141.172,141.37,5233.0,12.0,48.07,0.274,-0.036,-0.037,141.915,141.047,61.33,63.05,15.04,13.22,18.21,45.38,141.524,48.38,0.139,0,0,0,1,0,0,0,0,1
2023-01-27 12:00:00,-0.6000000000000005,0.6000000000000005,-0.0869565217391305,1.0,-1.0,-1.0,2.0,1.0,720,5.0,141.326,141.377,141.172,141.37,5233.0,12.0,48.07,0.274,-0.036,-0.037,141.915,141.047,61.33,63.05,15.04,13.22,18.21,45.38,141.524,48.38,0.139,0,0,0,1,0,0,0,0,1
2023-01-30 13:00:00,-9.399999999999999,9.399999999999999,-0.2222222222222222,1.0,-1.0,-1.0,2.0,1.0,780,1.0,141.695,141.888,141.686,141.839,5942.0,13.0,62.41,0.314,0.072,-0.032,141.865,140.598,94.39,86.88,19.74,28.69,18.54,54.9,141.432,69.53,0.182,0,0,0,0,0,1,0,0,1
2023-01-30 13:00:00,-6.800000000000001,6.800000000000001,-0.2666666666666667,1.0,-1.0,-1.0,2.0,3.0,780,1.0,141.695,141.888,141.686,141.839,5942.0,13.0,62.41,0.314,0.072,-0.032,141.865,140.598,94.39,86.88,19.74,28.69,18.54,54.9,141.432,69.53,0.182,0,0,0,0,0,1,0,0,1
2023-01-30 13:00:00,3.0,3.0,1.111111111111111,1.0,1.0,1.0,1.0,1.0,780,1.0,141.695,141.888,141.686,141.839,5942.0,13.0,62.41,0.314,0.072,-0.032,141.865,140.598,94.39,86.88,19.74,28.69,18.54,54.9,141.432,69.53,0.182,0,0,0,0,0,1,0,0,1
2023-01-30 13:00:00,6.3999999999999995,6.3999999999999995,1.2075471698113207,1.0,1.0,1.0,1.0,1.0,780,1.0,141.695,141.888,141.686,141.839,5942.0,13.0,62.41,0.314,0.072,-0.032,141.865,140.598,94.39,86.88,19.74,28.69,18.54,54.9,141.432,69.53,0.182,0,0,0,0,0,1,0,0,1
2023-01-30 13:00:00,5.300000000000011,5.300000000000011,0.05543933054393318,1.0,1.0,1.0,1.0,2.0,780,1.0,141.695,141.888,141.686,141.839,5942.0,13.0,62.41,0.314,0.072,-0.032,141.865,140.598,94.39,86.88,19.74,28.69,18.54,54.9,141.432,69.53,0.182,0,0,0,0,0,1,0,0,1
2023-01-31 13:00:00,-0.1,0.1,-0.08333333333333334,1.0,-1.0,-1.0,2.0,2.0,780,2.0,141.121,141.336,141.076,141.335,4551.0,13.0,50.73,0.231,-0.074,-0.058,141.763,140.928,82.28,60.22,41.0,12.77,17.95,45.31,141.338,50.88,0.167,1,0,0,0,0,0,0,0,1
2023-01-31 13:00:00,-0.30000000000000027,0.30000000000000027,-0.09375000000000008,1.0,-1.0,-1.0,2.0,2.0,780,2.0,141.121,141.336,141.076,141.335,4551.0,13.0,50.73,0.231,-0.074,-0.058,141.763,140.928,82.28,60.22,41.0,12.77,17.95,45.31,141.338,50.88,0.167,1,0,0,0,0,0,0,0,1
2023-02-01 13:00:00,-0.6000000000000001,0.6000000000000001,-0.5000000000000001,1.0,-1.0,-1.0,2.0,1.0,780,3.0,141.404,141.471,141.323,141.389,5760.0,13.0,50.81,0.191,0.043,0.035,141.692,141.084,22.22,32.14,21.33,16.16,17.13,47.0,141.332,44.3,0.132,0,1,0,0,0,0,0,0,1
2023-02-01 13:00:00,-0.10000000000000003,0.10000000000000003,-0.07692307692307694,1.0,-1.0,-1.0,2.0,2.0,780,3.0,141.404,141.471,141.323,141.389,5760.0,13.0,50.81,0.191,0.043,0.035,141.692,141.084,22.22,32.14,21.33,16.16,17.13,47.0,141.332,44.3,0.132,0,1,0,0,0,0,0,0,1
2023-02-01 13:00:00,-0.20000000000000018,0.20000000000000018,-0.03125000000000003,1.0,-1.0,-1.0,2.0,2.0,780,3.0,141.404,141.471,141.323,141.389,5760.0,13.0,50.81,0.191,0.043,0.035,141.692,141.084,22.22,32.14,21.33,16.16,17.13,47.0,141.332,44.3,0.132,0,1,0,0,0,0,0,0,1
2023-02-01 13:00:00,-0.5,0.5,-0.05,1.0,-1.0,-1.0,2.0,3.0,780,3.0,141.404,141.471,141.323,141.389,5760.0,13.0,50.81,0.191,0.043,0.035,141.692,141.084,22.22,32.14,21.33,16.16,17.13,47.0,141.332,44.3,0.132,0,1,0,0,0,0,0,0,1
2023-02-01 13:00:00,0.1999999999999993,0.1999999999999993,0.02702702702702693,1.0,-1.0,-1.0,2.0,2.0,780,3.0,141.404,141.471,141.323,141.389,5760.0,13.0,50.81,0.191,0.043,0.035,141.692,141.084,22.22,32.14,21.33,16.16,17.13,47.0,141.332,44.3,0.132,0,0,1,0,0,0,0,0,1
2023-02-01 13:00:00,-0.8,0.8,-0.5714285714285715,1.0,-1.0,-1.0,2.0,1.0,780,3.0,141.404,141.471,141.323,141.389,5760.0,13.0,50.81,0.191,0.043,0.035,141.692,141.084,22.22,32.14,21.33,16.16,17.13,47.0,141.332,44.3,0.132,0,1,0,0,0,0,0,0,1
2023-02-01 13:00:00,-0.09999999999999964,0.09999999999999964,-0.012345679012345635,1.0,-1.0,-1.0,2.0,1.0,780,3.0,141.404,141.471,141.323,141.389,5760.0,13.0,50.81,0.191,0.043,0.035,141.692,141.084,22.22,32.14,21.33,16.16,17.13,47.0,141.332,44.3,0.132,0,1,0,0,0,0,0,0,1
2023-02-03 12:00:00,0.09999999999999432,0.09999999999999432,0.001953124999999889,1.0,1.0,1.0,1.0,2.0,720,5.0,140.509,140.553,140.42,140.482,5403.0,12.0,49.18,0.188,-0.181,-0.279,140.587,139.942,92.84,89.53,23.37,21.98,13.39,48.33,141.093,68.64,0.13,1,0,0,0,0,0,0,0,1
2023-02-03 12:00:00,0.09999999999999432,0.09999999999999432,0.0019342359767890581,1.0,1.0,1.0,1.0,2.0,720,5.0,140.509,140.553,140.42,140.482,5403.0,12.0,49.18,0.188,-0.181,-0.279,140.587,139.942,92.84,89.53,23.37,21.98,13.39,48.33,141.093,68.64,0.13,1,0,0,0,0,0,0,0,1
2023-02-03 13:00:00,2.8,2.8,1.037037037037037,1.0,1.0,1.0,1.0,1.0,780,5.0,140.484,140.509,140.258,140.323,4754.0,13.0,44.67,0.195,-0.167,-0.262,140.572,139.945,80.82,89.37,20.65,19.05,20.21,48.33,141.093,60.8,0.118,0,1,0,0,0,0,0,0,1
2023-02-03 13:00:00,-5.699999999999999,5.699999999999999,-0.18269230769230768,1.0,-1.0,-1.0,2.0,1.0,780,5.0,140.484,140.509,140.258,140.323,4754.0,13.0,44.67,0.195,-0.167,-0.262,140.572,139.945,80.82,89.37,20.65,19.05,20.21,48.33,141.093,60.8,0.118,0,1,0,0,0,0,0,0,1
2023-02-06 12:30:00,3.8000000000000007,3.8000000000000007,0.29687500000000006,1.0,1.0,1.0,1.0,1.0,750,1.0,142.057,142.425,141.992,142.357,7356.0,12.0,61.73,0.356,0.312,0.401,142.806,141.47,44.91,27.23,12.23,21.53,19.03,61.37,141.316,56.41,0.161,0,0,0,0,0,1,0,0,1
2023-02-06 13:00:00,-3.0,3.0,-2.3076923076923075,1.0,-1.0,-1.0,2.0,1.0,780,1.0,142.356,142.403,142.173,142.195,5911.0,13.0,57.65,0.362,0.292,0.379,142.795,141.468,50.16,37.71,11.42,18.66,16.5,61.37,141.316,57.63,0.166,0,0,0,0,0,0,1,0,1
2023-02-06 13:00:00,-4.9,4.9,-1.5806451612903227,1.0,-1.0,-1.0,2.0,1.0,780,1.0,142.356,142.403,142.173,142.195,5911.0,13.0,57.65,0.362,0.292,0.379,142.795,141.468,50.16,37.71,11.42,18.66,16.5,61.37,141.316,57.63,0.166,0,0,0,0,0,0,1,0,1
2023-02-14 13:00:00,0.10000000000000003,0.10000000000000003,0.07692307692307694,1.0,1.0,1.0,1.0,1.0,780,2.0,142.248,142.357,142.197,142.217,6481.0,13.0,65.41,0.207,0.179,0.16,142.314,141.536,87.68,89.08,34.06,27.76,13.7,63.58,141.13,73.91,0.133,0,0,1,0,0,0,0,0,1
2023-02-14 13:00:00,0.6,0.6,0.3157894736842105,1.0,1.0,1.0,1.0,1.0,780,2.0,142.248,142.357,142.197,142.217,6481.0,13.0,65.41,0.207,0.179,0.16,142.314,141.536,87.68,89.08,34.06,27.76,13.7,63.58,141.13,73.91,0.133,0,0,1,0,0,0,0,0,1
2023-02-15 13:00:00,-1.0,1.0,-1.0,1.0,-1.0,-1.0,2.0,2.0,780,3.0,142.928,143.034,142.895,142.933,3898.0,13.0,61.72,0.208,0.206,0.195,143.116,142.407,66.13,76.02,35.11,21.57,10.88,66.74,141.61,54.94,0.119,1,0,0,0,0,0,0,0,1
2023-02-15 13:00:00,-4.4,4.4,-1.1891891891891893,1.0,-1.0,-1.0,2.0,1.0,780,3.0,142.928,143.034,142.895,142.933,3898.0,13.0,61.72,0.208,0.206,0.195,143.116,142.407,66.13,76.02,35.11,21.57,10.88,66.74,141.61,54.94,0.119,1,0,0,0,0,0,0,0,1
2023-02-15 13:00:00,-10.000000000000002,10.000000000000002,-1.0989010989010992,1.0,-1.0,-1.0,2.0,2.0,780,3.0,142.928,143.034,142.895,142.933,3898.0,13.0,61.72,0.208,0.206,0.195,143.116,142.407,66.13,76.02,35.11,21.57,10.88,66.74,141.61,54.94,0.119,0,0,0,0,0,0,0,1,1
2023-02-15 13:00:00,16.2,16.2,0.6230769230769231,1.0,1.0,1.0,1.0,2.0,780,3.0,142.928,143.034,142.895,142.933,3898.0,13.0,61.72,0.208,0.206,0.195,143.116,142.407,66.13,76.02,35.11,21.57,10.88,66.74,141.61,54.94,0.119,0,0,0,0,0,0,0,1,1
2023-02-17 12:00:00,15.599999999999998,15.599999999999998,1.0909090909090906,1.0,1.0,1.0,1.0,1.0,720,5.0,143.42,143.605,143.407,143.582,3884.0,12.0,60.93,0.185,0.093,0.054,143.654,142.811,66.69,68.52,36.0,22.39,6.14,60.31,142.834,53.84,0.121,0,0,0,0,0,0,0,1,1
2023-02-17 12:00:00,6.9,6.9,0.6900000000000001,1.0,1.0,1.0,1.0,1.0,720,5.0,143.42,143.605,143.407,143.582,3884.0,12.0,60.93,0.185,0.093,0.054,143.654,142.811,66.69,68.52,36.0,22.39,6.14,60.31,142.834,53.84,0.121,0,0,0,0,0,0,0,1,1
2023-02-20 13:00:00,-2.4,2.4,-2.1818181818181817,1.0,-1.0,-1.0,2.0,1.0,780,1.0,143.319,143.319,143.143,143.176,4317.0,13.0,41.5,0.165,-0.005,0.028,143.617,143.212,15.42,39.69,27.01,17.83,19.34,55.33,143.186,38.97,0.101,1,0,0,0,0,0,0,0,1
2023-02-20 13:00:00,-4.1,4.1,-1.0789473684210527,1.0,-1.0,-1.0,2.0,1.0,780,1.0,143.319,143.319,143.143,143.176,4317.0,13.0,41.5,0.165,-0.005,0.028,143.617,143.212,15.42,39.69,27.01,17.83,19.34,55.33,143.186,38.97,0.101,1,0,0,0,0,0,0,0,1
2023-02-20 18:00:00,2.1000000000000014,2.1000000000000014,0.0950226244343892,1.0,1.0,1.0,1.0,1.0,1080,1.0,143.236,143.328,143.226,143.326,3033.0,18.0,50.31,0.182,-0.036,-0.013,143.634,143.087,67.63,43.95,20.24,11.36,13.39,59.85,143.214,52.28,0.09,0,0,0,0,0,1,0,0,1
2023-02-21 12:00:00,-0.8999999999999986,0.8999999999999986,-0.01785714285714283,1.0,-1.0,-1.0,2.0,2.0,720,2.0,143.514,143.59,143.372,143.393,5574.0,12.0,48.66,0.184,0.037,0.025,143.616,143.238,28.67,49.06,25.83,24.8,16.45,63.62,143.354,48.23,0.161,1,0,0,0,0,0,0,0,1
2023-02-21 12:00:00,2.299999999999997,2.299999999999997,0.044487427466150815,1.0,1.0,1.0,1.0,2.0,720,2.0,143.514,143.59,143.372,143.393,5574.0,12.0,48.66,0.184,0.037,0.025,143.616,143.238,28.67,49.06,25.83,24.8,16.45,63.62,143.354,48.23,0.161,1,0,0,0,0,0,0,0,1
2023-02-21 12:00:00,2.0999999999999943,2.0999999999999943,0.04101562499999989,1.0,1.0,1.0,1.0,2.0,720,2.0,143.514,143.59,143.372,143.393,5574.0,12.0,48.66,0.184,0.037,0.025,143.616,143.238,28.67,49.06,25.83,24.8,16.45,63.62,143.354,48.23,0.161,1,0,0,0,0,0,0,0,1
2023-02-21 13:05:00,59.4,59.4,1.9348534201954397,1.0,1.0,1.0,1.0,2.0,785,2.0,143.391,143.52,143.365,143.454,4410.0,13.0,51.83,0.19,0.034,0.027,143.605,143.271,17.47,31.67,24.82,21.49,14.85,63.62,143.354,47.27,0.164,0,0,0,0,0,1,0,0,1
2023-02-23 13:00:00,0.09999999999999964,0.09999999999999964,0.012499999999999956,1.0,1.0,1.0,1.0,1.0,780,4.0,142.97,143.085,142.889,143.084,3754.0,13.0,44.99,0.139,-0.094,-0.091,143.294,142.93,41.45,30.22,27.73,11.93,18.71,55.09,143.397,44.44,0.1,0,1,0,0,0,0,0,0,1
2023-02-23 13:00:00,-0.7,0.7,-0.4666666666666666,1.0,-1.0,-1.0,2.0,1.0,780,4.0,142.97,143.085,142.889,143.084,3754.0,13.0,44.99,0.139,-0.094,-0.091,143.294,142.93,41.45,30.22,27.73,11.93,18.71,55.09,143.397,44.44,0.1,0,1,0,0,0,0,0,0,1
2023-02-23 13:00:00,-0.29999999999999893,0.29999999999999893,-0.029702970297029598,1.0,-1.0,-1.0,2.0,1.0,780,4.0,142.97,143.085,142.889,143.084,3754.0,13.0,44.99,0.139,-0.094,-0.091,143.294,142.93,41.45,30.22,27.73,11.93,18.71,55.09,143.397,44.44,0.1,0,1,0,0,0,0,0,0,1
2023-02-23 13:00:00,0.09999999999999964,0.09999999999999964,0.016129032258064457,1.0,1.0,1.0,1.0,2.0,780,4.0,142.97,143.085,142.889,143.084,3754.0,13.0,44.99,0.139,-0.094,-0.091,143.294,142.93,41.45,30.22,27.73,11.93,18.71,55.09,143.397,44.44,0.1,0,1,0,0,0,0,0,0,1
2023-02-23 13:00:00,0.2,0.2,0.14285714285714288,1.0,1.0,1.0,1.0,2.0,780,4.0,142.97,143.085,142.889,143.084,3754.0,13.0,44.99,0.139,-0.094,-0.091,143.294,142.93,41.45,30.22,27.73,11.93,18.71,55.09,143.397,44.44,0.1,0,1,0,0,0,0,0,0,1
2023-02-23 13:00:00,0.09999999999999964,0.09999999999999964,0.010526315789473648,1.0,1.0,1.0,1.0,3.0,780,4.0,142.97,143.085,142.889,143.084,3754.0,13.0,44.99,0.139,-0.094,-0.091,143.294,142.93,41.45,30.22,27.73,11.93,18.71,55.09,143.397,44.44,0.1,0,1,0,0,0,0,0,0,1
2023-02-27 12:00:00,-0.7000000000000002,0.7000000000000002,-0.13461538461538464,1.0,-1.0,-1.0,2.0,1.0,720,1.0,143.903,144.06,143.853,144.029,4757.0,12.0,66.63,0.197,0.149,0.167,144.028,143.627,87.95,67.68,23.3,24.47,8.73,61.09,143.376,60.18,0.096,0,0,0,1,0,0,0,0,1
2023-02-27 12:00:00,-0.10000000000000009,0.10000000000000009,-0.021276595744680868,1.0,-1.0,-1.0,2.0,2.0,720,1.0,143.903,144.06,143.853,144.029,4757.0,12.0,66.63,0.197,0.149,0.167,144.028,143.627,87.95,67.68,23.3,24.47,8.73,61.09,143.376,60.18,0.096,0,0,0,1,0,0,0,0,1
2023-02-27 12:00:00,1.2999999999999998,1.2999999999999998,0.22413793103448273,1.0,1.0,1.0,1.0,1.0,720,1.0,143.903,144.06,143.853,144.029,4757.0,12.0,66.63,0.197,0.149,0.167,144.028,143.627,87.95,67.68,23.3,24.47,8.73,61.09,143.376,60.18,0.096,0,0,0,1,0,0,0,0,1
2023-02-27 12:00:00,0.3000000000000007,0.3000000000000007,0.0535714285714287,1.0,1.0,1.0,1.0,1.0,720,1.0,143.903,144.06,143.853,144.029,4757.0,12.0,66.63,0.197,0.149,0.167,144.028,143.627,87.95,67.68,23.3,24.47,8.73,61.09,143.376,60.18,0.096,0,0,0,1,0,0,0,0,1
2023-02-27 13:00:00,0.6,0.6,0.5454545454545454,1.0,1.0,1.0,1.0,1.0,780,1.0,144.031,144.045,143.851,143.915,4474.0,13.0,60.68,0.205,0.147,0.159,144.037,143.631,82.54,78.54,26.42,21.21,7.7,61.09,143.376,65.57,0.105,0,0,0,0,0,1,0,0,1
2023-02-27 13:00:00,1.0,1.0,0.10526315789473684,1.0,1.0,1.0,1.0,1.0,780,1.0,144.031,144.045,143.851,143.915,4474.0,13.0,60.68,0.205,0.147,0.159,144.037,143.631,82.54,78.54,26.42,21.21,7.7,61.09,143.376,65.57,0.105,0,0,0,0,0,1,0,0,1
2023-02-27 13:00:00,1.9000000000000057,1.9000000000000057,0.019230769230769287,1.0,1.0,1.0,1.0,2.0,780,1.0,144.031,144.045,143.851,143.915,4474.0,13.0,60.68,0.205,0.147,0.159,144.037,143.631,82.54,78.54,26.42,21.21,7.7,61.09,143.376,65.57,0.105,0,0,0,0,0,1,0,0,1
2023-02-27 13:00:00,0.3000000000000007,0.3000000000000007,0.016304347826086998,1.0,1.0,1.0,1.0,3.0,780,1.0,144.031,144.045,143.851,143.915,4474.0,13.0,60.68,0.205,0.147,0.159,144.037,143.631,82.54,78.54,26.42,21.21,7.7,61.09,143.376,65.57,0.105,0,0,0,0,0,1,0,0,1
2023-02-27 13:00:00,-4.099999999999998,4.099999999999998,-0.14186851211072657,1.0,-1.0,-1.0,2.0,1.0,780,1.0,144.031,144.045,143.851,143.915,4474.0,13.0,60.68,0.205,0.147,0.159,144.037,143.631,82.54,78.54,26.42,21.21,7.7,61.09,143.376,65.57,0.105,0,0,0,0,0,1,0,0,1
2023-03-02 13:00:00,0.8,0.8,0.7272727272727273,1.0,1.0,1.0,1.0,1.0,780,4.0,145.133,145.314,145.079,145.15,5442.0,13.0,52.66,0.202,0.106,0.167,145.508,144.893,25.72,22.91,36.19,29.33,12.2,59.58,144.502,54.3,0.157,0,1,0,0,0,0,0,0,1
2023-03-02 13:00:00,0.20000000000000018,0.20000000000000018,0.02439024390243905,1.0,1.0,1.0,1.0,1.0,780,4.0,145.133,145.314,145.079,145.15,5442.0,13.0,52.66,0.202,0.106,0.167,145.508,144.893,25.72,22.91,36.19,29.33,12.2,59.58,144.502,54.3,0.157,0,1,0,0,0,0,0,0,1
2023-03-02 13:00:00,0.20000000000000018,0.20000000000000018,0.02666666666666669,1.0,-1.0,-1.0,2.0,2.0,780,4.0,145.133,145.314,145.079,145.15,5442.0,13.0,52.66,0.202,0.106,0.167,145.508,144.893,25.72,22.91,36.19,29.33,12.2,59.58,144.502,54.3,0.157,0,0,1,0,0,0,0,0,1
2023-03-02 13:00:00,0.3000000000000007,0.3000000000000007,0.032608695652173995,1.0,1.0,1.0,1.0,3.0,780,4.0,145.133,145.314,145.079,145.15,5442.0,13.0,52.66,0.202,0.106,0.167,145.508,144.893,25.72,22.91,36.19,29.33,12.2,59.58,144.502,54.3,0.157,0,1,0,0,0,0,0,0,1
2023-03-02 13:00:00,0.1999999999999993,0.1999999999999993,0.03124999999999989,1.0,1.0,1.0,1.0,2.0,780,4.0,145.133,145.314,145.079,145.15,5442.0,13.0,52.66,0.202,0.106,0.167,145.508,144.893,25.72,22.91,36.19,29.33,12.2,59.58,144.502,54.3,0.157,0,1,0,0,0,0,0,0,1
2023-03-02 13:00:00,1.1,1.1,0.8461538461538461,1.0,1.0,1.0,1.0,2.0,780,4.0,145.133,145.314,145.079,145.15,5442.0,13.0,52.66,0.202,0.106,0.167,145.508,144.893,25.72,22.91,36.19,29.33,12.2,59.58,144.502,54.3,0.157,0,1,0,0,0,0,0,0,1
2023-03-02 13:00:00,0.8,0.8,0.8,1.0,1.0,1.0,1.0,1.0,780,4.0,145.133,145.314,145.079,145.15,5442.0,13.0,52.66,0.202,0.106,0.167,145.508,144.893,25.72,22.91,36.19,29.33,12.2,59.58,144.502,54.3,0.157,0,1,0,0,0,0,0,0,1
2023-03-03 12:00:00,-0.29999999999999716,0.29999999999999716,-0.005555555555555503,1.0,-1.0,-1.0,2.0,2.0,720,5.0,144.453,144.726,144.404,144.674,5863.0,12.0,42.84,0.191,-0.076,-0.037,145.126,144.624,35.88,31.48,31.8,8.73,27.68,46.92,144.726,34.95,0.128,1,0,0,0,0,0,0,0,1
2023-03-03 12:00:00,-0.29999999999999716,0.29999999999999716,-0.005628517823639722,1.0,-1.0,-1.0,2.0,2.0,720,5.0,144.453,144.726,144.404,144.674,5863.0,12.0,42.84,0.191,-0.076,-0.037,145.126,144.624,35.88,31.48,31.8,8.73,27.68,46.92,144.726,34.95,0.128,1,0,0,0,0,0,0,0,1
2023-03-03 13:00:00,-1.4,1.4,-0.5833333333333334,1.0,-1.0,-1.0,2.0,1.0,780,5.0,144.672,144.698,144.356,144.419,4692.0,13.0,36.71,0.209,-0.102,-0.045,145.158,144.533,20.73,26.57,34.86,7.57,25.86,46.92,144.726,39.26,0.13,0,1,0,0,0,0,0,0,1
2023-03-03 13:00:00,-13.600000000000001,13.600000000000001,-0.4594594594594595,1.0,-1.0,-1.0,2.0,1.0,780,5.0,144.672,144.698,144.356,144.419,4692.0,13.0,36.71,0.209,-0.102,-0.045,145.158,144.533,20.73,26.57,34.86,7.57,25.86,46.92,144.726,39.26,0.13,0,1,0,0,0,0,0,0,1
2023-03-06 12:30:00,-1.0,1.0,-0.10416666666666667,1.0,-1.0,-1.0,2.0,1.0,750,1.0,144.653,144.678,144.543,144.576,4676.0,12.0,50.81,0.211,-0.034,-0.083,144.683,144.26,66.92,70.16,22.43,19.09,13.39,54.22,144.716,54.25,0.111,0,0,0,0,0,1,0,0,1
2023-03-06 13:00:00,0.7,0.7,0.5,1.0,1.0,1.0,1.0,1.0,780,1.0,144.574,144.962,144.458,144.862,6679.0,13.0,58.44,0.241,-0.003,-0.071,144.763,144.22,71.4,70.77,24.1,24.06,11.6,54.22,144.716,51.09,0.104,0,0,0,0,0,0,1,0,1
2023-03-06 13:00:00,-4.199999999999999,4.199999999999999,-1.4482758620689653,1.0,-1.0,-1.0,2.0,1.0,780,1.0,144.574,144.962,144.458,144.862,6679.0,13.0,58.44,0.241,-0.003,-0.071,144.763,144.22,71.4,70.77,24.1,24.06,11.6,54.22,144.716,51.09,0.104,0,0,0,0,0,0,1,0,1
2023-03-08 13:00:00,-0.10000000000000003,0.10000000000000003,-0.07142857142857145,1.0,-1.0,-1.0,2.0,1.0,780,3.0,144.84,144.891,144.597,144.641,4486.0,13.0,39.72,0.21,-0.019,0.005,145.187,144.504,11.6,14.92,18.89,13.31,24.36,45.05,144.811,40.4,0.136,0,0,1,0,0,0,0,0,1
2023-03-08 13:00:00,-0.1,0.1,-0.09090909090909091,1.0,-1.0,-1.0,2.0,2.0,780,3.0,144.84,144.891,144.597,144.641,4486.0,13.0,39.72,0.21,-0.019,0.005,145.187,144.504,11.6,14.92,18.89,13.31,24.36,45.05,144.811,40.4,0.136,1,0,0,0,0,0,0,0,1
2023-03-15 13:00:00,0.7,0.7,0.5833333333333334,1.0,1.0,1.0,1.0,1.0,780,3.0,141.971,142.154,141.225,141.375,13246.0,13.0,21.75,0.497,-0.222,0.169,145.649,142.32,8.13,18.39,35.73,18.77,28.73,25.96,143.618,15.04,0.401,1,0,0,0,0,0,0,0,1
2023-03-15 13:00:00,0.6,0.6,0.5454545454545454,1.0,1.0,1.0,1.0,2.0,780,3.0,141.971,142.154,141.225,141.375,13246.0,13.0,21.75,0.497,-0.222,0.169,145.649,142.32,8.13,18.39,35.73,18.77,28.73,25.96,143.618,15.04,0.401,1,0,0,0,0,0,0,0,1
2023-03-17 13:00:00,2.7,2.7,0.675,1.0,1.0,1.0,1.0,1.0,780,5.0,141.554,141.638,140.708,140.995,10271.0,13.0,39.0,0.313,0.04,0.105,142.046,141.299,21.54,37.51,21.28,18.04,25.73,37.53,142.268,37.13,0.234,0,0,0,0,1,0,0,0,1
2023-03-17 13:00:00,1.1,1.1,0.8461538461538461,1.0,1.0,1.0,1.0,1.0,780,5.0,141.554,141.638,140.708,140.995,10271.0,13.0,39.0,0.313,0.04,0.105,142.046,141.299,21.54,37.51,21.28,18.04,25.73,37.53,142.268,37.13,0.234,0,1,0,0,0,0,0,0,1
2023-03-17 13:00:00,0.8999999999999995,0.8999999999999995,0.10344827586206891,1.0,1.0,1.0,1.0,1.0,780,5.0,141.554,141.638,140.708,140.995,10271.0,13.0,39.0,0.313,0.04,0.105,142.046,141.299,21.54,37.51,21.28,18.04,25.73,37.53,142.268,37.13,0.234,0,1,0,0,0,0,0,0,1
2023-03-17 13:00:00,2.0999999999999996,2.0999999999999996,0.5249999999999999,1.0,1.0,1.0,1.0,2.0,780,5.0,141.554,141.638,140.708,140.995,10271.0,13.0,39.0,0.313,0.04,0.105,142.046,141.299,21.54,37.51,21.28,18.04,25.73,37.53,142.268,37.13,0.234,0,0,1,0,0,0,0,0,1
2023-03-20 13:00:00,2.6999999999999993,2.6999999999999993,0.17999999999999997,1.0,1.0,1.0,1.0,2.0,780,1.0,140.435,140.469,140.038,140.32,10387.0,13.0,44.54,0.584,-0.298,-0.226,141.751,139.557,73.89,56.24,28.78,16.8,24.0,45.76,141.617,53.71,0.374,0,0,0,0,0,0,0,1,1
2023-03-20 13:00:00,-7.900000000000002,7.900000000000002,-0.3333333333333334,1.0,-1.0,-1.0,2.0,2.0,780,1.0,140.435,140.469,140.038,140.32,10387.0,13.0,44.54,0.584,-0.298,-0.226,141.751,139.557,73.89,56.24,28.78,16.8,24.0,45.76,141.617,53.71,0.374,0,0,0,0,0,0,0,1,1
2023-03-21 13:00:00,3.8,3.8,3.454545454545454,1.0,1.0,1.0,1.0,1.0,780,2.0,142.3,142.616,142.253,142.571,8078.0,13.0,74.85,0.341,0.335,0.079,142.285,139.931,95.17,94.71,36.87,43.57,8.03,57.45,141.088,83.66,0.226,1,0,0,0,0,0,0,0,1
2023-03-21 13:00:00,-1.7000000000000002,1.7000000000000002,-0.47222222222222227,1.0,-1.0,-1.0,2.0,1.0,780,2.0,142.3,142.616,142.253,142.571,8078.0,13.0,74.85,0.341,0.335,0.079,142.285,139.931,95.17,94.71,36.87,43.57,8.03,57.45,141.088,83.66,0.226,1,0,0,0,0,0,0,0,1
2023-03-21 13:05:00,-13.2,13.2,-0.5454545454545454,1.0,-1.0,-1.0,2.0,2.0,785,2.0,142.3,142.616,142.253,142.571,8078.0,13.0,74.85,0.341,0.335,0.079,142.285,139.931,95.17,94.71,36.87,43.57,8.03,57.45,141.088,83.66,0.226,0,0,0,0,0,1,0,0,1
2023-03-22 12:00:00,12.8,12.8,2.415094339622642,1.0,1.0,1.0,1.0,1.0,720,3.0,142.974,143.368,142.87,143.328,7062.0,12.0,71.71,0.278,0.319,0.316,143.069,142.292,92.57,82.02,31.37,29.56,7.87,61.22,141.596,67.21,0.188,0,0,0,0,0,0,0,1,1
2023-03-23 18:00:00,-0.09999999999999787,0.09999999999999787,-0.004975124378109346,1.0,-1.0,-1.0,2.0,1.0,1080,4.0,142.651,142.681,142.36,142.474,8993.0,18.0,43.95,0.322,0.012,0.036,143.034,142.314,22.96,31.84,29.94,17.55,17.55,49.61,141.947,39.06,0.187,0,0,0,0,0,1,0,0,1
2023-03-24 12:00:00,2.700000000000003,2.700000000000003,0.05009276437847872,1.0,1.0,1.0,1.0,2.0,720,5.0,139.177,139.6,139.069,139.339,12664.0,12.0,19.7,0.452,-0.675,-0.457,142.995,139.546,10.76,18.07,48.49,7.42,31.44,39.74,141.939,19.23,0.369,1,0,0,0,0,0,0,0,1
2023-03-24 12:00:00,1.8999999999999986,1.8999999999999986,0.035714285714285685,1.0,1.0,1.0,1.0,2.0,720,5.0,139.177,139.6,139.069,139.339,12664.0,12.0,19.7,0.452,-0.675,-0.457,142.995,139.546,10.76,18.07,48.49,7.42,31.44,39.74,141.939,19.23,0.369,1,0,0,0,0,0,0,0,1
2023-03-24 12:00:00,-1.1999999999999957,1.1999999999999957,-0.024340770791074967,1.0,-1.0,-1.0,2.0,2.0,720,5.0,139.177,139.6,139.069,139.339,12664.0,12.0,19.7,0.452,-0.675,-0.457,142.995,139.546,10.76,18.07,48.49,7.42,31.44,39.74,141.939,19.23,0.369,1,0,0,0,0,0,0,0,1
2023-03-27 11:00:00,1.0,1.0,0.17543859649122806,1.0,1.0,1.0,1.0,1.0,660,1.0,140.757,141.247,140.749,141.117,8710.0,11.0,53.97,0.345,-0.011,-0.092,141.204,140.293,53.18,61.34,19.76,21.33,13.93,46.51,141.886,51.52,0.229,0,0,0,1,0,0,0,0,1
2023-03-27 11:00:00,0.09999999999999964,0.09999999999999964,0.019230769230769162,1.0,1.0,1.0,1.0,1.0,660,1.0,140.757,141.247,140.749,141.117,8710.0,11.0,53.97,0.345,-0.011,-0.092,141.204,140.293,53.18,61.34,19.76,21.33,13.93,46.51,141.886,51.52,0.229,0,0,0,1,0,0,0,0,1
2023-03-27 11:00:00,-0.3999999999999999,0.3999999999999999,-0.09302325581395347,1.0,-1.0,-1.0,2.0,1.0,660,1.0,140.757,141.247,140.749,141.117,8710.0,11.0,53.97,0.345,-0.011,-0.092,141.204,140.293,53.18,61.34,19.76,21.33,13.93,46.51,141.886,51.52,0.229,0,0,0,1,0,0,0,0,1
2023-03-27 11:00:00,-0.19999999999999973,0.19999999999999973,-0.04545454545454539,1.0,-1.0,-1.0,2.0,2.0,660,1.0,140.757,141.247,140.749,141.117,8710.0,11.0,53.97,0.345,-0.011,-0.092,141.204,140.293,53.18,61.34,19.76,21.33,13.93,46.51,141.886,51.52,0.229,0,0,0,1,0,0,0,0,1
2023-03-30 12:00:00,-1.1,1.1,-0.5789473684210527,1.0,-1.0,-1.0,2.0,1.0,720,4.0,144.132,144.285,144.097,144.188,7079.0,12.0,70.25,0.248,0.256,0.279,144.153,143.415,93.09,77.14,24.31,26.84,19.07,71.64,142.33,70.46,0.189,0,0,0,0,0,1,0,0,1
2023-03-30 12:00:00,-0.6999999999999993,0.6999999999999993,-0.063063063063063,1.0,-1.0,-1.0,2.0,1.0,720,4.0,144.132,144.285,144.097,144.188,7079.0,12.0,70.25,0.248,0.256,0.279,144.153,143.415,93.09,77.14,24.31,26.84,19.07,71.64,142.33,70.46,0.189,0,0,0,0,0,1,0,0,1
2023-03-30 12:00:00,-0.4000000000000057,0.4000000000000057,-0.003972194637537296,1.0,-1.0,-1.0,2.0,2.0,720,4.0,144.132,144.285,144.097,144.188,7079.0,12.0,70.25,0.248,0.256,0.279,144.153,143.415,93.09,77.14,24.31,26.84,19.07,71.64,142.33,70.46,0.189,0,0,0,0,0,1,0,0,1
2023-03-30 12:00:00,5.699999999999999,5.699999999999999,0.4014084507042253,1.0,1.0,1.0,1.0,3.0,720,4.0,144.132,144.285,144.097,144.188,7079.0,12.0,70.25,0.248,0.256,0.279,144.153,143.415,93.09,77.14,24.31,26.84,19.07,71.64,142.33,70.46,0.189,0,0,0,0,0,1,0,0,1
2023-03-30 12:00:00,4.0,4.0,0.25477707006369427,1.0,1.0,1.0,1.0,1.0,720,4.0,144.132,144.285,144.097,144.188,7079.0,12.0,70.25,0.248,0.256,0.279,144.153,143.415,93.09,77.14,24.31,26.84,19.07,71.64,142.33,70.46,0.189,0,0,0,0,0,1,0,0,1
2023-03-31 12:00:00,0.3999999999999999,0.3999999999999999,0.22222222222222215,1.0,1.0,1.0,1.0,1.0,720,5.0,145.294,145.317,144.895,145.182,7650.0,12.0,60.21,0.361,0.286,0.317,145.482,144.248,71.82,65.05,15.54,19.2,18.02,62.09,143.315,54.61,0.248,0,1,0,0,0,0,0,0,1
2023-03-31 12:00:00,-0.10000000000000053,0.10000000000000053,-0.012987012987013056,1.0,1.0,1.0,1.0,2.0,720,5.0,145.294,145.317,144.895,145.182,7650.0,12.0,60.21,0.361,0.286,0.317,145.482,144.248,71.82,65.05,15.54,19.2,18.02,62.09,143.315,54.61,0.248,0,0,1,0,0,0,0,0,1
2023-03-31 12:00:00,-1.5,1.5,-0.15957446808510636,1.0,-1.0,-1.0,2.0,3.0,720,5.0,145.294,145.317,144.895,145.182,7650.0,12.0,60.21,0.361,0.286,0.317,145.482,144.248,71.82,65.05,15.54,19.2,18.02,62.09,143.315,54.61,0.248,0,1,0,0,0,0,0,0,1
2023-03-31 12:00:00,-0.09999999999999964,0.09999999999999964,-0.011627906976744146,1.0,-1.0,-1.0,2.0,1.0,720,5.0,145.294,145.317,144.895,145.182,7650.0,12.0,60.21,0.361,0.286,0.317,145.482,144.248,71.82,65.05,15.54,19.2,18.02,62.09,143.315,54.61,0.248,0,1,0,0,0,0,0,0,1
2023-03-31 12:00:00,0.09999999999999998,0.09999999999999998,0.05555555555555554,1.0,1.0,1.0,1.0,2.0,720,5.0,145.294,145.317,144.895,145.182,7650.0,12.0,60.21,0.361,0.286,0.317,145.482,144.248,71.82,65.05,15.54,19.2,18.02,62.09,143.315,54.61,0.248,0,1,0,0,0,0,0,0,1
2023-03-31 12:00:00,0.6,0.6,0.37499999999999994,1.0,1.0,1.0,1.0,1.0,720,5.0,145.294,145.317,144.895,145.182,7650.0,12.0,60.21,0.361,0.286,0.317,145.482,144.248,71.82,65.05,15.54,19.2,18.02,62.09,143.315,54.61,0.248,0,1,0,0,0,0,0,0,1
2023-03-31 12:00:00,-0.09999999999999964,0.09999999999999964,-0.014705882352941124,1.0,-1.0,-1.0,2.0,2.0,720,5.0,145.294,145.317,144.895,145.182,7650.0,12.0,60.21,0.361,0.286,0.317,145.482,144.248,71.82,65.05,15.54,19.2,18.02,62.09,143.315,54.61,0.248,0,1,0,0,0,0,0,0,1
2023-04-03 11:00:00,0.19999999999999574,0.19999999999999574,0.004158004158004069,1.0,1.0,1.0,1.0,2.0,660,1.0,144.736,144.827,144.54,144.683,5815.0,11.0,58.11,0.305,-0.031,-0.145,144.848,143.614,89.69,89.94,35.87,31.4,14.0,58.89,143.831,64.34,0.176,1,0,0,0,0,0,0,0,1
2023-04-04 12:00:00,2.2,2.2,0.5945945945945946,1.0,1.0,1.0,1.0,1.0,720,2.0,145.091,145.428,145.085,145.192,6430.0,12.0,70.42,0.209,0.163,0.076,145.109,143.914,81.39,83.35,35.67,37.09,6.86,57.33,144.439,78.95,0.156,0,1,0,0,0,0,0,0,1
2023-04-04 12:00:00,2.5999999999999996,2.5999999999999996,0.22413793103448273,1.0,1.0,1.0,1.0,1.0,720,2.0,145.091,145.428,145.085,145.192,6430.0,12.0,70.42,0.209,0.163,0.076,145.109,143.914,81.39,83.35,35.67,37.09,6.86,57.33,144.439,78.95,0.156,0,1,0,0,0,0,0,0,1
2023-04-05 11:00:00,-0.6000000000000014,0.6000000000000014,-0.010600706713780944,1.0,-1.0,-1.0,2.0,2.0,660,3.0,143.811,143.941,143.583,143.89,7741.0,11.0,38.73,0.245,-0.152,-0.123,144.595,143.75,21.89,22.03,28.82,9.91,32.09,47.66,144.493,33.57,0.16,1,0,0,0,0,0,0,0,1
2023-04-05 11:00:00,-0.3999999999999986,0.3999999999999986,-0.00725952813067148,1.0,-1.0,-1.0,2.0,2.0,660,3.0,143.811,143.941,143.583,143.89,7741.0,11.0,38.73,0.245,-0.152,-0.123,144.595,143.75,21.89,22.03,28.82,9.91,32.09,47.66,144.493,33.57,0.16,1,0,0,0,0,0,0,0,1
2023-04-11 11:30:00,1.4000000000000004,1.4000000000000004,0.12612612612612617,1.0,1.0,1.0,1.0,1.0,690,2.0,145.066,145.279,145.0,145.169,6005.0,11.0,60.96,0.183,0.182,0.217,145.312,144.872,38.85,46.0,25.3,24.78,18.38,64.57,144.016,51.58,0.136,0,0,0,0,0,1,0,0,1
2023-04-11 12:00:00,-0.9,0.9,-0.8181818181818181,1.0,-1.0,-1.0,2.0,1.0,720,2.0,145.17,145.305,145.156,145.24,5079.0,12.0,63.28,0.187,0.178,0.21,145.268,144.968,36.25,37.99,24.57,23.8,15.93,65.45,144.089,52.68,0.155,0,0,0,0,0,0,1,0,1
2023-04-11 12:00:00,-4.6,4.6,-1.769230769230769,1.0,-1.0,-1.0,2.0,1.0,720,2.0,145.17,145.305,145.156,145.24,5079.0,12.0,63.28,0.187,0.178,0.21,145.268,144.968,36.25,37.99,24.57,23.8,15.93,65.45,144.089,52.68,0.155,0,0,0,0,0,0,1,0,1
2023-04-13 12:00:00,1.4,1.4,1.2727272727272725,1.0,1.0,1.0,1.0,2.0,720,4.0,146.678,146.839,146.602,146.797,4592.0,12.0,66.48,0.208,0.137,0.133,146.703,146.16,82.87,57.13,17.98,22.74,14.66,66.13,145.481,62.35,0.138,1,0,0,0,0,0,0,0,1
2023-04-13 12:00:00,2.4,2.4,1.7142857142857144,1.0,1.0,1.0,1.0,1.0,720,4.0,146.678,146.839,146.602,146.797,4592.0,12.0,66.48,0.208,0.137,0.133,146.703,146.16,82.87,57.13,17.98,22.74,14.66,66.13,145.481,62.35,0.138,1,0,0,0,0,0,0,0,1
2023-04-18 12:05:00,-13.4,13.4,-0.6442307692307693,1.0,-1.0,-1.0,2.0,2.0,725,2.0,147.288,147.308,147.123,147.159,5182.0,12.0,56.87,0.166,0.07,0.033,147.265,146.677,72.65,74.62,18.19,20.29,10.96,59.58,146.738,57.59,0.11,0,0,0,0,0,1,0,0,1
2023-04-19 11:00:00,17.6,17.6,2.285714285714286,1.0,1.0,1.0,1.0,1.0,660,3.0,147.703,147.81,147.624,147.763,5841.0,11.0,74.88,0.152,0.154,0.088,147.683,146.761,85.37,79.32,38.16,30.4,5.61,70.55,146.906,72.47,0.099,0,0,0,0,0,0,0,1,1
2023-04-19 12:00:00,-1.0999999999999996,1.0999999999999996,-0.12222222222222218,1.0,-1.0,-1.0,2.0,1.0,720,3.0,147.776,147.861,147.284,147.327,7064.0,12.0,52.79,0.189,0.136,0.1,147.69,146.787,59.99,75.29,37.73,26.34,12.72,56.05,146.937,78.91,0.119,0,1,0,0,0,0,0,0,1
2023-04-19 12:00:00,-0.29999999999999993,0.29999999999999993,-0.13636363636363633,1.0,-1.0,-1.0,2.0,1.0,720,3.0,147.776,147.861,147.284,147.327,7064.0,12.0,52.79,0.189,0.136,0.1,147.69,146.787,59.99,75.29,37.73,26.34,12.72,56.05,146.937,78.91,0.119,0,1,0,0,0,0,0,0,1
2023-04-19 12:00:00,2.3,2.3,2.3,1.0,1.0,1.0,1.0,1.0,720,3.0,147.776,147.861,147.284,147.327,7064.0,12.0,52.79,0.189,0.136,0.1,147.69,146.787,59.99,75.29,37.73,26.34,12.72,56.05,146.937,78.91,0.119,1,0,0,0,0,0,0,0,1
2023-04-19 12:00:00,0.10000000000000009,0.10000000000000009,0.04545454545454549,1.0,1.0,1.0,1.0,1.0,720,3.0,147.776,147.861,147.284,147.327,7064.0,12.0,52.79,0.189,0.136,0.1,147.69,146.787,59.99,75.29,37.73,26.34,12.72,56.05,146.937,78.91,0.119,0,1,0,0,0,0,0,0,1
2023-04-19 12:00:00,-0.10000000000000009,0.10000000000000009,-0.02941176470588238,1.0,-1.0,-1.0,2.0,1.0,720,3.0,147.776,147.861,147.284,147.327,7064.0,12.0,52.79,0.189,0.136,0.1,147.69,146.787,59.99,75.29,37.73,26.34,12.72,56.05,146.937,78.91,0.119,1,0,0,0,0,0,0,0,1
2023-04-20 12:00:00,14.6,14.6,0.9299363057324841,1.0,1.0,1.0,1.0,2.0,720,4.0,147.75,147.824,147.644,147.644,5489.0,12.0,53.81,0.17,0.074,0.094,147.795,147.452,72.82,57.25,16.64,24.16,21.89,55.53,147.21,61.81,0.118,0,0,0,0,0,0,0,1,1
2023-04-20 12:00:00,26.9,26.9,1.1545064377682404,1.0,1.0,1.0,1.0,2.0,720,4.0,147.75,147.824,147.644,147.644,5489.0,12.0,53.81,0.17,0.074,0.094,147.795,147.452,72.82,57.25,16.64,24.16,21.89,55.53,147.21,61.81,0.118,0,0,0,0,0,0,0,1,1
2023-04-20 17:00:00,1.8000000000000007,1.8000000000000007,0.08866995073891629,1.0,1.0,1.0,1.0,1.0,1020,4.0,147.319,147.367,147.09,147.175,6837.0,17.0,37.33,0.204,-0.018,0.051,147.866,147.281,26.69,36.4,23.28,12.6,33.07,50.48,147.221,35.15,0.135,0,0,0,0,0,1,0,0,1
2023-04-21 11:00:00,-1.0,1.0,-0.021052631578947368,1.0,-1.0,-1.0,2.0,2.0,660,5.0,146.723,147.032,146.483,146.605,6681.0,11.0,35.51,0.243,-0.213,-0.169,147.504,146.485,37.52,25.86,37.11,13.93,25.63,41.67,147.208,59.36,0.149,1,0,0,0,0,0,0,0,1
2023-04-21 11:00:00,1.3000000000000043,1.3000000000000043,0.02309058614564839,1.0,1.0,1.0,1.0,2.0,660,5.0,146.723,147.032,146.483,146.605,6681.0,11.0,35.51,0.243,-0.213,-0.169,147.504,146.485,37.52,25.86,37.11,13.93,25.63,41.67,147.208,59.36,0.149,1,0,0,0,0,0,0,0,1
2023-04-21 11:00:00,0.5,0.5,0.009107468123861567,1.0,1.0,1.0,1.0,2.0,660,5.0,146.723,147.032,146.483,146.605,6681.0,11.0,35.51,0.243,-0.213,-0.169,147.504,146.485,37.52,25.86,37.11,13.93,25.63,41.67,147.208,59.36,0.149,1,0,0,0,0,0,0,0,1
2023-04-27 12:00:00,0.6999999999999993,0.6999999999999993,0.056910569105691,1.0,1.0,1.0,1.0,1.0,720,4.0,147.952,147.983,147.557,147.668,5454.0,12.0,53.36,0.215,0.126,0.102,147.966,147.25,58.2,67.69,26.16,24.58,18.32,49.38,147.611,58.18,0.154,0,0,0,0,0,1,0,0,1
2023-04-27 12:00:00,2.6999999999999993,2.6999999999999993,0.20149253731343278,1.0,1.0,1.0,1.0,3.0,720,4.0,147.952,147.983,147.557,147.668,5454.0,12.0,53.36,0.215,0.126,0.102,147.966,147.25,58.2,67.69,26.16,24.58,18.32,49.38,147.611,58.18,0.154,0,0,0,0,0,1,0,0,1
2023-04-27 12:00:00,-0.10000000000000853,0.10000000000000853,-0.0009960159362550648,1.0,-1.0,-1.0,2.0,2.0,720,4.0,147.952,147.983,147.557,147.668,5454.0,12.0,53.36,0.215,0.126,0.102,147.966,147.25,58.2,67.69,26.16,24.58,18.32,49.38,147.611,58.18,0.154,0,0,0,0,0,1,0,0,1
2023-04-27 12:00:00,1.0,1.0,0.09523809523809523,1.0,1.0,1.0,1.0,1.0,720,4.0,147.952,147.983,147.557,147.668,5454.0,12.0,53.36,0.215,0.126,0.102,147.966,147.25,58.2,67.69,26.16,24.58,18.32,49.38,147.611,58.18,0.154,0,0,0,0,0,1,0,0,1
2023-04-27 12:00:00,-2.7,2.7,-2.4545454545454546,1.0,-1.0,-1.0,2.0,1.0,720,4.0,147.952,147.983,147.557,147.668,5454.0,12.0,53.36,0.215,0.126,0.102,147.966,147.25,58.2,67.69,26.16,24.58,18.32,49.38,147.611,58.18,0.154,0,0,0,0,0,1,0,0,1
2023-04-28 12:00:00,0.1,0.1,0.1,1.0,1.0,1.0,1.0,2.0,720,5.0,148.973,149.541,148.924,149.521,7588.0,12.0,69.34,0.555,0.425,0.189,149.437,146.649,88.66,91.34,17.01,25.2,16.6,71.29,147.785,62.95,0.272,1,0,0,0,0,0,0,0,1
2023-04-28 12:00:00,-0.5999999999999999,0.5999999999999999,-0.2068965517241379,1.0,-1.0,-1.0,2.0,2.0,720,5.0,148.973,149.541,148.924,149.521,7588.0,12.0,69.34,0.555,0.425,0.189,149.437,146.649,88.66,91.34,17.01,25.2,16.6,71.29,147.785,62.95,0.272,1,0,0,0,0,0,0,0,1
2023-05-02 11:00:00,0.20000000000000018,0.20000000000000018,0.06060606060606066,1.0,1.0,1.0,1.0,1.0,660,2.0,151.202,151.231,150.697,150.897,8025.0,11.0,53.88,0.203,0.214,0.244,151.272,150.619,34.66,51.32,38.89,27.95,18.02,70.53,149.194,36.98,0.175,0,0,0,1,0,0,0,0,1
2023-05-02 11:00:00,-0.10000000000000009,0.10000000000000009,-0.025000000000000022,1.0,-1.0,-1.0,2.0,2.0,660,2.0,151.202,151.231,150.697,150.897,8025.0,11.0,53.88,0.203,0.214,0.244,151.272,150.619,34.66,51.32,38.89,27.95,18.02,70.53,149.194,36.98,0.175,0,0,0,1,0,0,0,0,1
2023-05-02 11:00:00,-0.20000000000000018,0.20000000000000018,-0.03125000000000003,1.0,-1.0,-1.0,2.0,1.0,660,2.0,151.202,151.231,150.697,150.897,8025.0,11.0,53.88,0.203,0.214,0.244,151.272,150.619,34.66,51.32,38.89,27.95,18.02,70.53,149.194,36.98,0.175,0,0,0,1,0,0,0,0,1
2023-05-02 11:00:00,0.29999999999999716,0.29999999999999716,0.006451612903225746,1.0,1.0,1.0,1.0,2.0,660,2.0,151.202,151.231,150.697,150.897,8025.0,11.0,53.88,0.203,0.214,0.244,151.272,150.619,34.66,51.32,38.89,27.95,18.02,70.53,149.194,36.98,0.175,1,0,0,0,0,0,0,0,1
2023-05-02 12:00:00,-0.10000000000000009,0.10000000000000009,-0.04761904761904766,1.0,-1.0,-1.0,2.0,1.0,720,2.0,150.914,151.064,150.477,150.537,6291.0,12.0,41.92,0.236,0.158,0.233,151.295,150.577,19.2,34.19,34.78,24.22,20.61,67.83,149.322,36.55,0.194,0,1,0,0,0,0,0,0,1
2023-05-02 12:00:00,0.7000000000000002,0.7000000000000002,0.09589041095890413,1.0,1.0,1.0,1.0,3.0,720,2.0,150.914,151.064,150.477,150.537,6291.0,12.0,41.92,0.236,0.158,0.233,151.295,150.577,19.2,34.19,34.78,24.22,20.61,67.83,149.322,36.55,0.194,0,1,0,0,0,0,0,0,1
2023-05-02 12:00:00,-0.2999999999999998,0.2999999999999998,-0.03488372093023254,1.0,-1.0,-1.0,2.0,1.0,720,2.0,150.914,151.064,150.477,150.537,6291.0,12.0,41.92,0.236,0.158,0.233,151.295,150.577,19.2,34.19,34.78,24.22,20.61,67.83,149.322,36.55,0.194,0,1,0,0,0,0,0,0,1
2023-05-02 12:00:00,-0.20000000000000007,0.20000000000000007,-0.10526315789473688,1.0,-1.0,-1.0,2.0,2.0,720,2.0,150.914,151.064,150.477,150.537,6291.0,12.0,41.92,0.236,0.158,0.233,151.295,150.577,19.2,34.19,34.78,24.22,20.61,67.83,149.322,36.55,0.194,0,1,0,0,0,0,0,0,1
2023-05-02 12:00:00,-0.10000000000000009,0.10000000000000009,-0.04761904761904766,1.0,-1.0,-1.0,2.0,1.0,720,2.0,150.914,151.064,150.477,150.537,6291.0,12.0,41.92,0.236,0.158,0.233,151.295,150.577,19.2,34.19,34.78,24.22,20.61,67.83,149.322,36.55,0.194,0,1,0,0,0,0,0,0,1
2023-05-02 12:00:00,-0.3000000000000007,0.3000000000000007,-0.04347826086956532,1.0,-1.0,-1.0,2.0,2.0,720,2.0,150.914,151.064,150.477,150.537,6291.0,12.0,41.92,0.236,0.158,0.233,151.295,150.577,19.2,34.19,34.78,24.22,20.61,67.83,149.322,36.55,0.194,0,1,0,0,0,0,0,0,1
2023-05-03 12:00:00,-0.20000000000000018,0.20000000000000018,-0.025974025974025997,1.0,1.0,1.0,1.0,2.0,720,3.0,149.807,149.975,149.713,149.753,5870.0,12.0,34.76,0.205,-0.197,-0.168,150.485,149.687,32.66,31.29,18.8,12.5,18.56,47.15,149.908,47.62,0.168,0,0,1,0,0,0,0,0,1
2023-05-04 11:00:00,-0.29999999999999716,0.29999999999999716,-0.005415162454873595,1.0,-1.0,-1.0,2.0,2.0,660,4.0,148.921,148.976,148.562,148.605,8375.0,11.0,30.77,0.302,-0.273,-0.275,149.749,148.551,33.12,43.13,20.82,9.45,22.18,37.2,150.117,42.7,0.172,1,0,0,0,0,0,0,0,1
2023-05-04 11:00:00,-0.3999999999999986,0.3999999999999986,-0.00694444444444442,1.0,-1.0,-1.0,2.0,2.0,660,4.0,148.921,148.976,148.562,148.605,8375.0,11.0,30.77,0.302,-0.273,-0.275,149.749,148.551,33.12,43.13,20.82,9.45,22.18,37.2,150.117,42.7,0.172,1,0,0,0,0,0,0,0,1
2023-05-04 12:00:00,1.1999999999999997,1.1999999999999997,0.31578947368421045,1.0,1.0,1.0,1.0,1.0,720,4.0,148.603,148.892,148.59,148.815,6723.0,12.0,38.12,0.276,-0.267,-0.27,149.73,148.515,33.73,37.38,23.41,8.19,19.22,35.46,150.078,40.91,0.205,0,1,0,0,0,0,0,0,1
2023-05-04 12:00:00,-2.9000000000000004,2.9000000000000004,-0.29591836734693877,1.0,-1.0,-1.0,2.0,1.0,720,4.0,148.603,148.892,148.59,148.815,6723.0,12.0,38.12,0.276,-0.267,-0.27,149.73,148.515,33.73,37.38,23.41,8.19,19.22,35.46,150.078,40.91,0.205,0,1,0,0,0,0,0,0,1
2023-05-05 12:00:00,-1.3,1.3,-1.1818181818181817,1.0,-1.0,-1.0,2.0,1.0,720,5.0,147.941,148.038,147.842,147.961,5554.0,12.0,44.44,0.198,-0.18,-0.249,148.245,147.375,46.98,48.77,29.23,15.87,10.05,39.15,149.442,49.81,0.161,0,0,0,0,0,0,1,0,1
2023-05-05 12:00:00,-2.3,2.3,-0.9199999999999999,1.0,-1.0,-1.0,2.0,1.0,720,5.0,147.941,148.038,147.842,147.961,5554.0,12.0,44.44,0.198,-0.18,-0.249,148.245,147.375,46.98,48.77,29.23,15.87,10.05,39.15,149.442,49.81,0.161,0,0,0,0,0,0,1,0,1
2023-05-08 11:30:00,-3.9000000000000004,3.9000000000000004,-0.3823529411764707,1.0,-1.0,-1.0,2.0,1.0,690,1.0,149.196,149.267,148.949,148.949,5459.0,11.0,58.55,0.202,0.187,0.168,149.139,148.266,74.74,71.29,39.31,28.7,9.25,52.1,148.973,68.68,0.107,0,0,0,0,0,1,0,0,1
2023-05-15 12:00:00,-3.9999999999999996,3.9999999999999996,-3.636363636363636,1.0,-1.0,-1.0,2.0,2.0,720,1.0,147.928,148.136,147.765,148.01,4098.0,12.0,71.37,0.211,0.234,0.186,148.144,146.893,66.35,67.6,52.39,31.06,11.69,54.04,147.478,49.97,0.147,1,0,0,0,0,0,0,0,1
2023-05-15 12:00:00,-2.8,2.8,-1.1666666666666667,1.0,-1.0,-1.0,2.0,1.0,720,1.0,147.928,148.136,147.765,148.01,4098.0,12.0,71.37,0.211,0.234,0.186,148.144,146.893,66.35,67.6,52.39,31.06,11.69,54.04,147.478,49.97,0.147,1,0,0,0,0,0,0,0,1
2023-05-16 12:00:00,0.3,0.3,0.23076923076923075,1.0,1.0,1.0,1.0,1.0,720,2.0,147.954,148.095,147.839,147.898,4480.0,12.0,52.71,0.167,0.043,0.074,148.084,147.782,65.78,52.4,25.2,15.25,19.8,58.17,147.436,61.56,0.128,0,0,1,0,0,0,0,0,1
2023-05-16 12:00:00,1.2999999999999998,1.2999999999999998,0.9285714285714285,1.0,1.0,1.0,1.0,1.0,720,2.0,147.954,148.095,147.839,147.898,4480.0,12.0,52.71,0.167,0.043,0.074,148.084,147.782,65.78,52.4,25.2,15.25,19.8,58.17,147.436,61.56,0.128,0,0,1,0,0,0,0,0,1
2023-05-16 12:00:00,22.7,22.7,3.388059701492537,1.0,1.0,1.0,1.0,2.0,720,2.0,147.954,148.095,147.839,147.898,4480.0,12.0,52.71,0.167,0.043,0.074,148.084,147.782,65.78,52.4,25.2,15.25,19.8,58.17,147.436,61.56,0.128,0,0,0,0,0,0,0,1,1
2023-05-16 12:00:00,34.5,34.5,3.484848484848485,1.0,1.0,1.0,1.0,2.0,720,2.0,147.954,148.095,147.839,147.898,4480.0,12.0,52.71,0.167,0.043,0.074,148.084,147.782,65.78,52.4,25.2,15.25,19.8,58.17,147.436,61.56,0.128,0,0,0,0,0,0,0,1,1
2023-05-16 12:05:00,-17.6,17.6,-1.9130434782608698,1.0,-1.0,-1.0,2.0,2.0,725,2.0,147.954,148.095,147.839,147.898,4480.0,12.0,52.71,0.167,0.043,0.074,148.084,147.782,65.78,52.4,25.2,15.25,19.8,58.17,147.436,61.56,0.128,0,0,0,0,0,1,0,0,1
2023-05-17 12:00:00,-0.09999999999999998,0.09999999999999998,-0.04999999999999999,1.0,-1.0,-1.0,2.0,1.0,720,3.0,148.4,148.457,148.258,148.339,5927.0,12.0,55.71,0.166,0.106,0.106,148.547,148.045,30.34,45.07,32.13,18.4,15.23,61.67,147.72,48.04,0.144,0,1,0,0,0,0,0,0,1
2023-05-17 12:00:00,0.09999999999999964,0.09999999999999964,0.01265822784810122,1.0,1.0,1.0,1.0,1.0,720,3.0,148.4,148.457,148.258,148.339,5927.0,12.0,55.71,0.166,0.106,0.106,148.547,148.045,30.34,45.07,32.13,18.4,15.23,61.67,147.72,48.04,0.144,0,1,0,0,0,0,0,0,1
2023-05-17 12:00:00,0.7,0.7,0.6363636363636362,1.0,1.0,1.0,1.0,1.0,720,3.0,148.4,148.457,148.258,148.339,5927.0,12.0,55.71,0.166,0.106,0.106,148.547,148.045,30.34,45.07,32.13,18.4,15.23,61.67,147.72,48.04,0.144,0,1,0,0,0,0,0,0,1
2023-05-17 12:00:00,-0.09999999999999998,0.09999999999999998,-0.05882352941176469,1.0,-1.0,-1.0,2.0,2.0,720,3.0,148.4,148.457,148.258,148.339,5927.0,12.0,55.71,0.166,0.106,0.106,148.547,148.045,30.34,45.07,32.13,18.4,15.23,61.67,147.72,48.04,0.144,0,1,0,0,0,0,0,0,1
2023-05-22 12:00:00,-2.4,2.4,-2.4,1.0,-1.0,-1.0,2.0,1.0,720,1.0,149.002,149.234,148.969,149.195,3992.0,12.0,54.09,0.161,-0.024,-0.042,149.293,148.826,44.36,42.07,21.33,25.49,16.54,65.48,148.963,52.42,0.11,1,0,0,0,0,0,0,0,1
2023-05-22 12:00:00,-3.7,3.7,-1.15625,1.0,-1.0,-1.0,2.0,1.0,720,1.0,149.002,149.234,148.969,149.195,3992.0,12.0,54.09,0.161,-0.024,-0.042,149.293,148.826,44.36,42.07,21.33,25.49,16.54,65.48,148.963,52.42,0.11,1,0,0,0,0,0,0,0,1
2023-05-22 17:00:00,0.20000000000000284,0.20000000000000284,0.010752688172043163,1.0,1.0,1.0,1.0,1.0,1020,1.0,149.849,149.859,149.304,149.668,9530.0,17.0,62.67,0.233,0.138,0.026,149.756,148.603,82.99,88.43,35.55,33.46,15.41,65.58,149.019,58.42,0.163,0,0,0,0,0,1,0,0,1
2023-05-23 11:00:00,-1.0,1.0,-0.018083182640144666,1.0,-1.0,-1.0,2.0,2.0,660,2.0,149.474,149.556,149.306,149.443,5885.0,11.0,44.01,0.214,0.053,0.139,150.043,149.497,23.82,25.31,19.7,13.02,22.15,56.76,149.247,34.74,0.15,1,0,0,0,0,0,0,0,1
2023-05-23 11:00:00,11.599999999999998,11.599999999999998,0.5631067961165047,1.0,1.0,1.0,1.0,1.0,660,2.0,149.474,149.556,149.306,149.443,5885.0,11.0,44.01,0.214,0.053,0.139,150.043,149.497,23.82,25.31,19.7,13.02,22.15,56.76,149.247,34.74,0.15,0,0,0,0,0,0,0,1,1
2023-05-23 11:00:00,-0.19999999999999574,0.19999999999999574,-0.004366812227074143,1.0,-1.0,-1.0,2.0,2.0,660,2.0,149.474,149.556,149.306,149.443,5885.0,11.0,44.01,0.214,0.053,0.139,150.043,149.497,23.82,25.31,19.7,13.02,22.15,56.76,149.247,34.74,0.15,1,0,0,0,0,0,0,0,1
2023-05-23 11:00:00,-0.5,0.5,-0.008710801393728223,1.0,-1.0,-1.0,2.0,2.0,660,2.0,149.474,149.556,149.306,149.443,5885.0,11.0,44.01,0.214,0.053,0.139,150.043,149.497,23.82,25.31,19.7,13.02,22.15,56.76,149.247,34.74,0.15,1,0,0,0,0,0,0,0,1
2023-05-30 11:00:00,-0.10000000000000053,0.10000000000000053,-0.0175438596491229,1.0,-1.0,-1.0,2.0,1.0,660,2.0,149.935,150.133,149.867,150.043,6695.0,11.0,40.08,0.216,-0.095,-0.067,150.517,149.99,23.16,30.16,15.12,20.11,21.4,49.17,150.165,44.78,0.185,0,0,0,1,0,0,0,0,1
2023-05-30 11:00:00,0.09999999999999964,0.09999999999999964,0.023809523809523725,1.0,1.0,1.0,1.0,1.0,660,2.0,149.935,150.133,149.867,150.043,6695.0,11.0,40.08,0.216,-0.095,-0.067,150.517,149.99,23.16,30.16,15.12,20.11,21.4,49.17,150.165,44.78,0.185,0,0,0,1,0,0,0,0,1
2023-05-30 11:00:00,-0.10000000000000009,0.10000000000000009,-0.03333333333333336,1.0,-1.0,-1.0,2.0,1.0,660,2.0,149.935,150.133,149.867,150.043,6695.0,11.0,40.08,0.216,-0.095,-0.067,150.517,149.99,23.16,30.16,15.12,20.11,21.4,49.17,150.165,44.78,0.185,0,0,0,1,0,0,0,0,1
2023-05-30 11:00:00,-0.20000000000000018,0.20000000000000018,-0.0540540540540541,1.0,-1.0,-1.0,2.0,2.0,660,2.0,149.935,150.133,149.867,150.043,6695.0,11.0,40.08,0.216,-0.095,-0.067,150.517,149.99,23.16,30.16,15.12,20.11,21.4,49.17,150.165,44.78,0.185,0,0,0,1,0,0,0,0,1
2023-05-30 12:00:00,0.8999999999999995,0.8999999999999995,0.13432835820895514,1.0,1.0,1.0,1.0,1.0,720,2.0,150.043,150.455,150.01,150.294,7384.0,12.0,50.45,0.243,-0.079,-0.072,150.521,149.997,39.02,30.5,15.6,27.08,18.55,46.44,150.177,59.77,0.208,0,0,0,0,0,1,0,0,1
2023-05-30 12:00:00,0.29999999999999893,0.29999999999999893,0.02325581395348829,1.0,1.0,1.0,1.0,3.0,720,2.0,150.043,150.455,150.01,150.294,7384.0,12.0,50.45,0.243,-0.079,-0.072,150.521,149.997,39.02,30.5,15.6,27.08,18.55,46.44,150.177,59.77,0.208,0,0,0,0,0,1,0,0,1
2023-05-30 12:00:00,-3.8000000000000003,3.8000000000000003,-1.5833333333333335,1.0,-1.0,-1.0,2.0,1.0,720,2.0,150.043,150.455,150.01,150.294,7384.0,12.0,50.45,0.243,-0.079,-0.072,150.521,149.997,39.02,30.5,15.6,27.08,18.55,46.44,150.177,59.77,0.208,0,0,0,0,0,1,0,0,1
2023-05-30 12:00:00,-3.0,3.0,-0.2727272727272727,1.0,-1.0,-1.0,2.0,1.0,720,2.0,150.043,150.455,150.01,150.294,7384.0,12.0,50.45,0.243,-0.079,-0.072,150.521,149.997,39.02,30.5,15.6,27.08,18.55,46.44,150.177,59.77,0.208,0,0,0,0,0,1,0,0,1
2023-05-30 12:00:00,-2.700000000000003,2.700000000000003,-0.026946107784431166,1.0,-1.0,-1.0,2.0,2.0,720,2.0,150.043,150.455,150.01,150.294,7384.0,12.0,50.45,0.243,-0.079,-0.072,150.521,149.997,39.02,30.5,15.6,27.08,18.55,46.44,150.177,59.77,0.208,0,0,0,0,0,1,0,0,1
2023-06-01 11:00:00,0.19999999999999574,0.19999999999999574,0.004385964912280608,1.0,1.0,1.0,1.0,2.0,660,4.0,149.284,149.458,149.117,149.38,5631.0,11.0,57.55,0.228,-0.04,-0.148,149.402,148.533,84.5,83.21,18.14,25.37,12.55,45.97,149.921,56.7,0.131,1,0,0,0,0,0,0,0,1
2023-06-01 12:00:00,-0.6000000000000001,0.6000000000000001,-0.33333333333333337,1.0,-1.0,-1.0,2.0,1.0,720,4.0,149.383,149.679,149.326,149.672,4907.0,12.0,64.82,0.234,0.007,-0.119,149.504,148.47,89.47,87.42,22.02,30.34,10.87,40.12,149.858,69.99,0.141,0,1,0,0,0,0,0,0,1
2023-06-01 12:00:00,-0.6,0.6,-0.37499999999999994,1.0,-1.0,-1.0,2.0,2.0,720,4.0,149.383,149.679,149.326,149.672,4907.0,12.0,64.82,0.234,0.007,-0.119,149.504,148.47,89.47,87.42,22.02,30.34,10.87,40.12,149.858,69.99,0.141,0,1,0,0,0,0,0,0,1
2023-06-01 12:00:00,-0.5,0.5,-0.07352941176470588,1.0,-1.0,-1.0,2.0,2.0,720,4.0,149.383,149.679,149.326,149.672,4907.0,12.0,64.82,0.234,0.007,-0.119,149.504,148.47,89.47,87.42,22.02,30.34,10.87,40.12,149.858,69.99,0.141,0,1,0,0,0,0,0,0,1
2023-06-01 12:00:00,-0.9000000000000004,0.9000000000000004,-0.11250000000000004,1.0,-1.0,-1.0,2.0,3.0,720,4.0,149.383,149.679,149.326,149.672,4907.0,12.0,64.82,0.234,0.007,-0.119,149.504,148.47,89.47,87.42,22.02,30.34,10.87,40.12,149.858,69.99,0.141,0,1,0,0,0,0,0,0,1
2023-06-01 12:00:00,-0.39999999999999997,0.39999999999999997,-0.23529411764705882,1.0,-1.0,-1.0,2.0,1.0,720,4.0,149.383,149.679,149.326,149.672,4907.0,12.0,64.82,0.234,0.007,-0.119,149.504,148.47,89.47,87.42,22.02,30.34,10.87,40.12,149.858,69.99,0.141,0,1,0,0,0,0,0,0,1
2023-06-01 12:00:00,-0.2999999999999998,0.2999999999999998,-0.03658536585365852,1.0,-1.0,-1.0,2.0,1.0,720,4.0,149.383,149.679,149.326,149.672,4907.0,12.0,64.82,0.234,0.007,-0.119,149.504,148.47,89.47,87.42,22.02,30.34,10.87,40.12,149.858,69.99,0.141,0,1,0,0,0,0,0,0,1
2023-06-05 11:00:00,-0.7999999999999972,0.7999999999999972,-0.01405975395430575,1.0,-1.0,-1.0,2.0,2.0,660,1.0,150.098,150.158,149.886,150.022,5574.0,11.0,60.85,0.154,0.123,0.124,150.081,149.722,76.35,72.4,17.06,21.66,17.74,58.95,149.498,53.3,0.119,1,0,0,0,0,0,0,0,1
2023-06-05 11:00:00,-0.5,0.5,-0.009208103130755065,1.0,-1.0,-1.0,2.0,2.0,660,1.0,150.098,150.158,149.886,150.022,5574.0,11.0,60.85,0.154,0.123,0.124,150.081,149.722,76.35,72.4,17.06,21.66,17.74,58.95,149.498,53.3,0.119,1,0,0,0,0,0,0,0,1
2023-06-05 11:30:00,-7.800000000000001,7.800000000000001,-0.7647058823529413,1.0,-1.0,-1.0,2.0,1.0,690,1.0,150.098,150.158,149.886,150.022,5574.0,11.0,60.85,0.154,0.123,0.124,150.081,149.722,76.35,72.4,17.06,21.66,17.74,58.95,149.498,53.3,0.119,0,0,0,0,0,1,0,0,1
2023-06-05 12:00:00,0.19999999999999996,0.19999999999999996,0.11111111111111108,1.0,1.0,1.0,1.0,1.0,720,1.0,150.022,150.098,149.966,149.976,4169.0,12.0,58.05,0.158,0.116,0.122,150.082,149.744,61.12,70.98,16.11,18.77,15.37,50.51,149.487,55.36,0.129,0,1,0,0,0,0,0,0,1
2023-06-06 12:00:00,-0.1,0.1,-0.09090909090909091,1.0,-1.0,-1.0,2.0,1.0,720,2.0,148.947,149.068,148.82,148.977,5995.0,12.0,29.0,0.207,-0.148,-0.087,149.873,149.06,21.54,26.62,31.41,11.57,32.68,41.42,149.415,27.89,0.177,0,0,0,0,0,0,1,0,1
2023-06-06 12:00:00,-0.8,0.8,-0.28571428571428575,1.0,-1.0,-1.0,2.0,1.0,720,2.0,148.947,149.068,148.82,148.977,5995.0,12.0,29.0,0.207,-0.148,-0.087,149.873,149.06,21.54,26.62,31.41,11.57,32.68,41.42,149.415,27.89,0.177,0,0,0,0,0,0,1,0,1
2023-06-08 12:00:00,-0.09999999999999987,0.09999999999999987,-0.037037037037036986,1.0,-1.0,-1.0,2.0,1.0,720,4.0,149.882,149.995,149.851,149.992,4555.0,12.0,63.01,0.179,0.116,0.128,150.026,149.616,80.14,66.37,20.96,27.23,19.44,55.48,149.567,59.67,0.114,0,0,1,0,0,0,0,0,1
2023-06-08 12:00:00,-0.2,0.2,-0.18181818181818182,1.0,-1.0,-1.0,2.0,2.0,720,4.0,149.882,149.995,149.851,149.992,4555.0,12.0,63.01,0.179,0.116,0.128,150.026,149.616,80.14,66.37,20.96,27.23,19.44,55.48,149.567,59.67,0.114,1,0,0,0,0,0,0,0,1
2023-06-08 12:00:00,-0.30000000000000004,0.30000000000000004,-0.13043478260869568,1.0,-1.0,-1.0,2.0,2.0,720,4.0,149.882,149.995,149.851,149.992,4555.0,12.0,63.01,0.179,0.116,0.128,150.026,149.616,80.14,66.37,20.96,27.23,19.44,55.48,149.567,59.67,0.114,1,0,0,0,0,0,0,0,1
2023-06-13 12:05:00,-8.5,8.5,-3.4,1.0,-1.0,-1.0,2.0,2.0,725,2.0,150.767,150.849,150.691,150.784,5004.0,12.0,72.8,0.162,0.178,0.11,150.751,149.854,86.33,83.05,32.87,29.0,7.2,61.09,150.01,68.38,0.131,0,0,0,0,0,1,0,0,1
2023-06-14 12:00:00,1.1,1.1,1.0,1.0,1.0,1.0,1.0,2.0,720,3.0,151.194,151.224,151.063,151.131,4883.0,12.0,55.48,0.17,0.128,0.176,151.369,150.967,60.08,53.11,23.0,11.31,15.04,68.86,150.348,48.95,0.12,1,0,0,0,0,0,0,0,1
2023-06-14 12:00:00,-0.09999999999999998,0.09999999999999998,-0.0769230769230769,1.0,-1.0,-1.0,2.0,1.0,720,3.0,151.194,151.224,151.063,151.131,4883.0,12.0,55.48,0.17,0.128,0.176,151.369,150.967,60.08,53.11,23.0,11.31,15.04,68.86,150.348,48.95,0.12,1,0,0,0,0,0,0,0,1
2023-06-15 12:00:00,-15.6,15.6,-1.6421052631578947,1.0,-1.0,-1.0,2.0,2.0,720,4.0,153.031,153.11,152.718,152.964,6120.0,12.0,81.88,0.244,0.472,0.393,153.359,150.828,81.86,83.47,74.69,32.49,7.35,78.99,150.932,78.96,0.127,0,0,0,0,0,0,0,1,1
2023-06-15 12:00:00,-33.2,33.2,-1.4755555555555557,1.0,-1.0,-1.0,2.0,2.0,720,4.0,153.031,153.11,152.718,152.964,6120.0,12.0,81.88,0.244,0.472,0.393,153.359,150.828,81.86,83.47,74.69,32.49,7.35,78.99,150.932,78.96,0.127,0,0,0,0,0,0,0,1,1
2023-06-16 12:00:00,-0.1,0.1,-0.09090909090909091,1.0,-1.0,-1.0,2.0,1.0,720,5.0,154.432,154.443,154.202,154.332,6305.0,12.0,71.62,0.317,0.444,0.385,154.482,152.967,71.72,80.14,30.96,23.19,17.22,85.14,151.947,56.72,0.216,0,1,0,0,0,0,0,0,1
2023-06-16 12:00:00,-0.6000000000000005,0.6000000000000005,-0.07792207792207799,1.0,-1.0,-1.0,2.0,1.0,720,5.0,154.432,154.443,154.202,154.332,6305.0,12.0,71.62,0.317,0.444,0.385,154.482,152.967,71.72,80.14,30.96,23.19,17.22,85.14,151.947,56.72,0.216,0,1,0,0,0,0,0,0,1
2023-06-16 12:00:00,1.7000000000000002,1.7000000000000002,0.39534883720930236,1.0,1.0,1.0,1.0,1.0,720,5.0,154.432,154.443,154.202,154.332,6305.0,12.0,71.62,0.317,0.444,0.385,154.482,152.967,71.72,80.14,30.96,23.19,17.22,85.14,151.947,56.72,0.216,0,0,0,0,1,0,0,0,1
2023-06-16 12:00:00,1.2999999999999998,1.2999999999999998,0.3023255813953488,1.0,1.0,1.0,1.0,2.0,720,5.0,154.432,154.443,154.202,154.332,6305.0,12.0,71.62,0.317,0.444,0.385,154.482,152.967,71.72,80.14,30.96,23.19,17.22,85.14,151.947,56.72,0.216,0,0,1,0,0,0,0,0,1
2023-06-20 11:00:00,-26.1,26.1,-0.8392282958199357,1.0,-1.0,-1.0,2.0,1.0,660,2.0,155.144,155.167,154.682,154.811,7093.0,11.0,46.34,0.257,0.045,0.064,155.229,154.728,47.66,61.18,28.05,24.1,17.07,68.05,153.911,50.32,0.177,0,0,0,0,0,0,0,1,1
2023-06-20 12:00:00,-0.4,0.4,-0.4,1.0,-1.0,-1.0,2.0,1.0,720,2.0,154.812,154.843,154.652,154.742,5589.0,12.0,44.57,0.268,0.022,0.056,155.231,154.724,32.72,49.66,25.72,20.88,16.89,61.1,154.043,40.24,0.196,1,0,0,0,0,0,0,0,1
2023-06-20 12:00:00,-1.8,1.8,-0.6,1.0,-1.0,-1.0,2.0,1.0,720,2.0,154.812,154.843,154.652,154.742,5589.0,12.0,44.57,0.268,0.022,0.056,155.231,154.724,32.72,49.66,25.72,20.88,16.89,61.1,154.043,40.24,0.196,1,0,0,0,0,0,0,0,1
2023-06-22 17:00:00,0.29999999999999716,0.29999999999999716,0.017241379310344664,1.0,1.0,1.0,1.0,1.0,1020,4.0,156.259,156.611,156.259,156.484,8269.0,17.0,75.82,0.225,0.278,0.25,156.409,155.503,66.94,64.46,48.4,38.39,9.99,77.1,155.208,66.77,0.186,0,0,0,0,0,1,0,0,1
2023-06-23 11:00:00,-0.6000000000000014,0.6000000000000014,-0.013274336283185872,1.0,-1.0,-1.0,2.0,2.0,660,5.0,155.302,155.48,155.172,155.204,8593.0,11.0,29.07,0.32,-0.032,0.18,157.352,155.611,17.47,36.98,22.96,14.03,21.58,49.34,155.415,24.33,0.242,1,0,0,0,0,0,0,0,1
2023-06-23 11:00:00,-3.1000000000000014,3.1000000000000014,-0.05486725663716817,1.0,-1.0,-1.0,2.0,2.0,660,5.0,155.302,155.48,155.172,155.204,8593.0,11.0,29.07,0.32,-0.032,0.18,157.352,155.611,17.47,36.98,22.96,14.03,21.58,49.34,155.415,24.33,0.242,1,0,0,0,0,0,0,0,1
2023-06-23 11:00:00,-2.700000000000003,2.700000000000003,-0.05000000000000005,1.0,-1.0,-1.0,2.0,2.0,660,5.0,155.302,155.48,155.172,155.204,8593.0,11.0,29.07,0.32,-0.032,0.18,157.352,155.611,17.47,36.98,22.96,14.03,21.58,49.34,155.415,24.33,0.242,1,0,0,0,0,0,0,0,1
2023-06-28 11:00:00,-0.10000000000000009,0.10000000000000009,-0.03125000000000003,1.0,-1.0,-1.0,2.0,2.0,660,3.0,157.803,157.986,157.625,157.792,7258.0,11.0,61.86,0.19,0.164,0.201,158.0,157.397,55.21,58.28,24.3,15.69,14.23,67.38,156.714,62.74,0.125,0,0,0,1,0,0,0,0,1
2023-06-28 11:00:00,0.5,0.5,0.1111111111111111,1.0,1.0,1.0,1.0,1.0,660,3.0,157.803,157.986,157.625,157.792,7258.0,11.0,61.86,0.19,0.164,0.201,158.0,157.397,55.21,58.28,24.3,15.69,14.23,67.38,156.714,62.74,0.125,0,0,0,1,0,0,0,0,1
2023-06-29 12:00:00,-3.3000000000000003,3.3000000000000003,-0.673469387755102,1.0,-1.0,-1.0,2.0,1.0,720,4.0,157.439,157.653,157.424,157.604,5003.0,12.0,53.37,0.204,-0.008,-0.025,157.747,157.217,38.83,51.44,24.59,19.4,9.27,59.68,157.085,51.1,0.16,0,0,0,0,0,1,0,0,1
2023-06-29 12:00:00,-3.1000000000000005,3.1000000000000005,-0.3163265306122449,1.0,-1.0,-1.0,2.0,1.0,720,4.0,157.439,157.653,157.424,157.604,5003.0,12.0,53.37,0.204,-0.008,-0.025,157.747,157.217,38.83,51.44,24.59,19.4,9.27,59.68,157.085,51.1,0.16,0,0,0,0,0,1,0,0,1
2023-06-29 12:00:00,-2.5,2.5,-0.025303643724696356,1.0,-1.0,-1.0,2.0,2.0,720,4.0,157.439,157.653,157.424,157.604,5003.0,12.0,53.37,0.204,-0.008,-0.025,157.747,157.217,38.83,51.44,24.59,19.4,9.27,59.68,157.085,51.1,0.16,0,0,0,0,0,1,0,0,1
2023-06-29 12:00:00,-5.5,5.5,-0.4365079365079365,1.0,-1.0,-1.0,2.0,3.0,720,4.0,157.439,157.653,157.424,157.604,5003.0,12.0,53.37,0.204,-0.008,-0.025,157.747,157.217,38.83,51.44,24.59,19.4,9.27,59.68,157.085,51.1,0.16,0,0,0,0,0,1,0,0,1
2023-06-29 12:00:00,4.300000000000001,4.300000000000001,3.9090909090909096,1.0,1.0,1.0,1.0,1.0,720,4.0,157.439,157.653,157.424,157.604,5003.0,12.0,53.37,0.204,-0.008,-0.025,157.747,157.217,38.83,51.44,24.59,19.4,9.27,59.68,157.085,51.1,0.16,0,0,0,0,0,1,0,0,1
2023-06-30 12:00:00,0.20000000000000018,0.20000000000000018,0.026315789473684237,1.0,1.0,1.0,1.0,1.0,720,5.0,156.723,157.003,156.665,156.967,5424.0,12.0,40.89,0.247,-0.123,-0.071,157.666,156.922,34.71,34.87,25.74,9.04,24.33,54.9,157.321,36.42,0.171,0,1,0,0,0,0,0,0,1
2023-06-30 12:00:00,-0.19999999999999996,0.19999999999999996,-0.12499999999999997,1.0,-1.0,-1.0,2.0,1.0,720,5.0,156.723,157.003,156.665,156.967,5424.0,12.0,40.89,0.247,-0.123,-0.071,157.666,156.922,34.71,34.87,25.74,9.04,24.33,54.9,157.321,36.42,0.171,0,1,0,0,0,0,0,0,1
2023-06-30 12:00:00,0.09999999999999964,0.09999999999999964,0.013513513513513466,1.0,-1.0,-1.0,2.0,2.0,720,5.0,156.723,157.003,156.665,156.967,5424.0,12.0,40.89,0.247,-0.123,-0.071,157.666,156.922,34.71,34.87,25.74,9.04,24.33,54.9,157.321,36.42,0.171,0,0,1,0,0,0,0,0,1
2023-06-30 12:00:00,-0.39999999999999997,0.39999999999999997,-0.23529411764705882,1.0,-1.0,-1.0,2.0,1.0,720,5.0,156.723,157.003,156.665,156.967,5424.0,12.0,40.89,0.247,-0.123,-0.071,157.666,156.922,34.71,34.87,25.74,9.04,24.33,54.9,157.321,36.42,0.171,0,1,0,0,0,0,0,0,1
2023-06-30 12:00:00,0.3,0.3,0.3,1.0,1.0,1.0,1.0,2.0,720,5.0,156.723,157.003,156.665,156.967,5424.0,12.0,40.89,0.247,-0.123,-0.071,157.666,156.922,34.71,34.87,25.74,9.04,24.33,54.9,157.321,36.42,0.171,0,1,0,0,0,0,0,0,1
2023-06-30 12:00:00,0.40000000000000036,0.40000000000000036,0.06557377049180334,1.0,1.0,1.0,1.0,3.0,720,5.0,156.723,157.003,156.665,156.967,5424.0,12.0,40.89,0.247,-0.123,-0.071,157.666,156.922,34.71,34.87,25.74,9.04,24.33,54.9,157.321,36.42,0.171,0,1,0,0,0,0,0,0,1
2023-07-03 11:00:00,-0.20000000000000284,0.20000000000000284,-0.004484304932735489,1.0,-1.0,-1.0,2.0,2.0,660,1.0,157.5,157.706,157.414,157.543,5569.0,11.0,51.32,0.165,0.061,0.069,157.838,157.311,34.29,43.53,18.8,16.46,22.47,55.33,157.495,52.06,0.123,1,0,0,0,0,0,0,0,1
2023-07-05 11:00:00,-0.3999999999999986,0.3999999999999986,-0.007490636704119823,1.0,-1.0,-1.0,2.0,2.0,660,3.0,157.244,157.265,156.784,157.18,7927.0,11.0,42.18,0.194,-0.062,-0.085,157.488,157.061,44.09,55.24,17.41,22.32,27.46,46.86,157.441,36.18,0.155,1,0,0,0,0,0,0,0,1
2023-07-05 11:00:00,-0.3999999999999986,0.3999999999999986,-0.007797270955165665,1.0,-1.0,-1.0,2.0,2.0,660,3.0,157.244,157.265,156.784,157.18,7927.0,11.0,42.18,0.194,-0.062,-0.085,157.488,157.061,44.09,55.24,17.41,22.32,27.46,46.86,157.441,36.18,0.155,1,0,0,0,0,0,0,0,1
2023-07-05 12:00:00,2.0,2.0,0.4081632653061224,1.0,1.0,1.0,1.0,1.0,720,3.0,157.18,157.24,156.922,157.185,5715.0,12.0,42.47,0.206,-0.064,-0.079,157.486,157.052,37.59,46.04,16.46,19.35,23.8,49.65,157.432,38.53,0.18,0,1,0,0,0,0,0,0,1
2023-07-05 12:00:00,-7.6,7.6,-1.0704225352112675,1.0,-1.0,-1.0,2.0,1.0,720,3.0,157.18,157.24,156.922,157.185,5715.0,12.0,42.47,0.206,-0.064,-0.079,157.486,157.052,37.59,46.04,16.46,19.35,23.8,49.65,157.432,38.53,0.18,0,1,0,0,0,0,0,0,1
2023-07-06 12:00:00,-0.8999999999999999,0.8999999999999999,-0.3,1.0,-1.0,-1.0,2.0,1.0,720,4.0,156.445,156.599,156.335,156.527,6021.0,12.0,44.68,0.257,-0.229,-0.228,157.375,155.973,82.27,64.22,46.14,18.61,23.53,45.38,157.272,58.79,0.189,0,0,0,0,0,0,1,0,1
2023-07-06 12:00:00,-0.2,0.2,-0.16666666666666669,1.0,-1.0,-1.0,2.0,1.0,720,4.0,156.445,156.599,156.335,156.527,6021.0,12.0,44.68,0.257,-0.229,-0.228,157.375,155.973,82.27,64.22,46.14,18.61,23.53,45.38,157.272,58.79,0.189,0,0,0,0,0,0,1,0,1
2023-07-10 11:30:00,-4.600000000000001,4.600000000000001,-0.24338624338624348,1.0,-1.0,-1.0,2.0,1.0,690,1.0,155.875,156.153,155.875,156.047,4334.0,11.0,47.36,0.278,-0.031,-0.037,156.533,155.525,18.19,25.74,23.52,14.96,21.56,43.25,156.675,45.68,0.169,0,0,0,0,0,1,0,0,1
2023-07-11 12:05:00,-2.5,2.5,-0.23364485981308414,1.0,-1.0,-1.0,2.0,2.0,725,2.0,154.645,154.705,154.457,154.545,6209.0,12.0,26.59,0.249,-0.309,-0.239,155.869,154.594,7.91,9.24,27.31,8.29,24.37,28.91,156.077,28.1,0.175,0,0,0,0,0,1,0,0,1
2023-07-13 12:00:00,0.1,0.1,0.09090909090909091,1.0,1.0,1.0,1.0,2.0,720,4.0,154.45,154.822,154.437,154.762,5944.0,12.0,64.41,0.256,0.095,0.042,154.689,153.763,73.4,60.42,15.21,24.7,13.28,49.82,154.921,61.07,0.18,1,0,0,0,0,0,0,0,1
2023-07-13 12:00:00,-1.6,1.6,-1.0,1.0,-1.0,-1.0,2.0,1.0,720,4.0,154.45,154.822,154.437,154.762,5944.0,12.0,64.41,0.256,0.095,0.042,154.689,153.763,73.4,60.42,15.21,24.7,13.28,49.82,154.921,61.07,0.18,1,0,0,0,0,0,0,0,1
2023-07-14 12:00:00,13.9,13.9,0.879746835443038,1.0,1.0,1.0,1.0,2.0,720,5.0,155.35,155.578,155.298,155.523,5115.0,12.0,69.68,0.284,0.177,0.092,155.402,154.312,92.19,89.39,33.88,35.29,8.71,60.59,154.652,77.11,0.154,0,0,0,0,0,0,0,1,1
2023-07-14 12:00:00,7.3,7.3,0.8488372093023256,1.0,1.0,1.0,1.0,2.0,720,5.0,155.35,155.578,155.298,155.523,5115.0,12.0,69.68,0.284,0.177,0.092,155.402,154.312,92.19,89.39,33.88,35.29,8.71,60.59,154.652,77.11,0.154,0,0,0,0,0,0,0,1,1
2023-07-19 12:00:00,0.10000000000000003,0.10000000000000003,0.07692307692307694,1.0,1.0,1.0,1.0,1.0,720,3.0,156.952,157.202,156.869,157.009,8334.0,12.0,71.76,0.236,0.268,0.167,156.903,155.484,88.35,84.11,46.08,41.76,6.94,61.42,155.684,81.69,0.169,0,1,0,0,0,0,0,0,1
2023-07-19 12:00:00,0.09999999999999964,0.09999999999999964,0.015624999999999944,1.0,1.0,1.0,1.0,2.0,720,3.0,156.952,157.202,156.869,157.009,8334.0,12.0,71.76,0.236,0.268,0.167,156.903,155.484,88.35,84.11,46.08,41.76,6.94,61.42,155.684,81.69,0.169,0,1,0,0,0,0,0,0,1
2023-07-19 12:00:00,0.1,0.1,0.09090909090909091,1.0,1.0,1.0,1.0,1.0,720,3.0,156.952,157.202,156.869,157.009,8334.0,12.0,71.76,0.236,0.268,0.167,156.903,155.484,88.35,84.11,46.08,41.76,6.94,61.42,155.684,81.69,0.169,1,0,0,0,0,0,0,0,1
2023-07-19 12:00:00,-1.7,1.7,-0.6071428571428572,1.0,-1.0,-1.0,2.0,1.0,720,3.0,156.952,157.202,156.869,157.009,8334.0,12.0,71.76,0.236,0.268,0.167,156.903,155.484,88.35,84.11,46.08,41.76,6.94,61.42,155.684,81.69,0.169,1,0,0,0,0,0,0,0,1
2023-07-19 12:00:00,0.7,0.7,0.4666666666666666,1.0,1.0,1.0,1.0,1.0,720,3.0,156.952,157.202,156.869,157.009,8334.0,12.0,71.76,0.236,0.268,0.167,156.903,155.484,88.35,84.11,46.08,41.76,6.94,61.42,155.684,81.69,0.169,0,1,0,0,0,0,0,0,1
2023-07-19 12:00:00,0.5999999999999996,0.5999999999999996,0.10169491525423723,1.0,1.0,1.0,1.0,1.0,720,3.0,156.952,157.202,156.869,157.009,8334.0,12.0,71.76,0.236,0.268,0.167,156.903,155.484,88.35,84.11,46.08,41.76,6.94,61.42,155.684,81.69,0.169,0,1,0,0,0,0,0,0,1
2023-07-20 11:00:00,6.0,6.0,1.4634146341463417,1.0,1.0,1.0,1.0,1.0,660,4.0,156.457,156.524,156.137,156.301,7185.0,11.0,48.2,0.201,0.011,0.024,156.59,156.165,60.73,58.97,16.8,17.24,14.24,55.57,156.001,53.46,0.126,0,0,0,0,0,0,0,1,1
2023-07-20 17:00:00,0.5,0.5,0.03012048192771084,1.0,1.0,1.0,1.0,1.0,1020,4.0,156.393,156.49,156.198,156.403,13200.0,17.0,51.76,0.23,0.01,0.01,156.525,156.218,62.35,57.01,12.24,10.51,11.74,54.38,156.04,54.66,0.116,0,0,0,0,0,1,0,0,1
2023-07-24 11:00:00,0.6999999999999957,0.6999999999999957,0.014227642276422677,1.0,1.0,1.0,1.0,2.0,660,1.0,156.705,156.87,156.558,156.592,9733.0,11.0,35.32,0.29,0.019,0.185,158.118,156.853,21.62,39.51,26.23,11.91,23.05,50.3,156.567,31.92,0.201,1,0,0,0,0,0,0,0,1
2023-07-24 11:00:00,1.1000000000000014,1.1000000000000014,0.02156862745098042,1.0,1.0,1.0,1.0,2.0,660,1.0,156.705,156.87,156.558,156.592,9733.0,11.0,35.32,0.29,0.019,0.185,158.118,156.853,21.62,39.51,26.23,11.91,23.05,50.3,156.567,31.92,0.201,1,0,0,0,0,0,0,0,1
2023-07-24 11:00:00,-0.09999999999999432,0.09999999999999432,-0.0022831050228309204,1.0,-1.0,-1.0,2.0,2.0,660,1.0,156.705,156.87,156.558,156.592,9733.0,11.0,35.32,0.29,0.019,0.185,158.118,156.853,21.62,39.51,26.23,11.91,23.05,50.3,156.567,31.92,0.201,1,0,0,0,0,0,0,0,1
2023-07-26 11:00:00,-0.20000000000000007,0.20000000000000007,-0.11111111111111115,1.0,-1.0,-1.0,2.0,1.0,660,3.0,155.698,155.741,155.257,155.433,8454.0,11.0,30.17,0.182,-0.172,-0.18,155.994,155.551,24.3,36.33,18.68,11.34,19.75,36.7,156.514,33.53,0.125,0,0,0,1,0,0,0,0,1
2023-07-26 11:00:00,-0.10000000000000009,0.10000000000000009,-0.03571428571428575,1.0,-1.0,-1.0,2.0,2.0,660,3.0,155.698,155.741,155.257,155.433,8454.0,11.0,30.17,0.182,-0.172,-0.18,155.994,155.551,24.3,36.33,18.68,11.34,19.75,36.7,156.514,33.53,0.125,0,0,0,1,0,0,0,0,1
2023-07-26 11:00:00,-0.3999999999999999,0.3999999999999999,-0.09090909090909088,1.0,-1.0,-1.0,2.0,1.0,660,3.0,155.698,155.741,155.257,155.433,8454.0,11.0,30.17,0.182,-0.172,-0.18,155.994,155.551,24.3,36.33,18.68,11.34,19.75,36.7,156.514,33.53,0.125,0,0,0,1,0,0,0,0,1
2023-07-26 11:00:00,-0.2999999999999998,0.2999999999999998,-0.09090909090909086,1.0,-1.0,-1.0,2.0,1.0,660,3.0,155.698,155.741,155.257,155.433,8454.0,11.0,30.17,0.182,-0.172,-0.18,155.994,155.551,24.3,36.33,18.68,11.34,19.75,36.7,156.514,33.53,0.125,0,0,0,1,0,0,0,0,1
2023-07-28 12:00:00,-3.2,3.2,-0.4444444444444445,1.0,-1.0,-1.0,2.0,1.0,720,5.0,153.097,153.127,152.791,152.846,8389.0,12.0,40.74,0.872,-0.554,-0.665,154.926,151.573,59.38,51.56,23.44,19.27,22.73,42.2,155.287,53.88,0.367,0,0,0,0,0,1,0,0,1
2023-07-28 12:00:00,-0.7000000000000002,0.7000000000000002,-0.09459459459459461,1.0,-1.0,-1.0,2.0,1.0,720,5.0,153.097,153.127,152.791,152.846,8389.0,12.0,40.74,0.872,-0.554,-0.665,154.926,151.573,59.38,51.56,23.44,19.27,22.73,42.2,155.287,53.88,0.367,0,0,0,0,0,1,0,0,1
2023-07-28 12:00:00,-1.2999999999999972,1.2999999999999972,-0.013429752066115673,1.0,-1.0,-1.0,2.0,2.0,720,5.0,153.097,153.127,152.791,152.846,8389.0,12.0,40.74,0.872,-0.554,-0.665,154.926,151.573,59.38,51.56,23.44,19.27,22.73,42.2,155.287,53.88,0.367,0,0,0,0,0,1,0,0,1
2023-07-28 12:00:00,-5.000000000000001,5.000000000000001,-0.462962962962963,1.0,-1.0,-1.0,2.0,3.0,720,5.0,153.097,153.127,152.791,152.846,8389.0,12.0,40.74,0.872,-0.554,-0.665,154.926,151.573,59.38,51.56,23.44,19.27,22.73,42.2,155.287,53.88,0.367,0,0,0,0,0,1,0,0,1
2023-07-28 12:00:00,2.8,2.8,1.7499999999999998,1.0,1.0,1.0,1.0,1.0,720,5.0,153.097,153.127,152.791,152.846,8389.0,12.0,40.74,0.872,-0.554,-0.665,154.926,151.573,59.38,51.56,23.44,19.27,22.73,42.2,155.287,53.88,0.367,0,0,0,0,0,1,0,0,1
2023-07-31 12:00:00,-0.10000000000000053,0.10000000000000053,-0.012987012987013056,1.0,-1.0,-1.0,2.0,1.0,720,1.0,157.124,157.165,156.883,156.982,7186.0,12.0,74.92,0.353,0.677,0.562,157.043,154.549,88.4,89.02,44.5,31.59,6.5,60.63,155.182,77.33,0.208,0,1,0,0,0,0,0,0,1
2023-07-31 12:00:00,0.3,0.3,0.23076923076923075,1.0,1.0,1.0,1.0,1.0,720,1.0,157.124,157.165,156.883,156.982,7186.0,12.0,74.92,0.353,0.677,0.562,157.043,154.549,88.4,89.02,44.5,31.59,6.5,60.63,155.182,77.33,0.208,0,1,0,0,0,0,0,0,1
2023-07-31 12:00:00,-0.5000000000000001,0.5000000000000001,-0.23809523809523814,1.0,-1.0,-1.0,2.0,2.0,720,1.0,157.124,157.165,156.883,156.982,7186.0,12.0,74.92,0.353,0.677,0.562,157.043,154.549,88.4,89.02,44.5,31.59,6.5,60.63,155.182,77.33,0.208,1,0,0,0,0,0,0,0,1
2023-07-31 12:00:00,0.3,0.3,0.3,1.0,1.0,1.0,1.0,2.0,720,1.0,157.124,157.165,156.883,156.982,7186.0,12.0,74.92,0.353,0.677,0.562,157.043,154.549,88.4,89.02,44.5,31.59,6.5,60.63,155.182,77.33,0.208,1,0,0,0,0,0,0,0,1
2023-07-31 12:00:00,-0.09999999999999964,0.09999999999999964,-0.015151515151515098,1.0,-1.0,-1.0,2.0,2.0,720,1.0,157.124,157.165,156.883,156.982,7186.0,12.0,74.92,0.353,0.677,0.562,157.043,154.549,88.4,89.02,44.5,31.59,6.5,60.63,155.182,77.33,0.208,0,1,0,0,0,0,0,0,1
2023-07-31 12:00:00,-0.4,0.4,-0.3076923076923077,1.0,-1.0,-1.0,2.0,2.0,720,1.0,157.124,157.165,156.883,156.982,7186.0,12.0,74.92,0.353,0.677,0.562,157.043,154.549,88.4,89.02,44.5,31.59,6.5,60.63,155.182,77.33,0.208,0,1,0,0,0,0,0,0,1
2023-07-31 12:00:00,0.4,0.4,0.26666666666666666,1.0,1.0,1.0,1.0,1.0,720,1.0,157.124,157.165,156.883,156.982,7186.0,12.0,74.92,0.353,0.677,0.562,157.043,154.549,88.4,89.02,44.5,31.59,6.5,60.63,155.182,77.33,0.208,0,1,0,0,0,0,0,0,1
2023-07-31 12:00:00,0.2999999999999998,0.2999999999999998,0.04999999999999997,1.0,1.0,1.0,1.0,3.0,720,1.0,157.124,157.165,156.883,156.982,7186.0,12.0,74.92,0.353,0.677,0.562,157.043,154.549,88.4,89.02,44.5,31.59,6.5,60.63,155.182,77.33,0.208,0,1,0,0,0,0,0,0,1
2023-08-03 11:00:00,-0.20000000000000284,0.20000000000000284,-0.0038387715930902656,1.0,-1.0,-1.0,2.0,2.0,660,4.0,156.031,156.316,155.97,156.054,12676.0,11.0,32.18,0.261,-0.117,-0.045,157.215,156.228,13.19,33.93,16.83,15.37,24.53,46.25,156.501,33.13,0.187,1,0,0,0,0,0,0,0,1
2023-08-03 11:00:00,-0.29999999999999716,0.29999999999999716,-0.006012024048096136,1.0,-1.0,-1.0,2.0,2.0,660,4.0,156.031,156.316,155.97,156.054,12676.0,11.0,32.18,0.261,-0.117,-0.045,157.215,156.228,13.19,33.93,16.83,15.37,24.53,46.25,156.501,33.13,0.187,1,0,0,0,0,0,0,0,1
2023-08-03 12:00:00,3.5,3.5,0.7142857142857142,1.0,1.0,1.0,1.0,1.0,720,4.0,156.052,156.319,156.043,156.23,8897.0,12.0,37.9,0.272,-0.139,-0.056,157.214,156.159,9.95,17.5,17.58,13.47,21.26,46.69,156.586,38.71,0.207,0,1,0,0,0,0,0,0,1
2023-08-03 12:00:00,3.5000000000000004,3.5000000000000004,0.44303797468354433,1.0,1.0,1.0,1.0,1.0,720,4.0,156.052,156.319,156.043,156.23,8897.0,12.0,37.9,0.272,-0.139,-0.056,157.214,156.159,9.95,17.5,17.58,13.47,21.26,46.69,156.586,38.71,0.207,0,1,0,0,0,0,0,0,1
2023-08-04 12:00:00,-0.3,0.3,-0.3,1.0,-1.0,-1.0,2.0,1.0,720,5.0,156.074,156.247,155.998,156.217,5079.0,12.0,50.1,0.219,-0.068,-0.095,156.408,155.768,68.08,58.64,14.52,11.7,14.85,50.05,156.617,47.71,0.147,0,0,0,0,0,0,1,0,1
2023-08-04 12:00:00,0.8000000000000003,0.8000000000000003,0.25000000000000006,1.0,1.0,1.0,1.0,1.0,720,5.0,156.074,156.247,155.998,156.217,5079.0,12.0,50.1,0.219,-0.068,-0.095,156.408,155.768,68.08,58.64,14.52,11.7,14.85,50.05,156.617,47.71,0.147,0,0,0,0,0,0,1,0,1
2023-08-07 11:30:00,4.5,4.5,0.18442622950819673,1.0,1.0,1.0,1.0,1.0,690,1.0,156.224,156.347,156.105,156.172,6479.0,11.0,49.63,0.209,-0.007,-0.028,156.507,155.858,40.24,49.06,16.15,18.77,17.92,48.76,156.529,50.95,0.11,0,0,0,0,0,1,0,0,1
2023-08-15 12:05:00,5.6,5.6,0.46280991735537186,1.0,1.0,1.0,1.0,2.0,725,2.0,159.165,159.288,159.058,159.238,8387.0,12.0,67.67,0.177,0.135,0.058,159.229,158.364,91.28,91.59,11.27,21.62,19.02,62.95,158.632,60.74,0.125,0,0,0,0,0,1,0,0,1
2023-08-16 12:00:00,0.4,0.4,0.36363636363636365,1.0,1.0,1.0,1.0,2.0,720,3.0,159.027,159.114,159.001,159.05,4998.0,12.0,63.51,0.135,0.017,-0.02,158.998,158.592,75.29,58.46,27.3,25.09,11.27,61.41,158.82,67.79,0.108,1,0,0,0,0,0,0,0,1
2023-08-16 12:00:00,-0.19999999999999996,0.19999999999999996,-0.09999999999999998,1.0,-1.0,-1.0,2.0,1.0,720,3.0,159.027,159.114,159.001,159.05,4998.0,12.0,63.51,0.135,0.017,-0.02,158.998,158.592,75.29,58.46,27.3,25.09,11.27,61.41,158.82,67.79,0.108,1,0,0,0,0,0,0,0,1
2023-08-16 12:00:00,-0.10000000000000009,0.10000000000000009,-0.03846153846153849,1.0,-1.0,-1.0,2.0,1.0,720,3.0,159.027,159.114,159.001,159.05,4998.0,12.0,63.51,0.135,0.017,-0.02,158.998,158.592,75.29,58.46,27.3,25.09,11.27,61.41,158.82,67.79,0.108,0,0,1,0,0,0,0,0,1
2023-08-16 12:00:00,-0.09999999999999998,0.09999999999999998,-0.0769230769230769,1.0,-1.0,-1.0,2.0,1.0,720,3.0,159.027,159.114,159.001,159.05,4998.0,12.0,63.51,0.135,0.017,-0.02,158.998,158.592,75.29,58.46,27.3,25.09,11.27,61.41,158.82,67.79,0.108,0,0,1,0,0,0,0,0,1
2023-08-17 12:00:00,16.5,16.5,3.3,1.0,1.0,1.0,1.0,2.0,720,4.0,159.0,159.064,158.863,158.973,6113.0,12.0,46.11,0.142,0.034,0.06,159.266,158.908,25.87,46.16,16.78,12.66,22.78,57.42,158.835,41.02,0.107,0,0,0,0,0,0,0,1,1
2023-08-17 12:00:00,4.699999999999999,4.699999999999999,0.24352331606217612,1.0,1.0,1.0,1.0,2.0,720,4.0,159.0,159.064,158.863,158.973,6113.0,12.0,46.11,0.142,0.034,0.06,159.266,158.908,25.87,46.16,16.78,12.66,22.78,57.42,158.835,41.02,0.107,0,0,0,0,0,0,0,1,1
2023-08-18 12:00:00,-1.0,1.0,-1.0,1.0,-1.0,-1.0,2.0,1.0,720,5.0,158.2,158.236,158.042,158.199,7517.0,12.0,36.56,0.204,-0.208,-0.188,159.044,157.887,61.08,42.12,47.69,12.57,29.01,35.95,158.798,46.58,0.137,1,0,0,0,0,0,0,0,1
2023-08-18 12:00:00,-2.0,2.0,-0.7407407407407407,1.0,-1.0,-1.0,2.0,1.0,720,5.0,158.2,158.236,158.042,158.199,7517.0,12.0,36.56,0.204,-0.208,-0.188,159.044,157.887,61.08,42.12,47.69,12.57,29.01,35.95,158.798,46.58,0.137,1,0,0,0,0,0,0,0,1
2023-08-18 12:00:00,0.5,0.5,0.3125,1.0,1.0,1.0,1.0,1.0,720,5.0,158.2,158.236,158.042,158.199,7517.0,12.0,36.56,0.204,-0.208,-0.188,159.044,157.887,61.08,42.12,47.69,12.57,29.01,35.95,158.798,46.58,0.137,0,1,0,0,0,0,0,0,1
2023-08-18 12:00:00,0.7999999999999998,0.7999999999999998,0.14545454545454542,1.0,1.0,1.0,1.0,1.0,720,5.0,158.2,158.236,158.042,158.199,7517.0,12.0,36.56,0.204,-0.208,-0.188,159.044,157.887,61.08,42.12,47.69,12.57,29.01,35.95,158.798,46.58,0.137,0,1,0,0,0,0,0,0,1
2023-08-18 12:00:00,-0.1,0.1,-0.1,1.0,-1.0,-1.0,2.0,1.0,720,5.0,158.2,158.236,158.042,158.199,7517.0,12.0,36.56,0.204,-0.208,-0.188,159.044,157.887,61.08,42.12,47.69,12.57,29.01,35.95,158.798,46.58,0.137,0,1,0,0,0,0,0,0,1
2023-08-22 11:00:00,42.699999999999996,42.699999999999996,5.40506329113924,1.0,1.0,1.0,1.0,1.0,660,2.0,159.261,159.264,158.841,158.87,6196.0,11.0,40.76,0.147,0.129,0.213,159.503,159.054,22.81,39.91,39.57,15.38,24.41,52.58,158.743,29.59,0.088,0,0,0,0,0,0,0,1,1
2023-08-23 11:00:00,1.4000000000000057,1.4000000000000057,0.032332563510392744,1.0,1.0,1.0,1.0,2.0,660,3.0,157.292,157.447,157.148,157.271,11270.0,11.0,19.13,0.218,-0.273,-0.216,158.661,157.529,16.19,47.09,33.44,13.12,28.64,31.42,158.499,26.81,0.194,1,0,0,0,0,0,0,0,1
2023-08-23 11:00:00,-1.7000000000000028,1.7000000000000028,-0.03333333333333339,1.0,-1.0,-1.0,2.0,2.0,660,3.0,157.292,157.447,157.148,157.271,11270.0,11.0,19.13,0.218,-0.273,-0.216,158.661,157.529,16.19,47.09,33.44,13.12,28.64,31.42,158.499,26.81,0.194,1,0,0,0,0,0,0,0,1
2023-08-23 11:00:00,-0.7000000000000028,0.7000000000000028,-0.014373716632443589,1.0,-1.0,-1.0,2.0,2.0,660,3.0,157.292,157.447,157.148,157.271,11270.0,11.0,19.13,0.218,-0.273,-0.216,158.661,157.529,16.19,47.09,33.44,13.12,28.64,31.42,158.499,26.81,0.194,1,0,0,0,0,0,0,0,1
2023-08-23 17:00:00,-1.6999999999999993,1.6999999999999993,-0.11111111111111106,1.0,-1.0,-1.0,2.0,1.0,1020,3.0,156.885,157.161,156.873,156.998,13647.0,17.0,22.31,0.283,-0.404,-0.315,158.75,156.757,22.67,18.69,39.63,8.61,24.52,29.82,158.346,42.35,0.171,0,0,0,0,0,1,0,0,1
2023-08-28 11:00:00,0.30000000000000004,0.30000000000000004,0.13043478260869568,1.0,1.0,1.0,1.0,1.0,660,1.0,158.395,158.421,158.268,158.271,5890.0,11.0,60.06,0.13,0.15,0.158,158.476,157.84,52.92,54.46,37.38,25.06,12.52,56.35,157.825,58.71,0.075,0,0,0,1,0,0,0,0,1
2023-08-28 11:00:00,-0.2999999999999998,0.2999999999999998,-0.08571428571428566,1.0,-1.0,-1.0,2.0,1.0,660,1.0,158.395,158.421,158.268,158.271,5890.0,11.0,60.06,0.13,0.15,0.158,158.476,157.84,52.92,54.46,37.38,25.06,12.52,56.35,157.825,58.71,0.075,0,0,0,1,0,0,0,0,1
2023-08-28 11:00:00,-0.4,0.4,-0.4,1.0,-1.0,-1.0,2.0,1.0,660,1.0,158.395,158.421,158.268,158.271,5890.0,11.0,60.06,0.13,0.15,0.158,158.476,157.84,52.92,54.46,37.38,25.06,12.52,56.35,157.825,58.71,0.075,0,0,0,1,0,0,0,0,1
2023-08-28 11:00:00,-0.09999999999999987,0.09999999999999987,-0.041666666666666616,1.0,-1.0,-1.0,2.0,2.0,660,1.0,158.395,158.421,158.268,158.271,5890.0,11.0,60.06,0.13,0.15,0.158,158.476,157.84,52.92,54.46,37.38,25.06,12.52,56.35,157.825,58.71,0.075,0,0,0,1,0,0,0,0,1
2023-08-30 12:00:00,-2.0,2.0,-0.2150537634408602,1.0,-1.0,-1.0,2.0,1.0,720,3.0,159.149,159.365,159.134,159.345,6592.0,12.0,72.2,0.178,0.164,0.109,159.253,158.296,90.84,88.77,23.04,33.48,16.33,68.05,158.308,74.19,0.112,0,0,0,0,0,1,0,0,1
2023-08-30 12:00:00,-1.8000000000000003,1.8000000000000003,-0.2686567164179105,1.0,-1.0,-1.0,2.0,1.0,720,3.0,159.149,159.365,159.134,159.345,6592.0,12.0,72.2,0.178,0.164,0.109,159.253,158.296,90.84,88.77,23.04,33.48,16.33,68.05,158.308,74.19,0.112,0,0,0,0,0,1,0,0,1
2023-08-30 12:00:00,-1.5,1.5,-0.015657620041753653,1.0,-1.0,-1.0,2.0,2.0,720,3.0,159.149,159.365,159.134,159.345,6592.0,12.0,72.2,0.178,0.164,0.109,159.253,158.296,90.84,88.77,23.04,33.48,16.33,68.05,158.308,74.19,0.112,0,0,0,0,0,1,0,0,1
2023-08-30 12:00:00,0.40000000000000036,0.40000000000000036,0.041666666666666706,1.0,1.0,1.0,1.0,3.0,720,3.0,159.149,159.365,159.134,159.345,6592.0,12.0,72.2,0.178,0.164,0.109,159.253,158.296,90.84,88.77,23.04,33.48,16.33,68.05,158.308,74.19,0.112,0,0,0,0,0,1,0,0,1
2023-08-30 12:00:00,1.6,1.6,0.5333333333333333,1.0,1.0,1.0,1.0,1.0,720,3.0,159.149,159.365,159.134,159.345,6592.0,12.0,72.2,0.178,0.164,0.109,159.253,158.296,90.84,88.77,23.04,33.48,16.33,68.05,158.308,74.19,0.112,0,0,0,0,0,1,0,0,1
2023-08-31 12:00:00,0.7,0.7,0.6363636363636362,1.0,1.0,1.0,1.0,2.0,720,4.0,158.752,158.774,158.518,158.65,8127.0,12.0,30.31,0.219,-0.061,0.083,160.032,158.781,15.08,19.75,27.54,11.63,31.73,47.86,158.713,27.65,0.168,0,1,0,0,0,0,0,0,1
2023-08-31 12:00:00,-0.2999999999999998,0.2999999999999998,-0.04545454545454543,1.0,-1.0,-1.0,2.0,2.0,720,4.0,158.752,158.774,158.518,158.65,8127.0,12.0,30.31,0.219,-0.061,0.083,160.032,158.781,15.08,19.75,27.54,11.63,31.73,47.86,158.713,27.65,0.168,0,1,0,0,0,0,0,0,1
2023-08-31 12:00:00,0.2999999999999998,0.2999999999999998,0.04999999999999997,1.0,1.0,1.0,1.0,3.0,720,4.0,158.752,158.774,158.518,158.65,8127.0,12.0,30.31,0.219,-0.061,0.083,160.032,158.781,15.08,19.75,27.54,11.63,31.73,47.86,158.713,27.65,0.168,0,1,0,0,0,0,0,0,1
2023-08-31 12:00:00,-0.2,0.2,-0.13333333333333333,1.0,-1.0,-1.0,2.0,1.0,720,4.0,158.752,158.774,158.518,158.65,8127.0,12.0,30.31,0.219,-0.061,0.083,160.032,158.781,15.08,19.75,27.54,11.63,31.73,47.86,158.713,27.65,0.168,0,1,0,0,0,0,0,0,1
2023-08-31 12:00:00,-0.2999999999999998,0.2999999999999998,-0.03999999999999997,1.0,-1.0,-1.0,2.0,1.0,720,4.0,158.752,158.774,158.518,158.65,8127.0,12.0,30.31,0.219,-0.061,0.083,160.032,158.781,15.08,19.75,27.54,11.63,31.73,47.86,158.713,27.65,0.168,0,1,0,0,0,0,0,0,1
2023-09-01 11:00:00,-0.20000000000000284,0.20000000000000284,-0.004474272930648833,1.0,-1.0,-1.0,2.0,2.0,660,5.0,157.862,157.894,157.781,157.805,6295.0,11.0,35.19,0.144,-0.237,-0.314,158.204,157.458,69.08,75.49,25.99,18.18,13.66,38.07,158.63,53.65,0.107,1,0,0,0,0,0,0,0,1
2023-09-04 11:30:00,-4.699999999999999,4.699999999999999,-0.26404494382022464,1.0,-1.0,-1.0,2.0,1.0,690,1.0,158.049,158.14,157.913,158.11,5253.0,11.0,66.81,0.162,0.012,-0.087,157.999,157.295,83.39,84.36,33.0,29.39,9.51,49.32,158.424,74.71,0.094,0,0,0,0,0,1,0,0,1
2023-09-05 11:00:00,-0.3999999999999986,0.3999999999999986,-0.008113590263691656,1.0,-1.0,-1.0,2.0,2.0,660,2.0,158.03,158.072,157.801,158.008,8694.0,11.0,45.71,0.146,0.065,0.096,158.359,157.942,27.59,48.65,23.28,16.96,24.62,47.08,158.263,28.53,0.128,1,0,0,0,0,0,0,0,1
2023-09-05 11:00:00,-0.29999999999999716,0.29999999999999716,-0.0062499999999999405,1.0,-1.0,-1.0,2.0,2.0,660,2.0,158.03,158.072,157.801,158.008,8694.0,11.0,45.71,0.146,0.065,0.096,158.359,157.942,27.59,48.65,23.28,16.96,24.62,47.08,158.263,28.53,0.128,1,0,0,0,0,0,0,0,1
2023-09-05 12:00:00,3.0,3.0,0.6666666666666666,1.0,1.0,1.0,1.0,1.0,720,2.0,158.008,158.207,157.977,158.195,5376.0,12.0,54.65,0.16,0.063,0.093,158.363,157.95,38.74,36.71,20.53,22.52,21.33,50.13,158.215,45.77,0.152,0,1,0,0,0,0,0,0,1
2023-09-05 12:00:00,1.3000000000000007,1.3000000000000007,0.13131313131313138,1.0,1.0,1.0,1.0,1.0,720,2.0,158.008,158.207,157.977,158.195,5376.0,12.0,54.65,0.16,0.063,0.093,158.363,157.95,38.74,36.71,20.53,22.52,21.33,50.13,158.215,45.77,0.152,0,1,0,0,0,0,0,0,1
2023-09-06 12:00:00,-0.1,0.1,-0.09090909090909091,1.0,-1.0,-1.0,2.0,1.0,720,3.0,158.211,158.319,158.107,158.209,5130.0,12.0,49.96,0.235,-0.011,0.018,158.558,157.986,64.48,51.73,25.74,13.72,19.12,48.22,157.967,50.71,0.147,0,0,0,0,0,0,1,0,1
2023-09-06 12:00:00,1.2000000000000002,1.2000000000000002,0.37500000000000006,1.0,1.0,1.0,1.0,1.0,720,3.0,158.211,158.319,158.107,158.209,5130.0,12.0,49.96,0.235,-0.011,0.018,158.558,157.986,64.48,51.73,25.74,13.72,19.12,48.22,157.967,50.71,0.147,0,0,0,0,0,0,1,0,1
2023-09-07 12:00:00,-0.19999999999999996,0.19999999999999996,-0.07999999999999999,1.0,-1.0,-1.0,2.0,1.0,720,4.0,157.929,158.031,157.9,157.984,5655.0,12.0,38.39,0.161,-0.056,0.009,158.569,157.934,22.82,19.84,29.78,10.93,26.92,35.42,158.073,38.98,0.108,0,0,1,0,0,0,0,0,1
2023-09-07 12:00:00,-0.19999999999999998,0.19999999999999998,-0.15384615384615383,1.0,-1.0,-1.0,2.0,2.0,720,4.0,157.929,158.031,157.9,157.984,5655.0,12.0,38.39,0.161,-0.056,0.009,158.569,157.934,22.82,19.84,29.78,10.93,26.92,35.42,158.073,38.98,0.108,1,0,0,0,0,0,0,0,1
2023-09-07 12:00:00,-0.09999999999999998,0.09999999999999998,-0.062499999999999986,1.0,-1.0,-1.0,2.0,2.0,720,4.0,157.929,158.031,157.9,157.984,5655.0,12.0,38.39,0.161,-0.056,0.009,158.569,157.934,22.82,19.84,29.78,10.93,26.92,35.42,158.073,38.98,0.108,1,0,0,0,0,0,0,0,1
2023-09-12 12:05:00,-0.09999999999999964,0.09999999999999964,-0.010204081632653024,1.0,-1.0,-1.0,2.0,2.0,725,2.0,157.271,157.454,157.259,157.39,4701.0,12.0,47.19,0.204,-0.006,0.026,157.746,157.237,19.33,28.7,20.34,20.65,20.47,46.95,157.684,44.06,0.121,0,0,0,0,0,1,0,0,1
2023-09-13 12:00:00,-1.1,1.1,-1.1,1.0,-1.0,-1.0,2.0,2.0,720,3.0,158.074,158.19,158.069,158.138,6269.0,12.0,53.86,0.217,0.146,0.208,158.619,157.664,28.05,25.86,27.77,17.18,16.05,59.63,157.719,42.26,0.127,1,0,0,0,0,0,0,0,1
2023-09-13 12:00:00,-0.5000000000000002,0.5000000000000002,-0.18518518518518526,1.0,-1.0,-1.0,2.0,1.0,720,3.0,158.074,158.19,158.069,158.138,6269.0,12.0,53.86,0.217,0.146,0.208,158.619,157.664,28.05,25.86,27.77,17.18,16.05,59.63,157.719,42.26,0.127,1,0,0,0,0,0,0,0,1
2023-09-15 12:00:00,1.0999999999999996,1.0999999999999996,0.24444444444444435,1.0,1.0,1.0,1.0,2.0,720,5.0,157.625,157.641,157.528,157.621,4799.0,12.0,61.36,0.17,-0.04,-0.195,157.576,156.501,97.11,91.46,36.23,29.42,6.89,48.55,157.73,70.96,0.112,0,0,1,0,0,0,0,0,1
2023-09-15 12:00:00,-15.7,15.7,-0.6767241379310345,1.0,-1.0,-1.0,2.0,2.0,720,5.0,157.625,157.641,157.528,157.621,4799.0,12.0,61.36,0.17,-0.04,-0.195,157.576,156.501,97.11,91.46,36.23,29.42,6.89,48.55,157.73,70.96,0.112,0,0,0,0,0,0,0,1,1
2023-09-15 12:00:00,0.8999999999999999,0.8999999999999999,0.1956521739130435,1.0,1.0,1.0,1.0,1.0,720,5.0,157.625,157.641,157.528,157.621,4799.0,12.0,61.36,0.17,-0.04,-0.195,157.576,156.501,97.11,91.46,36.23,29.42,6.89,48.55,157.73,70.96,0.112,0,0,0,0,1,0,0,0,1
2023-09-15 12:00:00,-2.9,2.9,-0.4264705882352941,1.0,-1.0,-1.0,2.0,2.0,720,5.0,157.625,157.641,157.528,157.621,4799.0,12.0,61.36,0.17,-0.04,-0.195,157.576,156.501,97.11,91.46,36.23,29.42,6.89,48.55,157.73,70.96,0.112,0,0,0,0,0,0,0,1,1
2023-09-19 11:00:00,5.999999999999998,5.999999999999998,0.3773584905660376,1.0,1.0,1.0,1.0,1.0,660,2.0,157.896,157.922,157.775,157.852,5378.0,11.0,58.29,0.11,0.071,0.075,157.966,157.639,53.2,49.0,19.54,19.61,14.0,53.94,157.667,55.52,0.088,0,0,0,0,0,0,0,1,1
2023-09-19 12:00:00,-0.09999999999999998,0.09999999999999998,-0.062499999999999986,1.0,-1.0,-1.0,2.0,2.0,720,2.0,157.85,157.903,157.769,157.858,4083.0,12.0,58.7,0.112,0.068,0.074,157.928,157.709,51.5,53.28,18.85,17.0,12.73,59.04,157.653,46.53,0.092,0,1,0,0,0,0,0,0,1
2023-09-19 12:00:00,-0.09999999999999964,0.09999999999999964,-0.015873015873015817,1.0,-1.0,-1.0,2.0,3.0,720,2.0,157.85,157.903,157.769,157.858,4083.0,12.0,58.7,0.112,0.068,0.074,157.928,157.709,51.5,53.28,18.85,17.0,12.73,59.04,157.653,46.53,0.092,0,1,0,0,0,0,0,0,1
2023-09-19 12:00:00,0.39999999999999997,0.39999999999999997,0.3333333333333333,1.0,1.0,1.0,1.0,1.0,720,2.0,157.85,157.903,157.769,157.858,4083.0,12.0,58.7,0.112,0.068,0.074,157.928,157.709,51.5,53.28,18.85,17.0,12.73,59.04,157.653,46.53,0.092,0,1,0,0,0,0,0,0,1
2023-09-19 12:00:00,0.7999999999999998,0.7999999999999998,0.1481481481481481,1.0,1.0,1.0,1.0,1.0,720,2.0,157.85,157.903,157.769,157.858,4083.0,12.0,58.7,0.112,0.068,0.074,157.928,157.709,51.5,53.28,18.85,17.0,12.73,59.04,157.653,46.53,0.092,0,1,0,0,0,0,0,0,1
2023-09-20 12:00:00,0.9,0.9,0.8181818181818181,1.0,1.0,1.0,1.0,1.0,720,3.0,158.401,158.416,158.237,158.317,4408.0,12.0,67.86,0.16,0.106,0.043,158.317,157.617,89.03,84.17,28.09,21.9,11.85,57.73,157.656,67.02,0.127,1,0,0,0,0,0,0,0,1
2023-09-20 12:00:00,-0.5,0.5,-0.2,1.0,-1.0,-1.0,2.0,1.0,720,3.0,158.401,158.416,158.237,158.317,4408.0,12.0,67.86,0.16,0.106,0.043,158.317,157.617,89.03,84.17,28.09,21.9,11.85,57.73,157.656,67.02,0.127,1,0,0,0,0,0,0,0,1
2023-09-21 17:00:00,-2.1000000000000014,2.1000000000000014,-0.12574850299401208,1.0,-1.0,-1.0,2.0,1.0,1020,4.0,157.343,157.402,157.125,157.138,12182.0,17.0,29.87,0.252,-0.184,-0.107,158.263,157.202,16.2,18.01,27.84,13.41,28.34,38.2,157.818,34.25,0.152,0,0,0,0,0,1,0,0,1
2023-09-22 11:00:00,-0.6000000000000014,0.6000000000000014,-0.013333333333333365,1.0,-1.0,-1.0,2.0,2.0,660,5.0,157.841,157.982,157.79,157.874,8281.0,11.0,57.72,0.278,0.055,-0.048,158.002,156.927,65.74,71.03,32.43,24.09,10.21,52.61,157.819,56.66,0.195,1,0,0,0,0,0,0,0,1
2023-09-22 11:00:00,2.1000000000000014,2.1000000000000014,0.044397463002114196,1.0,1.0,1.0,1.0,2.0,660,5.0,157.841,157.982,157.79,157.874,8281.0,11.0,57.72,0.278,0.055,-0.048,158.002,156.927,65.74,71.03,32.43,24.09,10.21,52.61,157.819,56.66,0.195,1,0,0,0,0,0,0,0,1
2023-09-22 11:00:00,1.5,1.5,0.032188841201716736,1.0,1.0,1.0,1.0,2.0,660,5.0,157.841,157.982,157.79,157.874,8281.0,11.0,57.72,0.278,0.055,-0.048,158.002,156.927,65.74,71.03,32.43,24.09,10.21,52.61,157.819,56.66,0.195,1,0,0,0,0,0,0,0,1
2023-09-27 11:00:00,-0.4,0.4,-0.2,1.0,-1.0,-1.0,2.0,1.0,660,3.0,157.452,157.501,157.382,157.407,4956.0,11.0,43.29,0.129,-0.06,-0.07,157.653,157.287,51.39,60.0,16.11,17.66,16.91,42.97,157.664,46.71,0.082,0,0,0,1,0,0,0,0,1
2023-09-27 11:00:00,-0.7000000000000001,0.7000000000000001,-0.3043478260869566,1.0,-1.0,-1.0,2.0,1.0,660,3.0,157.452,157.501,157.382,157.407,4956.0,11.0,43.29,0.129,-0.06,-0.07,157.653,157.287,51.39,60.0,16.11,17.66,16.91,42.97,157.664,46.71,0.082,0,0,0,1,0,0,0,0,1
2023-09-28 12:00:00,0.9000000000000004,0.9000000000000004,0.08256880733944957,1.0,1.0,1.0,1.0,1.0,720,4.0,157.1,157.338,157.07,157.315,8055.0,12.0,56.83,0.202,-0.08,-0.121,157.3,156.788,85.49,60.29,28.54,19.87,16.17,42.97,157.544,61.41,0.131,0,0,0,0,0,1,0,0,1
2023-09-28 12:00:00,-0.7999999999999998,0.7999999999999998,-0.1379310344827586,1.0,-1.0,-1.0,2.0,1.0,720,4.0,157.1,157.338,157.07,157.315,8055.0,12.0,56.83,0.202,-0.08,-0.121,157.3,156.788,85.49,60.29,28.54,19.87,16.17,42.97,157.544,61.41,0.131,0,0,0,0,0,1,0,0,1
2023-09-28 12:00:00,-0.5,0.5,-0.005274261603375527,1.0,-1.0,-1.0,2.0,2.0,720,4.0,157.1,157.338,157.07,157.315,8055.0,12.0,56.83,0.202,-0.08,-0.121,157.3,156.788,85.49,60.29,28.54,19.87,16.17,42.97,157.544,61.41,0.131,0,0,0,0,0,1,0,0,1
2023-09-28 12:00:00,1.5999999999999996,1.5999999999999996,0.14035087719298242,1.0,1.0,1.0,1.0,3.0,720,4.0,157.1,157.338,157.07,157.315,8055.0,12.0,56.83,0.202,-0.08,-0.121,157.3,156.788,85.49,60.29,28.54,19.87,16.17,42.97,157.544,61.41,0.131,0,0,0,0,0,1,0,0,1
2023-09-28 12:00:00,2.6,2.6,1.3,1.0,1.0,1.0,1.0,1.0,720,4.0,157.1,157.338,157.07,157.315,8055.0,12.0,56.83,0.202,-0.08,-0.121,157.3,156.788,85.49,60.29,28.54,19.87,16.17,42.97,157.544,61.41,0.131,0,0,0,0,0,1,0,0,1
2023-09-29 12:00:00,-1.0,1.0,-0.45454545454545453,1.0,-1.0,-1.0,2.0,1.0,720,5.0,158.099,158.337,158.012,158.23,8892.0,12.0,66.21,0.223,0.177,0.168,158.176,157.44,80.0,60.49,30.53,29.37,13.53,63.8,157.529,61.06,0.196,0,1,0,0,0,0,0,0,1
2023-09-29 12:00:00,-0.3,0.3,-0.18749999999999997,1.0,-1.0,-1.0,2.0,2.0,720,5.0,158.099,158.337,158.012,158.23,8892.0,12.0,66.21,0.223,0.177,0.168,158.176,157.44,80.0,60.49,30.53,29.37,13.53,63.8,157.529,61.06,0.196,0,1,0,0,0,0,0,0,1
2023-09-29 12:00:00,-0.7000000000000002,0.7000000000000002,-0.11290322580645164,1.0,-1.0,-1.0,2.0,2.0,720,5.0,158.099,158.337,158.012,158.23,8892.0,12.0,66.21,0.223,0.177,0.168,158.176,157.44,80.0,60.49,30.53,29.37,13.53,63.8,157.529,61.06,0.196,0,1,0,0,0,0,0,0,1
2023-09-29 12:00:00,-1.2000000000000002,1.2000000000000002,-0.18461538461538465,1.0,-1.0,-1.0,2.0,3.0,720,5.0,158.099,158.337,158.012,158.23,8892.0,12.0,66.21,0.223,0.177,0.168,158.176,157.44,80.0,60.49,30.53,29.37,13.53,63.8,157.529,61.06,0.196,0,1,0,0,0,0,0,0,1
2023-09-29 12:00:00,-0.49999999999999994,0.49999999999999994,-0.2941176470588235,1.0,-1.0,-1.0,2.0,1.0,720,5.0,158.099,158.337,158.012,158.23,8892.0,12.0,66.21,0.223,0.177,0.168,158.176,157.44,80.0,60.49,30.53,29.37,13.53,63.8,157.529,61.06,0.196,0,1,0,0,0,0,0,0,1
2023-09-29 12:00:00,-0.5,0.5,-0.07142857142857142,1.0,-1.0,-1.0,2.0,1.0,720,5.0,158.099,158.337,158.012,158.23,8892.0,12.0,66.21,0.223,0.177,0.168,158.176,157.44,80.0,60.49,30.53,29.37,13.53,63.8,157.529,61.06,0.196,0,1,0,0,0,0,0,0,1
2023-10-02 12:00:00,0.10000000000000053,0.10000000000000053,0.013698630136986375,1.0,-1.0,-1.0,2.0,2.0,720,1.0,158.142,158.146,157.704,157.804,7557.0,12.0,43.38,0.218,0.075,0.107,158.428,157.747,31.58,53.28,19.79,16.79,28.3,49.18,157.611,37.01,0.127,0,0,1,0,0,0,0,0,1
2023-10-04 11:00:00,0.10000000000000142,0.10000000000000142,0.0020790020790021086,1.0,1.0,1.0,1.0,2.0,660,3.0,156.058,156.315,156.033,156.226,6562.0,11.0,45.03,0.204,-0.181,-0.238,156.634,155.618,56.9,51.9,22.05,21.39,20.03,33.53,157.307,53.79,0.119,1,0,0,0,0,0,0,0,1
2023-10-04 11:00:00,0.30000000000000426,0.30000000000000426,0.006072874493927212,1.0,1.0,1.0,1.0,2.0,660,3.0,156.058,156.315,156.033,156.226,6562.0,11.0,45.03,0.204,-0.181,-0.238,156.634,155.618,56.9,51.9,22.05,21.39,20.03,33.53,157.307,53.79,0.119,1,0,0,0,0,0,0,0,1
2023-10-04 12:00:00,-1.4,1.4,-1.1666666666666667,1.0,-1.0,-1.0,2.0,1.0,720,3.0,156.231,156.684,156.211,156.571,5876.0,12.0,56.02,0.219,-0.135,-0.219,156.427,155.773,75.87,60.4,22.45,28.94,17.36,43.69,157.286,69.36,0.135,0,0,0,0,0,0,1,0,1
2023-10-04 12:00:00,0.10000000000000009,0.10000000000000009,0.03125000000000003,1.0,1.0,1.0,1.0,1.0,720,3.0,156.231,156.684,156.211,156.571,5876.0,12.0,56.02,0.219,-0.135,-0.219,156.427,155.773,75.87,60.4,22.45,28.94,17.36,43.69,157.286,69.36,0.135,0,0,0,0,0,0,1,0,1
2023-10-04 12:00:00,3.8000000000000003,3.8000000000000003,0.9047619047619048,1.0,1.0,1.0,1.0,1.0,720,3.0,156.231,156.684,156.211,156.571,5876.0,12.0,56.02,0.219,-0.135,-0.219,156.427,155.773,75.87,60.4,22.45,28.94,17.36,43.69,157.286,69.36,0.135,0,1,0,0,0,0,0,0,1
2023-10-04 12:00:00,-0.09999999999999964,0.09999999999999964,-0.008064516129032228,1.0,-1.0,-1.0,2.0,1.0,720,3.0,156.231,156.684,156.211,156.571,5876.0,12.0,56.02,0.219,-0.135,-0.219,156.427,155.773,75.87,60.4,22.45,28.94,17.36,43.69,157.286,69.36,0.135,0,1,0,0,0,0,0,0,1
2023-10-09 11:30:00,-3.6999999999999993,3.6999999999999993,-0.19270833333333331,1.0,-1.0,-1.0,2.0,1.0,690,1.0,156.967,157.219,156.93,157.216,6012.0,11.0,47.13,0.224,0.025,0.14,158.296,156.858,25.88,21.3,25.33,19.67,32.06,52.51,156.736,22.93,0.104,0,0,0,0,0,1,0,0,1
2023-10-13 12:00:00,0.8,0.8,0.6666666666666667,1.0,1.0,1.0,1.0,2.0,720,5.0,157.988,158.029,157.546,157.565,6246.0,12.0,36.9,0.166,-0.076,-0.077,158.089,157.602,50.87,57.89,26.35,12.84,26.12,46.33,157.791,50.35,0.117,1,0,0,0,0,0,0,0,1
2023-10-13 12:00:00,-3.3999999999999995,3.3999999999999995,-1.259259259259259,1.0,-1.0,-1.0,2.0,1.0,720,5.0,157.988,158.029,157.546,157.565,6246.0,12.0,36.9,0.166,-0.076,-0.077,158.089,157.602,50.87,57.89,26.35,12.84,26.12,46.33,157.791,50.35,0.117,1,0,0,0,0,0,0,0,1
2023-10-16 12:00:00,4.2,4.2,0.48275862068965525,1.0,1.0,1.0,1.0,2.0,720,1.0,157.572,157.61,157.434,157.436,5314.0,12.0,49.32,0.157,-0.034,-0.1,157.587,156.995,74.91,82.77,22.85,16.17,10.82,48.61,157.818,59.3,0.133,0,0,0,0,0,0,0,1,1
2023-10-16 12:00:00,7.800000000000001,7.800000000000001,3.7142857142857144,1.0,1.0,1.0,1.0,2.0,720,1.0,157.572,157.61,157.434,157.436,5314.0,12.0,49.32,0.157,-0.034,-0.1,157.587,156.995,74.91,82.77,22.85,16.17,10.82,48.61,157.818,59.3,0.133,0,0,0,0,0,0,0,1,1
2023-10-17 12:05:00,9.5,9.5,1.1585365853658538,1.0,1.0,1.0,1.0,2.0,725,2.0,157.682,157.978,157.682,157.977,5498.0,12.0,61.15,0.144,0.054,0.066,157.974,157.655,69.52,56.42,18.14,19.17,15.39,56.97,157.827,55.62,0.103,0,0,0,0,0,1,0,0,1
2023-10-18 12:00:00,-0.40000000000000036,0.40000000000000036,-0.0701754385964913,1.0,-1.0,-1.0,2.0,1.0,720,3.0,158.502,158.543,158.206,158.251,6772.0,12.0,51.32,0.15,0.101,0.119,158.527,158.185,58.84,65.91,13.71,25.75,23.39,53.51,157.819,61.59,0.114,0,1,0,0,0,0,0,0,1
2023-10-18 12:00:00,-0.8999999999999999,0.8999999999999999,-0.409090909090909,1.0,-1.0,-1.0,2.0,1.0,720,3.0,158.502,158.543,158.206,158.251,6772.0,12.0,51.32,0.15,0.101,0.119,158.527,158.185,58.84,65.91,13.71,25.75,23.39,53.51,157.819,61.59,0.114,0,1,0,0,0,0,0,0,1
2023-10-18 12:00:00,-1.4000000000000001,1.4000000000000001,-1.076923076923077,1.0,-1.0,-1.0,2.0,1.0,720,3.0,158.502,158.543,158.206,158.251,6772.0,12.0,51.32,0.15,0.101,0.119,158.527,158.185,58.84,65.91,13.71,25.75,23.39,53.51,157.819,61.59,0.114,1,0,0,0,0,0,0,0,1
2023-10-18 12:00:00,-1.5,1.5,-0.625,1.0,-1.0,-1.0,2.0,1.0,720,3.0,158.502,158.543,158.206,158.251,6772.0,12.0,51.32,0.15,0.101,0.119,158.527,158.185,58.84,65.91,13.71,25.75,23.39,53.51,157.819,61.59,0.114,1,0,0,0,0,0,0,0,1
2023-10-19 11:00:00,-0.8000000000000007,0.8000000000000007,-0.027118644067796634,1.0,-1.0,-1.0,2.0,1.0,660,4.0,157.847,157.952,157.756,157.863,7769.0,11.0,45.6,0.126,-0.069,-0.082,157.987,157.741,67.91,60.77,29.2,11.88,20.46,49.29,157.817,48.01,0.087,0,0,0,0,0,0,0,1,1
2023-10-23 17:00:00,0.5,0.5,0.025773195876288662,1.0,1.0,1.0,1.0,1.0,1020,1.0,159.015,159.331,159.011,159.285,12083.0,17.0,70.94,0.194,0.136,0.079,159.196,158.39,79.11,73.91,43.2,29.33,8.22,74.73,158.464,61.12,0.117,0,0,0,0,0,1,0,0,1
2023-10-24 11:00:00,-0.29999999999999716,0.29999999999999716,-0.006772009029345309,1.0,-1.0,-1.0,2.0,2.0,660,2.0,159.383,159.386,159.009,159.239,9038.0,11.0,43.34,0.193,0.147,0.239,160.044,159.175,24.49,41.96,36.3,18.73,28.89,59.69,158.676,26.52,0.131,1,0,0,0,0,0,0,0,1
2023-10-24 11:00:00,-0.8000000000000043,0.8000000000000043,-0.016129032258064602,1.0,-1.0,-1.0,2.0,2.0,660,2.0,159.383,159.386,159.009,159.239,9038.0,11.0,43.34,0.193,0.147,0.239,160.044,159.175,24.49,41.96,36.3,18.73,28.89,59.69,158.676,26.52,0.131,1,0,0,0,0,0,0,0,1
2023-10-24 11:00:00,-0.6000000000000014,0.6000000000000014,-0.012474012474012502,1.0,-1.0,-1.0,2.0,2.0,660,2.0,159.383,159.386,159.009,159.239,9038.0,11.0,43.34,0.193,0.147,0.239,160.044,159.175,24.49,41.96,36.3,18.73,28.89,59.69,158.676,26.52,0.131,1,0,0,0,0,0,0,0,1
2023-10-25 11:00:00,1.0000000000000002,1.0000000000000002,0.31250000000000006,1.0,1.0,1.0,1.0,1.0,660,3.0,158.704,158.818,158.662,158.681,6199.0,11.0,36.82,0.105,-0.107,-0.123,158.965,158.588,26.69,42.12,25.41,21.77,21.42,48.04,158.899,46.35,0.083,0,0,0,1,0,0,0,0,1
2023-10-25 11:00:00,0.10000000000000009,0.10000000000000009,0.05882352941176476,1.0,1.0,1.0,1.0,2.0,660,3.0,158.704,158.818,158.662,158.681,6199.0,11.0,36.82,0.105,-0.107,-0.123,158.965,158.588,26.69,42.12,25.41,21.77,21.42,48.04,158.899,46.35,0.083,0,0,0,1,0,0,0,0,1
2023-10-25 11:00:00,1.2,1.2,0.6,1.0,1.0,1.0,1.0,1.0,660,3.0,158.704,158.818,158.662,158.681,6199.0,11.0,36.82,0.105,-0.107,-0.123,158.965,158.588,26.69,42.12,25.41,21.77,21.42,48.04,158.899,46.35,0.083,0,0,0,1,0,0,0,0,1
2023-10-25 11:00:00,0.19999999999999998,0.19999999999999998,0.1818181818181818,1.0,1.0,1.0,1.0,1.0,660,3.0,158.704,158.818,158.662,158.681,6199.0,11.0,36.82,0.105,-0.107,-0.123,158.965,158.588,26.69,42.12,25.41,21.77,21.42,48.04,158.899,46.35,0.083,0,0,0,1,0,0,0,0,1
2023-10-30 13:00:00,-0.10000000000000009,0.10000000000000009,-0.021276595744680868,1.0,-1.0,-1.0,2.0,1.0,780,1.0,158.291,158.648,158.291,158.517,5587.0,13.0,59.75,0.201,-0.044,-0.119,158.494,157.749,85.99,80.25,21.33,27.64,16.59,56.44,158.55,64.91,0.134,0,0,0,0,0,1,0,0,1
2023-10-30 13:00:00,-2.799999999999999,2.799999999999999,-0.1842105263157894,1.0,-1.0,-1.0,2.0,3.0,780,1.0,158.291,158.648,158.291,158.517,5587.0,13.0,59.75,0.201,-0.044,-0.119,158.494,157.749,85.99,80.25,21.33,27.64,16.59,56.44,158.55,64.91,0.134,0,0,0,0,0,1,0,0,1
2023-10-30 13:00:00,0.09999999999999432,0.09999999999999432,0.0010615711252653325,1.0,1.0,1.0,1.0,2.0,780,1.0,158.291,158.648,158.291,158.517,5587.0,13.0,59.75,0.201,-0.044,-0.119,158.494,157.749,85.99,80.25,21.33,27.64,16.59,56.44,158.55,64.91,0.134,0,0,0,0,0,1,0,0,1
2023-10-30 13:00:00,0.5,0.5,0.1,1.0,1.0,1.0,1.0,1.0,780,1.0,158.291,158.648,158.291,158.517,5587.0,13.0,59.75,0.201,-0.044,-0.119,158.494,157.749,85.99,80.25,21.33,27.64,16.59,56.44,158.55,64.91,0.134,0,0,0,0,0,1,0,0,1
2023-10-30 13:00:00,0.3999999999999986,0.3999999999999986,0.03738317757009333,1.0,1.0,1.0,1.0,1.0,780,1.0,158.291,158.648,158.291,158.517,5587.0,13.0,59.75,0.201,-0.044,-0.119,158.494,157.749,85.99,80.25,21.33,27.64,16.59,56.44,158.55,64.91,0.134,0,0,0,0,0,1,0,0,1
2023-10-31 13:00:00,-0.2,0.2,-0.14285714285714288,1.0,-1.0,-1.0,2.0,1.0,780,2.0,160.691,160.722,160.579,160.62,5984.0,13.0,79.19,0.355,0.581,0.307,160.775,157.138,90.61,93.97,54.52,36.77,4.37,62.98,158.664,80.64,0.245,0,1,0,0,0,0,0,0,1
2023-10-31 13:00:00,-0.19999999999999998,0.19999999999999998,-0.15384615384615383,1.0,-1.0,-1.0,2.0,2.0,780,2.0,160.691,160.722,160.579,160.62,5984.0,13.0,79.19,0.355,0.581,0.307,160.775,157.138,90.61,93.97,54.52,36.77,4.37,62.98,158.664,80.64,0.245,0,1,0,0,0,0,0,0,1
2023-10-31 13:00:00,0.20000000000000018,0.20000000000000018,0.040000000000000036,1.0,1.0,1.0,1.0,2.0,780,2.0,160.691,160.722,160.579,160.62,5984.0,13.0,79.19,0.355,0.581,0.307,160.775,157.138,90.61,93.97,54.52,36.77,4.37,62.98,158.664,80.64,0.245,0,1,0,0,0,0,0,0,1
2023-10-31 13:00:00,-1.1,1.1,-0.22000000000000003,1.0,-1.0,-1.0,2.0,3.0,780,2.0,160.691,160.722,160.579,160.62,5984.0,13.0,79.19,0.355,0.581,0.307,160.775,157.138,90.61,93.97,54.52,36.77,4.37,62.98,158.664,80.64,0.245,0,1,0,0,0,0,0,0,1
2023-10-31 13:00:00,-0.30000000000000004,0.30000000000000004,-0.25000000000000006,1.0,-1.0,-1.0,2.0,2.0,780,2.0,160.691,160.722,160.579,160.62,5984.0,13.0,79.19,0.355,0.581,0.307,160.775,157.138,90.61,93.97,54.52,36.77,4.37,62.98,158.664,80.64,0.245,1,0,0,0,0,0,0,0,1
2023-10-31 13:00:00,-0.4,0.4,-0.26666666666666666,1.0,-1.0,-1.0,2.0,2.0,780,2.0,160.691,160.722,160.579,160.62,5984.0,13.0,79.19,0.355,0.581,0.307,160.775,157.138,90.61,93.97,54.52,36.77,4.37,62.98,158.664,80.64,0.245,1,0,0,0,0,0,0,0,1
2023-10-31 13:00:00,-0.2,0.2,-0.14285714285714288,1.0,-1.0,-1.0,2.0,1.0,780,2.0,160.691,160.722,160.579,160.62,5984.0,13.0,79.19,0.355,0.581,0.307,160.775,157.138,90.61,93.97,54.52,36.77,4.37,62.98,158.664,80.64,0.245,0,1,0,0,0,0,0,0,1
2023-10-31 13:00:00,-0.09999999999999964,0.09999999999999964,-0.01639344262295076,1.0,-1.0,-1.0,2.0,1.0,780,2.0,160.691,160.722,160.579,160.62,5984.0,13.0,79.19,0.355,0.581,0.307,160.775,157.138,90.61,93.97,54.52,36.77,4.37,62.98,158.664,80.64,0.245,0,1,0,0,0,0,0,0,1
2023-11-02 12:00:00,0.10000000000000142,0.10000000000000142,0.002272727272727305,1.0,1.0,1.0,1.0,2.0,720,4.0,159.675,159.961,159.661,159.9,6255.0,12.0,64.85,0.233,0.017,-0.057,159.75,159.028,82.41,71.71,20.76,29.31,10.7,58.62,159.214,68.54,0.156,1,0,0,0,0,0,0,0,1
2023-11-03 13:00:00,0.09999999999999964,0.09999999999999964,0.013513513513513466,1.0,-1.0,-1.0,2.0,2.0,780,5.0,159.883,159.972,159.841,159.896,4310.0,13.0,56.63,0.122,0.06,0.045,159.969,159.625,69.19,80.03,22.16,15.95,13.11,59.74,159.607,51.53,0.087,0,0,1,0,0,0,0,0,1
2023-11-06 12:30:00,4.0,4.0,0.1694915254237288,1.0,1.0,1.0,1.0,1.0,750,1.0,160.862,160.941,160.827,160.842,4455.0,12.0,74.28,0.17,0.215,0.19,160.872,160.059,84.99,83.52,49.03,31.52,5.18,67.28,159.949,73.41,0.114,0,0,0,0,0,1,0,0,1
2023-11-07 13:00:00,1.7,1.7,0.7727272727272726,1.0,1.0,1.0,1.0,1.0,780,2.0,160.591,160.648,160.43,160.538,5778.0,13.0,38.31,0.144,0.026,0.081,161.037,160.588,9.58,19.45,24.42,15.51,27.94,61.55,160.183,34.4,0.102,0,1,0,0,0,0,0,0,1
2023-11-07 13:00:00,2.5,2.5,0.15723270440251572,1.0,1.0,1.0,1.0,1.0,780,2.0,160.591,160.648,160.43,160.538,5778.0,13.0,38.31,0.144,0.026,0.081,161.037,160.588,9.58,19.45,24.42,15.51,27.94,61.55,160.183,34.4,0.102,0,1,0,0,0,0,0,0,1
2023-11-08 13:00:00,-0.19999999999999998,0.19999999999999998,-0.1818181818181818,1.0,-1.0,-1.0,2.0,1.0,780,3.0,160.85,160.958,160.85,160.947,4618.0,13.0,55.87,0.122,0.027,0.041,161.015,160.756,48.25,35.59,16.56,25.66,20.86,63.14,160.53,55.99,0.085,0,0,0,0,0,0,1,0,1
2023-11-08 13:00:00,-0.7999999999999998,0.7999999999999998,-0.2580645161290322,1.0,-1.0,-1.0,2.0,1.0,780,3.0,160.85,160.958,160.85,160.947,4618.0,13.0,55.87,0.122,0.027,0.041,161.015,160.756,48.25,35.59,16.56,25.66,20.86,63.14,160.53,55.99,0.085,0,0,0,0,0,0,1,0,1
2023-11-14 13:05:00,17.1,17.1,3.976744186046512,1.0,1.0,1.0,1.0,2.0,785,2.0,162.662,162.683,162.585,162.647,4132.0,13.0,73.61,0.112,0.122,0.087,162.593,162.054,84.69,78.64,31.52,30.89,9.58,77.98,161.919,71.21,0.101,0,0,0,0,0,1,0,0,1
2023-11-15 13:00:00,-1.1,1.1,-1.1,1.0,-1.0,-1.0,2.0,2.0,780,3.0,163.347,163.391,163.252,163.289,4616.0,13.0,47.5,0.206,0.152,0.285,164.012,163.277,24.9,23.13,31.22,11.26,19.77,70.56,162.42,38.57,0.138,1,0,0,0,0,0,0,0,1
2023-11-15 13:00:00,-3.2,3.2,-0.6808510638297872,1.0,-1.0,-1.0,2.0,1.0,780,3.0,163.347,163.391,163.252,163.289,4616.0,13.0,47.5,0.206,0.152,0.285,164.012,163.277,24.9,23.13,31.22,11.26,19.77,70.56,162.42,38.57,0.138,1,0,0,0,0,0,0,0,1
2023-11-15 13:00:00,1.799999999999999,1.799999999999999,0.21428571428571416,1.0,1.0,1.0,1.0,2.0,780,3.0,163.347,163.391,163.252,163.289,4616.0,13.0,47.5,0.206,0.152,0.285,164.012,163.277,24.9,23.13,31.22,11.26,19.77,70.56,162.42,38.57,0.138,0,0,0,0,0,0,0,1,1
2023-11-15 13:00:00,-0.8000000000000007,0.8000000000000007,-0.06779661016949158,1.0,-1.0,-1.0,2.0,2.0,780,3.0,163.347,163.391,163.252,163.289,4616.0,13.0,47.5,0.206,0.152,0.285,164.012,163.277,24.9,23.13,31.22,11.26,19.77,70.56,162.42,38.57,0.138,0,0,0,0,0,0,0,1,1
2023-11-17 12:00:00,6.699999999999999,6.699999999999999,0.26274509803921564,1.0,1.0,1.0,1.0,1.0,720,5.0,162.376,162.403,162.181,162.266,8805.0,12.0,19.62,0.215,-0.307,-0.165,164.084,162.488,7.59,11.22,33.59,8.97,36.21,44.38,163.32,16.17,0.185,0,0,0,0,0,0,0,1,1
2023-11-17 13:00:00,-0.30000000000000004,0.30000000000000004,-0.21428571428571433,1.0,-1.0,-1.0,2.0,1.0,780,5.0,162.268,162.466,162.232,162.456,7745.0,13.0,27.51,0.223,-0.329,-0.188,164.087,162.368,12.65,9.53,35.36,11.37,31.38,44.38,163.32,30.78,0.2,0,1,0,0,0,0,0,0,1
2023-11-17 13:00:00,-1.2999999999999998,1.2999999999999998,-0.2549019607843137,1.0,-1.0,-1.0,2.0,1.0,780,5.0,162.268,162.466,162.232,162.456,7745.0,13.0,27.51,0.223,-0.329,-0.188,164.087,162.368,12.65,9.53,35.36,11.37,31.38,44.38,163.32,30.78,0.2,0,1,0,0,0,0,0,0,1
2023-11-20 13:00:00,-1.6,1.6,-0.6956521739130436,1.0,-1.0,-1.0,2.0,1.0,780,1.0,162.065,162.084,161.775,161.882,5428.0,13.0,27.43,0.301,-0.272,-0.148,163.727,161.937,5.21,4.53,31.97,10.42,40.72,41.27,163.401,23.2,0.159,1,0,0,0,0,0,0,0,1
2023-11-20 13:00:00,0.4,0.4,0.4,1.0,1.0,1.0,1.0,1.0,780,1.0,162.065,162.084,161.775,161.882,5428.0,13.0,27.43,0.301,-0.272,-0.148,163.727,161.937,5.21,4.53,31.97,10.42,40.72,41.27,163.401,23.2,0.159,1,0,0,0,0,0,0,0,1
2023-11-22 18:00:00,1.1000000000000014,1.1000000000000014,0.05789473684210534,1.0,1.0,1.0,1.0,1.0,1080,3.0,162.658,162.738,162.604,162.722,7202.0,18.0,63.77,0.25,0.184,0.149,162.888,161.538,84.89,75.06,27.15,25.85,12.48,55.64,162.483,65.6,0.149,0,0,0,0,0,1,0,0,1
2023-11-23 12:00:00,0.8999999999999986,0.8999999999999986,0.020501138952163978,1.0,1.0,1.0,1.0,2.0,720,4.0,163.009,163.043,162.893,162.947,4444.0,12.0,63.4,0.177,0.136,0.12,163.012,162.462,79.88,76.0,22.5,22.87,13.03,57.26,162.412,69.18,0.124,1,0,0,0,0,0,0,0,1
2023-11-23 12:00:00,0.9000000000000057,0.9000000000000057,0.018633540372670926,1.0,1.0,1.0,1.0,2.0,720,4.0,163.009,163.043,162.893,162.947,4444.0,12.0,63.4,0.177,0.136,0.12,163.012,162.462,79.88,76.0,22.5,22.87,13.03,57.26,162.412,69.18,0.124,1,0,0,0,0,0,0,0,1
2023-11-23 12:00:00,1.0,1.0,0.021231422505307854,1.0,1.0,1.0,1.0,2.0,720,4.0,163.009,163.043,162.893,162.947,4444.0,12.0,63.4,0.177,0.136,0.12,163.012,162.462,79.88,76.0,22.5,22.87,13.03,57.26,162.412,69.18,0.124,1,0,0,0,0,0,0,0,1
2023-11-28 12:00:00,0.6000000000000001,0.6000000000000001,0.23076923076923078,1.0,1.0,1.0,1.0,1.0,720,2.0,162.704,162.842,162.669,162.76,5700.0,12.0,51.55,0.225,-0.115,-0.188,163.065,162.173,74.52,73.15,33.59,21.59,12.06,48.89,162.96,60.36,0.125,0,0,0,1,0,0,0,0,1
2023-11-28 12:00:00,-0.09999999999999998,0.09999999999999998,-0.08333333333333331,1.0,-1.0,-1.0,2.0,1.0,720,2.0,162.704,162.842,162.669,162.76,5700.0,12.0,51.55,0.225,-0.115,-0.188,163.065,162.173,74.52,73.15,33.59,21.59,12.06,48.89,162.96,60.36,0.125,0,0,0,1,0,0,0,0,1
2023-11-28 12:00:00,0.4,0.4,0.4,1.0,1.0,1.0,1.0,1.0,720,2.0,162.704,162.842,162.669,162.76,5700.0,12.0,51.55,0.225,-0.115,-0.188,163.065,162.173,74.52,73.15,33.59,21.59,12.06,48.89,162.96,60.36,0.125,0,0,0,1,0,0,0,0,1
2023-11-29 13:00:00,-7.5,7.5,-0.42134831460674155,1.0,-1.0,-1.0,2.0,3.0,780,3.0,162.21,162.213,162.043,162.157,6294.0,13.0,51.19,0.301,-0.117,-0.193,162.302,161.616,84.28,69.91,18.38,14.41,13.91,42.02,162.759,56.04,0.183,0,0,0,0,0,1,0,0,1
2023-11-29 13:00:00,-0.3000000000000007,0.3000000000000007,-0.029411764705882425,1.0,-1.0,-1.0,2.0,1.0,780,3.0,162.21,162.213,162.043,162.157,6294.0,13.0,51.19,0.301,-0.117,-0.193,162.302,161.616,84.28,69.91,18.38,14.41,13.91,42.02,162.759,56.04,0.183,0,0,0,0,0,1,0,0,1
2023-11-29 13:00:00,0.6000000000000005,0.6000000000000005,0.11320754716981142,1.0,1.0,1.0,1.0,1.0,780,3.0,162.21,162.213,162.043,162.157,6294.0,13.0,51.19,0.301,-0.117,-0.193,162.302,161.616,84.28,69.91,18.38,14.41,13.91,42.02,162.759,56.04,0.183,0,0,0,0,0,1,0,0,1
2023-11-29 13:00:00,0.5999999999999943,0.5999999999999943,0.006369426751592296,1.0,1.0,1.0,1.0,2.0,780,3.0,162.21,162.213,162.043,162.157,6294.0,13.0,51.19,0.301,-0.117,-0.193,162.302,161.616,84.28,69.91,18.38,14.41,13.91,42.02,162.759,56.04,0.183,0,0,0,0,0,1,0,0,1
2023-11-29 13:00:00,-1.2000000000000002,1.2000000000000002,-0.2666666666666667,1.0,-1.0,-1.0,2.0,1.0,780,3.0,162.21,162.213,162.043,162.157,6294.0,13.0,51.19,0.301,-0.117,-0.193,162.302,161.616,84.28,69.91,18.38,14.41,13.91,42.02,162.759,56.04,0.183,0,0,0,0,0,1,0,0,1
2023-11-30 13:00:00,-0.39999999999999947,0.39999999999999947,-0.07142857142857134,1.0,-1.0,-1.0,2.0,1.0,780,4.0,161.115,161.245,161.091,161.233,5578.0,13.0,42.81,0.262,-0.217,-0.215,161.833,160.885,63.02,45.7,44.42,12.96,23.57,38.22,162.325,52.01,0.179,0,1,0,0,0,0,0,0,1
2023-11-30 13:00:00,-0.5,0.5,-0.45454545454545453,1.0,-1.0,-1.0,2.0,1.0,780,4.0,161.115,161.245,161.091,161.233,5578.0,13.0,42.81,0.262,-0.217,-0.215,161.833,160.885,63.02,45.7,44.42,12.96,23.57,38.22,162.325,52.01,0.179,0,1,0,0,0,0,0,0,1
2023-11-30 13:00:00,-1.0,1.0,-0.7142857142857143,1.0,-1.0,-1.0,2.0,1.0,780,4.0,161.115,161.245,161.091,161.233,5578.0,13.0,42.81,0.262,-0.217,-0.215,161.833,160.885,63.02,45.7,44.42,12.96,23.57,38.22,162.325,52.01,0.179,0,1,0,0,0,0,0,0,1
2023-11-30 13:00:00,-0.6,0.6,-0.5454545454545454,1.0,-1.0,-1.0,2.0,2.0,780,4.0,161.115,161.245,161.091,161.233,5578.0,13.0,42.81,0.262,-0.217,-0.215,161.833,160.885,63.02,45.7,44.42,12.96,23.57,38.22,162.325,52.01,0.179,0,1,0,0,0,0,0,0,1
2023-11-30 13:00:00,-0.49999999999999956,0.49999999999999956,-0.09803921568627443,1.0,-1.0,-1.0,2.0,2.0,780,4.0,161.115,161.245,161.091,161.233,5578.0,13.0,42.81,0.262,-0.217,-0.215,161.833,160.885,63.02,45.7,44.42,12.96,23.57,38.22,162.325,52.01,0.179,0,1,0,0,0,0,0,0,1
2023-12-01 12:00:00,0.4000000000000057,0.4000000000000057,0.008928571428571556,1.0,1.0,1.0,1.0,2.0,720,5.0,161.13,161.287,161.099,161.162,5616.0,12.0,43.66,0.222,-0.042,-0.024,161.674,161.005,18.61,28.71,20.81,24.41,19.81,36.89,161.819,42.47,0.157,1,0,0,0,0,0,0,0,1
2023-12-04 12:30:00,-10.3,10.3,-0.6358024691358025,1.0,-1.0,-1.0,2.0,1.0,750,1.0,159.441,159.469,159.154,159.288,7209.0,12.0,27.86,0.226,-0.362,-0.417,159.973,159.209,24.79,32.94,31.42,16.41,32.97,23.34,161.036,43.97,0.155,0,0,0,0,0,1,0,0,1
2023-12-05 12:00:00,0.5,0.5,0.01016260162601626,1.0,1.0,1.0,1.0,2.0,720,2.0,159.291,159.518,159.244,159.3,6088.0,12.0,46.36,0.301,-0.118,-0.102,159.809,158.953,72.47,53.28,18.64,19.28,19.91,25.05,160.383,53.88,0.184,1,0,0,0,0,0,0,0,1
2023-12-05 12:00:00,0.5,0.5,0.010395010395010394,1.0,1.0,1.0,1.0,2.0,720,2.0,159.291,159.518,159.244,159.3,6088.0,12.0,46.36,0.301,-0.118,-0.102,159.809,158.953,72.47,53.28,18.64,19.28,19.91,25.05,160.383,53.88,0.184,1,0,0,0,0,0,0,0,1
2023-12-05 13:00:00,0.8999999999999999,0.8999999999999999,0.5294117647058824,1.0,1.0,1.0,1.0,1.0,780,2.0,159.301,159.308,158.996,159.057,5918.0,13.0,41.29,0.317,-0.13,-0.106,159.812,158.947,65.81,62.94,19.49,16.71,27.85,25.05,160.383,47.51,0.172,0,1,0,0,0,0,0,0,1
2023-12-05 13:00:00,3.9000000000000004,3.9000000000000004,0.27272727272727276,1.0,1.0,1.0,1.0,1.0,780,2.0,159.301,159.308,158.996,159.057,5918.0,13.0,41.29,0.317,-0.13,-0.106,159.812,158.947,65.81,62.94,19.49,16.71,27.85,25.05,160.383,47.51,0.172,0,1,0,0,0,0,0,0,1
2023-12-06 13:00:00,0.9000000000000001,0.9000000000000001,0.2903225806451613,1.0,1.0,1.0,1.0,1.0,780,3.0,159.013,159.084,158.859,158.893,5304.0,13.0,46.79,0.196,-0.076,-0.099,159.088,158.67,80.79,71.17,24.65,18.89,27.15,26.88,159.763,57.65,0.144,0,0,0,0,0,0,1,0,1
2023-12-06 13:00:00,0.2,0.2,0.18181818181818182,1.0,1.0,1.0,1.0,1.0,780,3.0,159.013,159.084,158.859,158.893,5304.0,13.0,46.79,0.196,-0.076,-0.099,159.088,158.67,80.79,71.17,24.65,18.89,27.15,26.88,159.763,57.65,0.144,0,0,0,0,0,0,1,0,1
2023-12-07 13:00:00,-0.09999999999999987,0.09999999999999987,-0.041666666666666616,1.0,-1.0,-1.0,2.0,1.0,780,4.0,156.023,156.409,156.015,156.199,10460.0,13.0,13.69,0.374,-0.656,-0.404,159.653,156.041,13.61,13.27,76.77,4.52,44.74,13.58,158.846,31.29,0.281,0,0,1,0,0,0,0,0,1
2023-12-07 13:00:00,-0.1,0.1,-0.09090909090909091,1.0,-1.0,-1.0,2.0,2.0,780,4.0,156.023,156.409,156.015,156.199,10460.0,13.0,13.69,0.374,-0.656,-0.404,159.653,156.041,13.61,13.27,76.77,4.52,44.74,13.58,158.846,31.29,0.281,1,0,0,0,0,0,0,0,1
2023-12-07 13:00:00,-0.09999999999999998,0.09999999999999998,-0.0769230769230769,1.0,-1.0,-1.0,2.0,1.0,780,4.0,156.023,156.409,156.015,156.199,10460.0,13.0,13.69,0.374,-0.656,-0.404,159.653,156.041,13.61,13.27,76.77,4.52,44.74,13.58,158.846,31.29,0.281,0,0,1,0,0,0,0,0,1
2023-12-12 13:05:00,15.0,15.0,1.6666666666666667,1.0,1.0,1.0,1.0,2.0,785,2.0,156.927,156.939,156.636,156.737,5926.0,13.0,44.72,0.257,-0.015,0.013,157.567,156.48,56.3,66.08,36.88,11.99,25.18,47.42,156.599,45.38,0.145,0,0,0,0,0,1,0,0,1
2023-12-13 13:00:00,-0.5999999999999996,0.5999999999999996,-0.08571428571428566,1.0,-1.0,-1.0,2.0,1.0,780,3.0,156.972,157.073,156.928,157.034,5501.0,13.0,48.86,0.218,0.053,0.056,157.359,156.83,29.84,49.63,23.17,17.96,15.9,46.4,156.463,35.31,0.134,1,0,0,0,0,0,0,0,1
2023-12-13 13:00:00,-0.8999999999999999,0.8999999999999999,-0.75,1.0,-1.0,-1.0,2.0,2.0,780,3.0,156.972,157.073,156.928,157.034,5501.0,13.0,48.86,0.218,0.053,0.056,157.359,156.83,29.84,49.63,23.17,17.96,15.9,46.4,156.463,35.31,0.134,1,0,0,0,0,0,0,0,1
2023-12-15 12:00:00,-0.3999999999999986,0.3999999999999986,-0.008771929824561372,1.0,-1.0,-1.0,2.0,2.0,720,5.0,155.39,155.415,155.077,155.357,7839.0,12.0,43.1,0.366,0.002,0.132,156.503,155.284,22.18,29.75,31.97,9.38,18.84,42.32,156.236,31.02,0.204,1,0,0,0,0,0,0,0,1
2023-12-15 12:00:00,-0.6000000000000014,0.6000000000000014,-0.012072434607645902,1.0,-1.0,-1.0,2.0,2.0,720,5.0,155.39,155.415,155.077,155.357,7839.0,12.0,43.1,0.366,0.002,0.132,156.503,155.284,22.18,29.75,31.97,9.38,18.84,42.32,156.236,31.02,0.204,1,0,0,0,0,0,0,0,1
2023-12-15 12:00:00,-0.7999999999999972,0.7999999999999972,-0.01639344262295076,1.0,-1.0,-1.0,2.0,2.0,720,5.0,155.39,155.415,155.077,155.357,7839.0,12.0,43.1,0.366,0.002,0.132,156.503,155.284,22.18,29.75,31.97,9.38,18.84,42.32,156.236,31.02,0.204,1,0,0,0,0,0,0,0,1
2023-12-15 13:00:00,0.3000000000000007,0.3000000000000007,0.025862068965517303,1.0,1.0,1.0,1.0,2.0,780,5.0,155.358,155.499,155.231,155.478,6895.0,13.0,45.61,0.369,-0.017,0.106,156.514,155.246,29.58,27.64,29.58,12.31,16.33,42.32,156.236,37.54,0.211,0,0,0,0,0,0,0,1,1
2023-12-15 13:00:00,14.899999999999999,14.899999999999999,3.1041666666666665,1.0,1.0,1.0,1.0,2.0,780,5.0,155.358,155.499,155.231,155.478,6895.0,13.0,45.61,0.369,-0.017,0.106,156.514,155.246,29.58,27.64,29.58,12.31,16.33,42.32,156.236,37.54,0.211,0,0,0,0,0,0,0,1,1
2023-12-15 13:00:00,0.20000000000000018,0.20000000000000018,0.03278688524590167,1.0,1.0,1.0,1.0,2.0,780,5.0,155.358,155.499,155.231,155.478,6895.0,13.0,45.61,0.369,-0.017,0.106,156.514,155.246,29.58,27.64,29.58,12.31,16.33,42.32,156.236,37.54,0.211,0,0,1,0,0,0,0,0,1
2023-12-19 13:00:00,-0.09999999999999998,0.09999999999999998,-0.06666666666666665,1.0,-1.0,-1.0,2.0,2.0,780,2.0,158.45,158.518,158.166,158.358,6192.0,13.0,78.64,0.563,0.67,0.426,158.558,154.892,92.9,94.05,28.19,26.5,11.25,67.13,155.744,71.53,0.216,0,1,0,0,0,0,0,0,1
2023-12-19 13:00:00,-0.09999999999999998,0.09999999999999998,-0.06666666666666665,1.0,-1.0,-1.0,2.0,1.0,780,2.0,158.45,158.518,158.166,158.358,6192.0,13.0,78.64,0.563,0.67,0.426,158.558,154.892,92.9,94.05,28.19,26.5,11.25,67.13,155.744,71.53,0.216,0,1,0,0,0,0,0,0,1
2023-12-19 13:00:00,0.2999999999999998,0.2999999999999998,0.09999999999999994,1.0,1.0,1.0,1.0,1.0,780,2.0,158.45,158.518,158.166,158.358,6192.0,13.0,78.64,0.563,0.67,0.426,158.558,154.892,92.9,94.05,28.19,26.5,11.25,67.13,155.744,71.53,0.216,0,1,0,0,0,0,0,0,1
2023-12-19 13:00:00,-0.09999999999999998,0.09999999999999998,-0.07142857142857141,1.0,-1.0,-1.0,2.0,1.0,780,2.0,158.45,158.518,158.166,158.358,6192.0,13.0,78.64,0.563,0.67,0.426,158.558,154.892,92.9,94.05,28.19,26.5,11.25,67.13,155.744,71.53,0.216,0,1,0,0,0,0,0,0,1
2023-12-20 12:00:00,4.099999999999998,4.099999999999998,0.13355048859934845,1.0,1.0,1.0,1.0,1.0,720,3.0,157.246,157.256,156.962,157.003,5971.0,12.0,37.19,0.269,-0.003,0.148,158.265,157.102,31.02,38.47,43.09,7.03,32.82,54.57,156.36,38.69,0.166,0,0,0,0,0,0,0,1,1
2023-12-20 13:00:00,-1.9,1.9,-0.8636363636363635,1.0,-1.0,-1.0,2.0,1.0,780,3.0,157.001,157.018,156.785,156.811,4964.0,13.0,33.49,0.281,-0.054,0.107,158.303,156.947,14.08,29.49,47.04,6.09,38.57,54.57,156.36,31.01,0.151,1,0,0,0,0,0,0,0,1
2023-12-20 13:00:00,-0.8,0.8,-0.6666666666666667,1.0,-1.0,-1.0,2.0,1.0,780,3.0,157.001,157.018,156.785,156.811,4964.0,13.0,33.49,0.281,-0.054,0.107,158.303,156.947,14.08,29.49,47.04,6.09,38.57,54.57,156.36,31.01,0.151,1,0,0,0,0,0,0,0,1
2023-12-20 18:00:00,1.9000000000000004,1.9000000000000004,0.10555555555555557,1.0,1.0,1.0,1.0,1.0,1080,3.0,157.676,157.731,157.501,157.519,6387.0,18.0,53.31,0.295,-0.027,-0.028,158.18,156.797,87.59,75.43,35.51,26.64,18.86,59.55,156.437,69.9,0.139,0,0,0,0,0,1,0,0,1
2024-01-02 12:00:00,-0.09999999999999998,0.09999999999999998,-0.05555555555555554,1.0,-1.0,-1.0,2.0,1.0,720,2.0,155.925,155.998,155.765,155.926,8003.0,12.0,45.08,0.243,-0.097,-0.14,156.177,155.573,39.89,45.45,14.33,13.79,13.49,37.23,156.737,43.15,0.16,0,0,0,1,0,0,0,0,1
2024-01-02 12:00:00,0.09999999999999998,0.09999999999999998,0.07142857142857141,1.0,1.0,1.0,1.0,2.0,720,2.0,155.925,155.998,155.765,155.926,8003.0,12.0,45.08,0.243,-0.097,-0.14,156.177,155.573,39.89,45.45,14.33,13.79,13.49,37.23,156.737,43.15,0.16,0,0,0,1,0,0,0,0,1
2024-01-02 12:00:00,-0.2,0.2,-0.16666666666666669,1.0,-1.0,-1.0,2.0,1.0,720,2.0,155.925,155.998,155.765,155.926,8003.0,12.0,45.08,0.243,-0.097,-0.14,156.177,155.573,39.89,45.45,14.33,13.79,13.49,37.23,156.737,43.15,0.16,0,0,0,1,0,0,0,0,1
2024-01-02 12:00:00,0.19999999999999574,0.19999999999999574,0.004424778761061852,1.0,1.0,1.0,1.0,2.0,720,2.0,155.925,155.998,155.765,155.926,8003.0,12.0,45.08,0.243,-0.097,-0.14,156.177,155.573,39.89,45.45,14.33,13.79,13.49,37.23,156.737,43.15,0.16,1,0,0,0,0,0,0,0,1
2024-01-04 12:00:00,0.6999999999999957,0.6999999999999957,0.014256619144602764,1.0,1.0,1.0,1.0,2.0,720,4.0,157.8,158.054,157.77,158.043,7759.0,12.0,78.37,0.307,0.397,0.258,157.687,155.858,98.99,83.64,46.38,47.23,9.87,72.05,156.319,78.68,0.183,1,0,0,0,0,0,0,0,1
2024-01-04 12:00:00,0.6000000000000014,0.6000000000000014,0.01250000000000003,1.0,1.0,1.0,1.0,2.0,720,4.0,157.8,158.054,157.77,158.043,7759.0,12.0,78.37,0.307,0.397,0.258,157.687,155.858,98.99,83.64,46.38,47.23,9.87,72.05,156.319,78.68,0.183,1,0,0,0,0,0,0,0,1
2024-01-05 13:00:00,0.7,0.7,0.5,1.0,1.0,1.0,1.0,1.0,780,5.0,158.472,158.641,158.428,158.555,4601.0,13.0,61.21,0.246,0.259,0.333,158.683,158.166,49.51,37.05,15.56,21.53,20.61,73.76,156.789,55.34,0.132,0,1,0,0,0,0,0,0,1
2024-01-05 13:00:00,-0.4,0.4,-0.36363636363636365,1.0,-1.0,-1.0,2.0,1.0,780,5.0,158.472,158.641,158.428,158.555,4601.0,13.0,61.21,0.246,0.259,0.333,158.683,158.166,49.51,37.05,15.56,21.53,20.61,73.76,156.789,55.34,0.132,0,1,0,0,0,0,0,0,1
2024-01-05 13:00:00,-4.1000000000000005,4.1000000000000005,-0.7192982456140351,1.0,-1.0,-1.0,2.0,1.0,780,5.0,158.472,158.641,158.428,158.555,4601.0,13.0,61.21,0.246,0.259,0.333,158.683,158.166,49.51,37.05,15.56,21.53,20.61,73.76,156.789,55.34,0.132,0,1,0,0,0,0,0,0,1
2024-01-05 13:00:00,0.8,0.8,0.5714285714285715,1.0,1.0,1.0,1.0,1.0,780,5.0,158.472,158.641,158.428,158.555,4601.0,13.0,61.21,0.246,0.259,0.333,158.683,158.166,49.51,37.05,15.56,21.53,20.61,73.76,156.789,55.34,0.132,0,1,0,0,0,0,0,0,1
2024-01-05 13:00:00,0.30000000000000004,0.30000000000000004,0.27272727272727276,1.0,1.0,1.0,1.0,2.0,780,5.0,158.472,158.641,158.428,158.555,4601.0,13.0,61.21,0.246,0.259,0.333,158.683,158.166,49.51,37.05,15.56,21.53,20.61,73.76,156.789,55.34,0.132,0,1,0,0,0,0,0,0,1
2024-01-05 13:00:00,1.0,1.0,0.3448275862068966,1.0,1.0,1.0,1.0,3.0,780,5.0,158.472,158.641,158.428,158.555,4601.0,13.0,61.21,0.246,0.259,0.333,158.683,158.166,49.51,37.05,15.56,21.53,20.61,73.76,156.789,55.34,0.132,0,1,0,0,0,0,0,0,1
2024-01-05 13:00:00,-0.19999999999999973,0.19999999999999973,-0.039215686274509755,1.0,-1.0,-1.0,2.0,1.0,780,5.0,158.472,158.641,158.428,158.555,4601.0,13.0,61.21,0.246,0.259,0.333,158.683,158.166,49.51,37.05,15.56,21.53,20.61,73.76,156.789,55.34,0.132,0,1,0,0,0,0,0,0,1
2024-01-08 12:30:00,9.2,9.2,0.3538461538461538,1.0,1.0,1.0,1.0,1.0,750,1.0,157.765,158.072,157.717,158.008,6126.0,12.0,47.09,0.236,-0.09,-0.059,158.545,157.735,50.65,54.18,32.66,11.14,24.75,59.42,157.346,34.51,0.126,0,0,0,0,0,1,0,0,1
2024-01-08 13:00:00,0.20000000000000107,0.20000000000000107,0.019230769230769332,1.0,1.0,1.0,1.0,1.0,780,1.0,158.006,158.166,157.949,158.14,5268.0,13.0,50.69,0.235,-0.074,-0.068,158.538,157.732,58.96,54.93,30.48,15.43,21.45,59.42,157.346,55.32,0.127,0,0,0,0,0,1,0,0,1
2024-01-08 13:00:00,3.7,3.7,0.6491228070175439,1.0,1.0,1.0,1.0,1.0,780,1.0,158.006,158.166,157.949,158.14,5268.0,13.0,50.69,0.235,-0.074,-0.068,158.538,157.732,58.96,54.93,30.48,15.43,21.45,59.42,157.346,55.32,0.127,0,0,0,0,0,1,0,0,1
2024-01-08 13:00:00,3.0,3.0,0.03177966101694915,1.0,1.0,1.0,1.0,2.0,780,1.0,158.006,158.166,157.949,158.14,5268.0,13.0,50.69,0.235,-0.074,-0.068,158.538,157.732,58.96,54.93,30.48,15.43,21.45,59.42,157.346,55.32,0.127,0,0,0,0,0,1,0,0,1
2024-01-08 13:00:00,0.09999999999999964,0.09999999999999964,0.0062111801242235795,1.0,1.0,1.0,1.0,1.0,780,1.0,158.006,158.166,157.949,158.14,5268.0,13.0,50.69,0.235,-0.074,-0.068,158.538,157.732,58.96,54.93,30.48,15.43,21.45,59.42,157.346,55.32,0.127,0,0,0,0,0,1,0,0,1
2024-01-08 13:00:00,-7.5,7.5,-0.39473684210526316,1.0,-1.0,-1.0,2.0,3.0,780,1.0,158.006,158.166,157.949,158.14,5268.0,13.0,50.69,0.235,-0.074,-0.068,158.538,157.732,58.96,54.93,30.48,15.43,21.45,59.42,157.346,55.32,0.127,0,0,0,0,0,1,0,0,1
2024-01-08 13:00:00,1.6,1.6,0.6153846153846154,1.0,1.0,1.0,1.0,1.0,780,1.0,158.006,158.166,157.949,158.14,5268.0,13.0,50.69,0.235,-0.074,-0.068,158.538,157.732,58.96,54.93,30.48,15.43,21.45,59.42,157.346,55.32,0.127,0,0,0,0,0,1,0,0,1
2024-01-08 13:00:00,-0.4,0.4,-0.36363636363636365,1.0,-1.0,-1.0,2.0,1.0,780,1.0,158.006,158.166,157.949,158.14,5268.0,13.0,50.69,0.235,-0.074,-0.068,158.538,157.732,58.96,54.93,30.48,15.43,21.45,59.42,157.346,55.32,0.127,0,0,0,0,0,0,1,0,1
2024-01-08 13:00:00,0.8999999999999999,0.8999999999999999,0.3,1.0,1.0,1.0,1.0,1.0,780,1.0,158.006,158.166,157.949,158.14,5268.0,13.0,50.69,0.235,-0.074,-0.068,158.538,157.732,58.96,54.93,30.48,15.43,21.45,59.42,157.346,55.32,0.127,0,0,0,0,0,0,1,0,1
2024-01-09 13:00:00,-0.1999999999999993,0.1999999999999993,-0.02631578947368412,1.0,1.0,1.0,1.0,2.0,780,2.0,157.539,157.59,157.427,157.493,4578.0,13.0,42.09,0.286,-0.121,-0.14,158.136,157.252,30.88,43.53,24.75,11.56,15.05,47.26,157.815,46.93,0.14,0,0,1,0,0,0,0,0,1
2024-01-15 13:00:00,-0.4,0.4,-0.36363636363636365,1.0,-1.0,-1.0,2.0,2.0,780,1.0,159.367,159.465,159.329,159.444,5412.0,13.0,65.38,0.172,0.093,0.017,159.586,158.449,66.24,68.53,51.13,24.5,5.25,61.12,159.118,55.96,0.095,1,0,0,0,0,0,0,0,1
2024-01-15 13:00:00,-1.2999999999999998,1.2999999999999998,-0.19999999999999998,1.0,-1.0,-1.0,2.0,1.0,780,1.0,159.367,159.465,159.329,159.444,5412.0,13.0,65.38,0.172,0.093,0.017,159.586,158.449,66.24,68.53,51.13,24.5,5.25,61.12,159.118,55.96,0.095,1,0,0,0,0,0,0,0,1
2024-01-15 13:00:00,4.700000000000001,4.700000000000001,0.42342342342342354,1.0,1.0,1.0,1.0,2.0,780,1.0,159.367,159.465,159.329,159.444,5412.0,13.0,65.38,0.172,0.093,0.017,159.586,158.449,66.24,68.53,51.13,24.5,5.25,61.12,159.118,55.96,0.095,0,0,0,0,0,0,0,1,1
2024-01-15 13:00:00,13.600000000000001,13.600000000000001,1.7662337662337664,1.0,1.0,1.0,1.0,2.0,780,1.0,159.367,159.465,159.329,159.444,5412.0,13.0,65.38,0.172,0.093,0.017,159.586,158.449,66.24,68.53,51.13,24.5,5.25,61.12,159.118,55.96,0.095,0,0,0,0,0,0,0,1,1
2024-01-17 13:00:00,1.6999999999999997,1.6999999999999997,0.8095238095238093,1.0,1.0,1.0,1.0,1.0,780,3.0,160.633,160.797,160.614,160.638,5307.0,13.0,70.04,0.23,0.254,0.214,160.792,159.746,62.62,71.82,42.77,28.79,10.45,72.89,159.559,56.76,0.128,0,1,0,0,0,0,0,0,1
2024-01-17 13:00:00,0.09999999999999998,0.09999999999999998,0.07142857142857141,1.0,1.0,1.0,1.0,1.0,780,3.0,160.633,160.797,160.614,160.638,5307.0,13.0,70.04,0.23,0.254,0.214,160.792,159.746,62.62,71.82,42.77,28.79,10.45,72.89,159.559,56.76,0.128,0,1,0,0,0,0,0,0,1
2024-01-17 13:00:00,0.6000000000000001,0.6000000000000001,0.42857142857142866,1.0,1.0,1.0,1.0,1.0,780,3.0,160.633,160.797,160.614,160.638,5307.0,13.0,70.04,0.23,0.254,0.214,160.792,159.746,62.62,71.82,42.77,28.79,10.45,72.89,159.559,56.76,0.128,0,1,0,0,0,0,0,0,1
2024-01-18 12:00:00,15.700000000000001,15.700000000000001,1.5858585858585859,1.0,1.0,1.0,1.0,1.0,720,4.0,160.927,161.129,160.882,161.088,6020.0,12.0,58.42,0.172,0.118,0.203,161.379,160.902,36.19,21.88,28.49,17.8,19.49,65.94,160.005,44.74,0.113,0,0,0,0,0,0,0,1,1
2024-01-18 13:00:00,-0.8,0.8,-0.6666666666666667,1.0,-1.0,-1.0,2.0,1.0,780,4.0,161.088,161.102,160.944,160.963,4309.0,13.0,51.57,0.176,0.102,0.183,161.384,160.888,42.88,32.05,25.3,15.42,16.89,65.94,160.005,52.47,0.098,1,0,0,0,0,0,0,0,1
2024-01-18 13:00:00,-2.1,2.1,-1.909090909090909,1.0,-1.0,-1.0,2.0,1.0,780,4.0,161.088,161.102,160.944,160.963,4309.0,13.0,51.57,0.176,0.102,0.183,161.384,160.888,42.88,32.05,25.3,15.42,16.89,65.94,160.005,52.47,0.098,1,0,0,0,0,0,0,0,1
2024-01-23 18:00:00,-2.0000000000000018,2.0000000000000018,-0.13245033112582794,1.0,-1.0,-1.0,2.0,1.0,1080,2.0,160.823,160.98,160.786,160.857,6024.0,18.0,46.9,0.417,-0.086,-0.099,161.461,160.511,57.12,68.34,22.49,16.24,14.27,50.86,161.18,48.36,0.146,0,0,0,0,0,1,0,0,1
2024-01-24 12:00:00,3.3000000000000043,3.3000000000000043,0.0744920993227992,1.0,1.0,1.0,1.0,2.0,720,3.0,160.852,160.867,160.699,160.725,6195.0,12.0,47.76,0.243,-0.087,-0.091,161.122,160.465,69.55,58.48,20.08,12.57,18.88,41.18,161.102,56.21,0.156,1,0,0,0,0,0,0,0,1
2024-01-24 12:00:00,-1.2000000000000028,1.2000000000000028,-0.0237154150197629,1.0,-1.0,-1.0,2.0,2.0,720,3.0,160.852,160.867,160.699,160.725,6195.0,12.0,47.76,0.243,-0.087,-0.091,161.122,160.465,69.55,58.48,20.08,12.57,18.88,41.18,161.102,56.21,0.156,1,0,0,0,0,0,0,0,1
2024-01-26 12:00:00,1.6,1.6,0.64,1.0,1.0,1.0,1.0,1.0,720,5.0,160.312,160.495,160.266,160.427,5148.0,12.0,55.27,0.207,-0.06,-0.117,160.393,159.856,81.08,62.87,18.51,22.9,16.18,48.94,160.683,61.88,0.137,0,0,0,1,0,0,0,0,1
2024-01-26 12:00:00,-0.29999999999999993,0.29999999999999993,-0.17647058823529407,1.0,-1.0,-1.0,2.0,1.0,720,5.0,160.312,160.495,160.266,160.427,5148.0,12.0,55.27,0.207,-0.06,-0.117,160.393,159.856,81.08,62.87,18.51,22.9,16.18,48.94,160.683,61.88,0.137,0,0,0,1,0,0,0,0,1
2024-01-26 12:00:00,-0.4,0.4,-0.2105263157894737,1.0,-1.0,-1.0,2.0,1.0,720,5.0,160.312,160.495,160.266,160.427,5148.0,12.0,55.27,0.207,-0.06,-0.117,160.393,159.856,81.08,62.87,18.51,22.9,16.18,48.94,160.683,61.88,0.137,0,0,0,1,0,0,0,0,1
2024-01-30 13:00:00,0.1,0.1,0.09090909090909091,1.0,1.0,1.0,1.0,2.0,780,2.0,159.611,159.848,159.603,159.788,5338.0,13.0,51.04,0.197,-0.13,-0.172,159.86,159.41,84.73,74.01,28.05,24.04,22.78,42.58,160.236,60.06,0.139,1,0,0,0,0,0,0,0,1
2024-01-30 13:00:00,0.1,0.1,0.1,1.0,1.0,1.0,1.0,2.0,780,2.0,159.611,159.848,159.603,159.788,5338.0,13.0,51.04,0.197,-0.13,-0.172,159.86,159.41,84.73,74.01,28.05,24.04,22.78,42.58,160.236,60.06,0.139,1,0,0,0,0,0,0,0,1
2024-01-30 13:00:00,0.5999999999999996,0.5999999999999996,0.11999999999999993,1.0,1.0,1.0,1.0,1.0,780,2.0,159.611,159.848,159.603,159.788,5338.0,13.0,51.04,0.197,-0.13,-0.172,159.86,159.41,84.73,74.01,28.05,24.04,22.78,42.58,160.236,60.06,0.139,0,0,0,0,0,1,0,0,1
2024-01-30 13:00:00,3.000000000000001,3.000000000000001,0.44117647058823545,1.0,1.0,1.0,1.0,1.0,780,2.0,159.611,159.848,159.603,159.788,5338.0,13.0,51.04,0.197,-0.13,-0.172,159.86,159.41,84.73,74.01,28.05,24.04,22.78,42.58,160.236,60.06,0.139,0,0,0,0,0,1,0,0,1
2024-01-30 13:00:00,-1.2000000000000028,1.2000000000000028,-0.01219512195121954,1.0,-1.0,-1.0,2.0,2.0,780,2.0,159.611,159.848,159.603,159.788,5338.0,13.0,51.04,0.197,-0.13,-0.172,159.86,159.41,84.73,74.01,28.05,24.04,22.78,42.58,160.236,60.06,0.139,0,0,0,0,0,1,0,0,1
2024-01-30 13:00:00,-0.5999999999999996,0.5999999999999996,-0.061224489795918324,1.0,-1.0,-1.0,2.0,1.0,780,2.0,159.611,159.848,159.603,159.788,5338.0,13.0,51.04,0.197,-0.13,-0.172,159.86,159.41,84.73,74.01,28.05,24.04,22.78,42.58,160.236,60.06,0.139,0,0,0,0,0,1,0,0,1
2024-01-30 13:00:00,-3.0999999999999996,3.0999999999999996,-0.19374999999999998,1.0,-1.0,-1.0,2.0,3.0,780,2.0,159.611,159.848,159.603,159.788,5338.0,13.0,51.04,0.197,-0.13,-0.172,159.86,159.41,84.73,74.01,28.05,24.04,22.78,42.58,160.236,60.06,0.139,0,0,0,0,0,1,0,0,1
2024-02-01 13:00:00,-1.1,1.1,-0.9166666666666667,1.0,-1.0,-1.0,2.0,1.0,780,4.0,158.49,158.74,158.43,158.714,6349.0,13.0,45.22,0.243,-0.258,-0.298,159.022,158.309,78.33,57.19,42.23,12.81,20.61,32.88,159.7,46.1,0.154,0,1,0,0,0,0,0,0,1
2024-02-01 13:00:00,-0.4,0.4,-0.4,1.0,-1.0,-1.0,2.0,2.0,780,4.0,158.49,158.74,158.43,158.714,6349.0,13.0,45.22,0.243,-0.258,-0.298,159.022,158.309,78.33,57.19,42.23,12.81,20.61,32.88,159.7,46.1,0.154,0,1,0,0,0,0,0,0,1
2024-02-01 13:00:00,0.09999999999999964,0.09999999999999964,0.023809523809523725,1.0,1.0,1.0,1.0,2.0,780,4.0,158.49,158.74,158.43,158.714,6349.0,13.0,45.22,0.243,-0.258,-0.298,159.022,158.309,78.33,57.19,42.23,12.81,20.61,32.88,159.7,46.1,0.154,0,1,0,0,0,0,0,0,1
2024-02-01 13:00:00,-0.5,0.5,-0.45454545454545453,1.0,-1.0,-1.0,2.0,1.0,780,4.0,158.49,158.74,158.43,158.714,6349.0,13.0,45.22,0.243,-0.258,-0.298,159.022,158.309,78.33,57.19,42.23,12.81,20.61,32.88,159.7,46.1,0.154,0,1,0,0,0,0,0,0,1
2024-02-05 12:30:00,4.1,4.1,0.22777777777777775,1.0,1.0,1.0,1.0,1.0,750,1.0,159.694,159.735,159.539,159.556,6027.0,12.0,42.27,0.208,0.053,0.144,160.323,159.679,9.59,27.29,21.72,11.41,25.72,47.33,159.492,35.08,0.124,0,0,0,0,0,1,0,0,1
2024-02-05 13:00:00,-1.0,1.0,-0.8333333333333334,1.0,-1.0,-1.0,2.0,1.0,780,1.0,159.557,159.65,159.479,159.643,5144.0,13.0,45.23,0.216,0.031,0.123,160.321,159.627,12.06,18.46,25.0,9.89,26.97,47.33,159.492,31.26,0.125,0,1,0,0,0,0,0,0,1
2024-02-05 13:00:00,-2.6999999999999993,2.6999999999999993,-0.30337078651685384,1.0,-1.0,-1.0,2.0,1.0,780,1.0,159.557,159.65,159.479,159.643,5144.0,13.0,45.23,0.216,0.031,0.123,160.321,159.627,12.06,18.46,25.0,9.89,26.97,47.33,159.492,31.26,0.125,0,1,0,0,0,0,0,0,1
2024-02-06 13:00:00,-1.4000000000000001,1.4000000000000001,-1.076923076923077,1.0,-1.0,-1.0,2.0,1.0,780,2.0,159.613,159.714,159.511,159.667,5429.0,13.0,49.92,0.161,-0.025,-0.029,159.776,159.532,33.08,39.23,15.91,19.67,17.35,46.25,159.389,42.91,0.105,0,0,0,0,0,0,1,0,1
2024-02-06 13:00:00,0.3999999999999999,0.3999999999999999,0.18181818181818177,1.0,1.0,1.0,1.0,1.0,780,2.0,159.613,159.714,159.511,159.667,5429.0,13.0,49.92,0.161,-0.025,-0.029,159.776,159.532,33.08,39.23,15.91,19.67,17.35,46.25,159.389,42.91,0.105,0,0,0,0,0,0,1,0,1
2024-02-14 13:00:00,7.4,7.4,1.027777777777778,1.0,1.0,1.0,1.0,1.0,780,3.0,161.182,161.25,161.118,161.234,7623.0,13.0,51.38,0.147,0.009,0.037,161.59,161.043,68.58,55.92,26.95,13.63,21.53,63.63,161.034,47.1,0.097,1,0,0,0,0,0,0,0,1
2024-02-14 13:00:00,2.2,2.2,1.5714285714285716,1.0,1.0,1.0,1.0,2.0,780,3.0,161.182,161.25,161.118,161.234,7623.0,13.0,51.38,0.147,0.009,0.037,161.59,161.043,68.58,55.92,26.95,13.63,21.53,63.63,161.034,47.1,0.097,1,0,0,0,0,0,0,0,1
2024-02-15 13:00:00,6.0,6.0,0.5084745762711864,1.0,1.0,1.0,1.0,2.0,780,4.0,161.07,161.123,161.06,161.113,5510.0,13.0,45.51,0.166,-0.069,-0.045,161.673,160.874,45.22,37.8,23.21,13.23,15.61,57.66,161.116,49.83,0.107,0,0,0,0,0,0,0,1,1
2024-02-15 13:00:00,-0.9000000000000004,0.9000000000000004,-0.06040268456375841,1.0,-1.0,-1.0,2.0,2.0,780,4.0,161.07,161.123,161.06,161.113,5510.0,13.0,45.51,0.166,-0.069,-0.045,161.673,160.874,45.22,37.8,23.21,13.23,15.61,57.66,161.116,49.83,0.107,0,0,0,0,0,0,0,1,1
2024-02-20 12:00:00,6.099999999999998,6.099999999999998,0.22761194029850737,1.0,1.0,1.0,1.0,1.0,720,2.0,162.262,162.293,162.185,162.21,8276.0,12.0,68.67,0.123,0.104,0.063,162.167,161.62,82.91,74.82,34.05,29.12,9.87,70.23,161.647,75.81,0.096,0,0,0,0,0,0,0,1,1
2024-02-20 13:00:00,0.30000000000000004,0.30000000000000004,0.20000000000000004,1.0,1.0,1.0,1.0,1.0,780,2.0,162.211,162.281,162.142,162.218,7670.0,13.0,68.95,0.129,0.115,0.072,162.21,161.63,85.57,81.34,33.92,25.24,12.68,70.23,161.647,61.61,0.092,1,0,0,0,0,0,0,0,1
2024-02-20 13:00:00,2.8,2.8,1.4736842105263157,1.0,1.0,1.0,1.0,1.0,780,2.0,162.211,162.281,162.142,162.218,7670.0,13.0,68.95,0.129,0.115,0.072,162.21,161.63,85.57,81.34,33.92,25.24,12.68,70.23,161.647,61.61,0.092,1,0,0,0,0,0,0,0,1
2024-02-21 18:00:00,1.6999999999999993,1.6999999999999993,0.09340659340659337,1.0,1.0,1.0,1.0,1.0,1080,3.0,162.366,162.593,162.339,162.586,8742.0,18.0,71.07,0.151,0.08,0.048,162.457,161.953,89.23,81.74,22.95,33.16,12.77,67.4,161.91,69.0,0.097,0,0,0,0,0,1,0,0,1
2024-02-22 12:00:00,1.0,1.0,0.021691973969631236,1.0,1.0,1.0,1.0,2.0,720,4.0,162.989,163.054,162.92,163.032,7491.0,12.0,64.44,0.198,0.202,0.184,163.181,162.29,48.58,61.81,50.37,25.47,7.16,74.57,162.157,52.0,0.157,1,0,0,0,0,0,0,0,1
2024-02-22 12:00:00,1.6000000000000014,1.6000000000000014,0.032388663967611364,1.0,1.0,1.0,1.0,2.0,720,4.0,162.989,163.054,162.92,163.032,7491.0,12.0,64.44,0.198,0.202,0.184,163.181,162.29,48.58,61.81,50.37,25.47,7.16,74.57,162.157,52.0,0.157,1,0,0,0,0,0,0,0,1
2024-02-22 12:00:00,0.29999999999999716,0.29999999999999716,0.006048387096774136,1.0,1.0,1.0,1.0,2.0,720,4.0,162.989,163.054,162.92,163.032,7491.0,12.0,64.44,0.198,0.202,0.184,163.181,162.29,48.58,61.81,50.37,25.47,7.16,74.57,162.157,52.0,0.157,1,0,0,0,0,0,0,0,1
2024-02-22 13:00:00,-0.9,0.9,-0.6,1.0,-1.0,-1.0,2.0,1.0,780,4.0,163.031,163.106,162.901,163.099,7818.0,13.0,66.22,0.202,0.204,0.187,163.211,162.333,37.97,48.79,51.76,25.46,6.21,74.57,162.157,49.25,0.162,0,1,0,0,0,0,0,0,1
2024-02-22 13:00:00,0.7000000000000002,0.7000000000000002,0.2333333333333334,1.0,1.0,1.0,1.0,1.0,780,4.0,163.031,163.106,162.901,163.099,7818.0,13.0,66.22,0.202,0.204,0.187,163.211,162.333,37.97,48.79,51.76,25.46,6.21,74.57,162.157,49.25,0.162,0,1,0,0,0,0,0,0,1
2024-02-27 12:00:00,-0.9000000000000001,0.9000000000000001,-0.4285714285714286,1.0,-1.0,-1.0,2.0,1.0,720,2.0,163.078,163.091,162.888,163.069,6230.0,12.0,39.6,0.118,-0.022,0.037,163.698,163.017,21.16,12.91,39.51,6.28,31.32,53.93,163.009,26.36,0.087,0,0,0,1,0,0,0,0,1
2024-02-27 12:00:00,-0.7000000000000001,0.7000000000000001,-0.33333333333333337,1.0,-1.0,-1.0,2.0,1.0,720,2.0,163.078,163.091,162.888,163.069,6230.0,12.0,39.6,0.118,-0.022,0.037,163.698,163.017,21.16,12.91,39.51,6.28,31.32,53.93,163.009,26.36,0.087,0,0,0,1,0,0,0,0,1
2024-02-27 12:00:00,0.19999999999999998,0.19999999999999998,0.1818181818181818,1.0,1.0,1.0,1.0,2.0,720,2.0,163.078,163.091,162.888,163.069,6230.0,12.0,39.6,0.118,-0.022,0.037,163.698,163.017,21.16,12.91,39.51,6.28,31.32,53.93,163.009,26.36,0.087,0,0,0,1,0,0,0,0,1
2024-02-27 12:00:00,-0.19999999999999998,0.19999999999999998,-0.15384615384615383,1.0,-1.0,-1.0,2.0,1.0,720,2.0,163.078,163.091,162.888,163.069,6230.0,12.0,39.6,0.118,-0.022,0.037,163.698,163.017,21.16,12.91,39.51,6.28,31.32,53.93,163.009,26.36,0.087,0,0,0,1,0,0,0,0,1
2024-02-28 13:00:00,-0.1999999999999993,0.1999999999999993,-0.01941747572815527,1.0,-1.0,-1.0,2.0,1.0,780,3.0,162.952,162.98,162.89,162.917,5409.0,13.0,41.42,0.135,-0.071,-0.045,163.368,162.858,30.93,26.9,25.36,10.49,19.66,55.92,163.089,43.84,0.103,0,0,0,0,0,1,0,0,1
2024-02-28 13:00:00,0.2999999999999998,0.2999999999999998,0.044776119402985044,1.0,1.0,1.0,1.0,1.0,780,3.0,162.952,162.98,162.89,162.917,5409.0,13.0,41.42,0.135,-0.071,-0.045,163.368,162.858,30.93,26.9,25.36,10.49,19.66,55.92,163.089,43.84,0.103,0,0,0,0,0,1,0,0,1
2024-02-28 13:00:00,-1.6999999999999886,1.6999999999999886,-0.017329255861365838,1.0,-1.0,-1.0,2.0,2.0,780,3.0,162.952,162.98,162.89,162.917,5409.0,13.0,41.42,0.135,-0.071,-0.045,163.368,162.858,30.93,26.9,25.36,10.49,19.66,55.92,163.089,43.84,0.103,0,0,0,0,0,1,0,0,1
2024-02-28 13:00:00,0.8000000000000007,0.8000000000000007,0.0509554140127389,1.0,1.0,1.0,1.0,3.0,780,3.0,162.952,162.98,162.89,162.917,5409.0,13.0,41.42,0.135,-0.071,-0.045,163.368,162.858,30.93,26.9,25.36,10.49,19.66,55.92,163.089,43.84,0.103,0,0,0,0,0,1,0,0,1
2024-02-28 13:00:00,-3.8,3.8,-0.4418604651162791,1.0,-1.0,-1.0,2.0,1.0,780,3.0,162.952,162.98,162.89,162.917,5409.0,13.0,41.42,0.135,-0.071,-0.045,163.368,162.858,30.93,26.9,25.36,10.49,19.66,55.92,163.089,43.84,0.103,0,0,0,0,0,1,0,0,1
2024-03-01 12:00:00,0.3999999999999986,0.3999999999999986,0.008492569002123113,1.0,1.0,1.0,1.0,2.0,720,5.0,162.916,163.003,162.336,162.542,10828.0,12.0,50.28,0.229,0.067,0.008,163.039,161.704,64.97,74.34,29.85,24.6,18.25,52.45,162.92,44.65,0.147,1,0,0,0,0,0,0,0,1
2024-03-04 12:30:00,-13.999999999999998,13.999999999999998,-0.9395973154362415,1.0,-1.0,-1.0,2.0,1.0,750,1.0,163.001,163.312,162.993,163.259,4410.0,12.0,67.48,0.18,0.135,0.094,163.21,162.484,68.29,71.98,32.79,32.55,11.61,59.09,162.818,59.17,0.12,0,0,0,0,0,1,0,0,1
2024-03-05 12:00:00,0.20000000000000284,0.20000000000000284,0.003921568627451036,1.0,1.0,1.0,1.0,2.0,720,2.0,163.206,163.273,163.179,163.192,4832.0,12.0,49.23,0.139,0.035,0.074,163.509,163.119,52.26,45.52,28.72,7.01,16.58,46.34,162.856,45.44,0.089,1,0,0,0,0,0,0,0,1
2024-03-05 12:00:00,0.30000000000000426,0.30000000000000426,0.006012024048096278,1.0,1.0,1.0,1.0,2.0,720,2.0,163.206,163.273,163.179,163.192,4832.0,12.0,49.23,0.139,0.035,0.074,163.509,163.119,52.26,45.52,28.72,7.01,16.58,46.34,162.856,45.44,0.089,1,0,0,0,0,0,0,0,1
2024-03-05 13:00:00,-5.3999999999999995,5.3999999999999995,-1.2857142857142856,1.0,-1.0,-1.0,2.0,1.0,780,2.0,163.192,163.265,163.144,163.197,5999.0,13.0,49.56,0.144,0.029,0.065,163.488,163.113,56.57,52.09,31.55,6.08,18.22,46.34,162.856,39.09,0.087,0,1,0,0,0,0,0,0,1
2024-03-05 13:00:00,-0.7,0.7,-0.5833333333333334,1.0,-1.0,-1.0,2.0,1.0,780,2.0,163.192,163.265,163.144,163.197,5999.0,13.0,49.56,0.144,0.029,0.065,163.488,163.113,56.57,52.09,31.55,6.08,18.22,46.34,162.856,39.09,0.087,0,1,0,0,0,0,0,0,1
2024-03-08 13:00:00,-0.10000000000000009,0.10000000000000009,-0.04347826086956526,1.0,-1.0,-1.0,2.0,1.0,780,5.0,160.83,160.85,160.692,160.843,7153.0,13.0,28.77,0.29,-0.227,-0.089,162.54,160.962,17.06,17.65,33.36,7.68,23.08,36.57,162.393,25.55,0.201,0,0,1,0,0,0,0,0,1
2024-03-13 13:00:00,-4.800000000000001,4.800000000000001,-1.8461538461538463,1.0,-1.0,-1.0,2.0,2.0,780,3.0,161.679,161.922,161.679,161.91,5656.0,13.0,72.74,0.2,0.161,0.082,161.79,160.888,92.39,90.11,39.92,34.42,7.31,55.84,161.149,73.55,0.121,1,0,0,0,0,0,0,0,1
2024-03-13 13:00:00,-4.6,4.6,-1.4838709677419353,1.0,-1.0,-1.0,2.0,1.0,780,3.0,161.679,161.922,161.679,161.91,5656.0,13.0,72.74,0.2,0.161,0.082,161.79,160.888,92.39,90.11,39.92,34.42,7.31,55.84,161.149,73.55,0.121,1,0,0,0,0,0,0,0,1
2024-03-18 13:00:00,13.100000000000001,13.100000000000001,0.8187500000000001,1.0,1.0,1.0,1.0,2.0,780,1.0,162.554,162.589,162.481,162.482,3367.0,13.0,59.26,0.172,0.174,0.176,162.636,162.083,61.55,62.11,37.41,27.06,11.85,62.75,161.772,56.18,0.082,0,0,0,0,0,0,0,1,1
2024-03-18 13:00:00,13.7,13.7,4.151515151515151,1.0,1.0,1.0,1.0,2.0,780,1.0,162.554,162.589,162.481,162.482,3367.0,13.0,59.26,0.172,0.174,0.176,162.636,162.083,61.55,62.11,37.41,27.06,11.85,62.75,161.772,56.18,0.082,0,0,0,0,0,0,0,1,1
2024-03-19 13:00:00,-1.8000000000000003,1.8000000000000003,-0.2903225806451613,1.0,-1.0,-1.0,2.0,1.0,780,2.0,163.249,163.311,163.113,163.18,6511.0,13.0,64.8,0.319,0.272,0.203,163.641,161.591,55.57,57.56,40.67,22.86,9.74,71.9,162.114,55.81,0.148,0,0,0,0,1,0,0,0,1
2024-03-19 13:00:00,-2.3000000000000003,2.3000000000000003,-0.359375,1.0,-1.0,-1.0,2.0,2.0,780,2.0,163.249,163.311,163.113,163.18,6511.0,13.0,64.8,0.319,0.272,0.203,163.641,161.591,55.57,57.56,40.67,22.86,9.74,71.9,162.114,55.81,0.148,0,0,1,0,0,0,0,0,1
2024-03-20 18:00:00,-0.3000000000000007,0.3000000000000007,-0.019230769230769277,1.0,-1.0,-1.0,2.0,1.0,1080,3.0,164.624,164.676,164.551,164.658,4176.0,18.0,73.83,0.16,0.284,0.329,164.893,163.925,94.24,92.01,33.35,20.82,11.3,75.31,162.897,58.04,0.07,0,0,0,0,0,1,0,0,1
2024-03-21 12:00:00,9.099999999999998,9.099999999999998,0.2907348242811501,1.0,1.0,1.0,1.0,1.0,720,4.0,164.872,165.0,164.748,165.0,7380.0,12.0,57.51,0.295,0.167,0.18,165.318,164.374,35.28,51.61,24.67,25.77,15.03,67.23,163.565,47.92,0.177,0,0,0,0,0,0,0,1,1
2024-03-21 12:00:00,-1.3999999999999986,1.3999999999999986,-0.029106029106029076,1.0,-1.0,-1.0,2.0,2.0,720,4.0,164.872,165.0,164.748,165.0,7380.0,12.0,57.51,0.295,0.167,0.18,165.318,164.374,35.28,51.61,24.67,25.77,15.03,67.23,163.565,47.92,0.177,1,0,0,0,0,0,0,0,1
2024-03-21 12:00:00,1.3000000000000043,1.3000000000000043,0.02559055118110245,1.0,1.0,1.0,1.0,2.0,720,4.0,164.872,165.0,164.748,165.0,7380.0,12.0,57.51,0.295,0.167,0.18,165.318,164.374,35.28,51.61,24.67,25.77,15.03,67.23,163.565,47.92,0.177,1,0,0,0,0,0,0,0,1
2024-03-21 12:00:00,0.10000000000000142,0.10000000000000142,0.001968503937007902,1.0,1.0,1.0,1.0,2.0,720,4.0,164.872,165.0,164.748,165.0,7380.0,12.0,57.51,0.295,0.167,0.18,165.318,164.374,35.28,51.61,24.67,25.77,15.03,67.23,163.565,47.92,0.177,1,0,0,0,0,0,0,0,1
2024-03-27 13:00:00,0.7999999999999998,0.7999999999999998,0.1379310344827586,1.0,1.0,1.0,1.0,1.0,780,3.0,163.681,163.684,163.5,163.536,6785.0,13.0,31.97,0.215,-0.073,0.002,164.424,163.678,15.29,28.59,19.32,12.08,20.75,41.94,164.035,28.19,0.164,0,0,0,0,0,1,0,0,1
2024-03-27 13:00:00,2.0999999999999943,2.0999999999999943,0.022058823529411704,1.0,1.0,1.0,1.0,2.0,780,3.0,163.681,163.684,163.5,163.536,6785.0,13.0,31.97,0.215,-0.073,0.002,164.424,163.678,15.29,28.59,19.32,12.08,20.75,41.94,164.035,28.19,0.164,0,0,0,0,0,1,0,0,1
2024-03-27 13:00:00,-3.0,3.0,-0.18404907975460122,1.0,-1.0,-1.0,2.0,3.0,780,3.0,163.681,163.684,163.5,163.536,6785.0,13.0,31.97,0.215,-0.073,0.002,164.424,163.678,15.29,28.59,19.32,12.08,20.75,41.94,164.035,28.19,0.164,0,0,0,0,0,1,0,0,1
2024-03-27 13:00:00,0.7000000000000002,0.7000000000000002,0.10606060606060609,1.0,1.0,1.0,1.0,1.0,780,3.0,163.681,163.684,163.5,163.536,6785.0,13.0,31.97,0.215,-0.073,0.002,164.424,163.678,15.29,28.59,19.32,12.08,20.75,41.94,164.035,28.19,0.164,0,0,0,0,0,1,0,0,1
2024-03-27 13:00:00,0.29999999999999893,0.29999999999999893,0.029702970297029598,1.0,1.0,1.0,1.0,1.0,780,3.0,163.681,163.684,163.5,163.536,6785.0,13.0,31.97,0.215,-0.073,0.002,164.424,163.678,15.29,28.59,19.32,12.08,20.75,41.94,164.035,28.19,0.164,0,0,0,0,0,1,0,0,1
2024-03-28 12:00:00,0.10000000000000003,0.10000000000000003,0.07692307692307694,1.0,1.0,1.0,1.0,1.0,720,4.0,163.151,163.336,163.132,163.295,4588.0,12.0,36.38,0.166,-0.128,-0.079,163.941,163.283,14.74,15.35,35.16,6.26,30.17,44.1,163.848,30.5,0.104,0,0,0,1,0,0,0,0,1
2024-03-28 12:00:00,0.09999999999999998,0.09999999999999998,0.08333333333333331,1.0,1.0,1.0,1.0,2.0,720,4.0,163.151,163.336,163.132,163.295,4588.0,12.0,36.38,0.166,-0.128,-0.079,163.941,163.283,14.74,15.35,35.16,6.26,30.17,44.1,163.848,30.5,0.104,0,0,0,1,0,0,0,0,1
2024-03-28 12:00:00,-0.5,0.5,-0.2631578947368421,1.0,-1.0,-1.0,2.0,1.0,720,4.0,163.151,163.336,163.132,163.295,4588.0,12.0,36.38,0.166,-0.128,-0.079,163.941,163.283,14.74,15.35,35.16,6.26,30.17,44.1,163.848,30.5,0.104,0,0,0,1,0,0,0,0,1
2024-03-28 12:00:00,-0.30000000000000004,0.30000000000000004,-0.15000000000000002,1.0,-1.0,-1.0,2.0,1.0,720,4.0,163.151,163.336,163.132,163.295,4588.0,12.0,36.38,0.166,-0.128,-0.079,163.941,163.283,14.74,15.35,35.16,6.26,30.17,44.1,163.848,30.5,0.104,0,0,0,1,0,0,0,0,1
2024-04-02 11:00:00,0.3999999999999986,0.3999999999999986,0.008565310492505323,1.0,1.0,1.0,1.0,2.0,660,2.0,162.901,162.913,162.616,162.73,6682.0,11.0,39.56,0.151,-0.092,-0.098,163.037,162.692,43.68,42.39,31.53,13.58,19.05,33.53,163.251,40.99,0.088,1,0,0,0,0,0,0,0,1
2024-04-04 11:00:00,0.3999999999999986,0.3999999999999986,0.007677543186180395,1.0,1.0,1.0,1.0,2.0,660,4.0,164.688,164.808,164.626,164.786,5390.0,11.0,82.64,0.114,0.27,0.271,164.73,163.987,85.36,71.28,47.59,28.91,8.06,76.85,163.43,74.85,0.079,1,0,0,0,0,0,0,0,1
2024-04-04 11:00:00,0.3999999999999986,0.3999999999999986,0.007858546168958714,1.0,1.0,1.0,1.0,2.0,660,4.0,164.688,164.808,164.626,164.786,5390.0,11.0,82.64,0.114,0.27,0.271,164.73,163.987,85.36,71.28,47.59,28.91,8.06,76.85,163.43,74.85,0.079,1,0,0,0,0,0,0,0,1
2024-04-08 11:30:00,-1.8000000000000007,1.8000000000000007,-0.3529411764705884,1.0,-1.0,-1.0,2.0,1.0,690,1.0,164.506,164.545,164.384,164.414,6847.0,11.0,56.41,0.141,0.099,0.091,164.66,163.937,34.17,50.63,22.28,19.3,10.64,59.59,163.989,63.31,0.066,0,0,0,0,0,1,0,0,1
2024-04-16 12:05:00,37.9,37.9,5.414285714285714,1.0,1.0,1.0,1.0,2.0,725,2.0,164.017,164.309,164.017,164.285,7806.0,12.0,67.08,0.162,0.065,0.031,164.192,163.64,80.77,75.45,29.69,23.98,8.03,58.1,163.931,77.55,0.134,0,0,0,0,0,1,0,0,1
2024-04-18 11:00:00,-2.5,2.5,-0.07575757575757576,1.0,-1.0,-1.0,2.0,1.0,660,4.0,164.768,164.851,164.71,164.828,7978.0,11.0,61.26,0.152,0.108,0.099,164.91,164.407,77.01,82.88,18.01,17.79,12.52,60.83,164.055,53.25,0.081,0,0,0,0,0,0,0,1,1
2024-04-18 12:00:00,-0.4,0.4,-0.4,1.0,-1.0,-1.0,2.0,1.0,720,4.0,164.828,164.886,164.74,164.77,6315.0,12.0,57.88,0.154,0.104,0.099,164.921,164.411,57.16,72.07,19.12,18.61,10.85,55.69,164.137,60.63,0.086,1,0,0,0,0,0,0,0,1
2024-04-22 17:00:00,-1.0999999999999996,1.0999999999999996,-0.07534246575342464,1.0,-1.0,-1.0,2.0,1.0,1020,1.0,164.539,164.771,164.539,164.712,7175.0,17.0,49.02,0.187,0.005,0.062,165.075,164.535,40.33,28.95,25.42,15.11,22.18,55.76,164.601,40.56,0.105,0,0,0,0,0,1,0,0,1
2024-04-23 11:00:00,0.7999999999999972,0.7999999999999972,0.015503875968992192,1.0,1.0,1.0,1.0,2.0,660,2.0,165.294,165.405,165.199,165.229,7491.0,11.0,61.95,0.172,0.073,0.047,165.228,164.588,60.72,46.86,16.35,16.16,19.15,61.81,164.711,72.5,0.133,1,0,0,0,0,0,0,0,1
2024-04-23 11:00:00,0.10000000000000142,0.10000000000000142,0.0021505376344086325,1.0,1.0,1.0,1.0,2.0,660,2.0,165.294,165.405,165.199,165.229,7491.0,11.0,61.95,0.172,0.073,0.047,165.228,164.588,60.72,46.86,16.35,16.16,19.15,61.81,164.711,72.5,0.133,1,0,0,0,0,0,0,0,1
2024-04-23 11:00:00,2.1000000000000014,2.1000000000000014,0.04054054054054057,1.0,1.0,1.0,1.0,2.0,660,2.0,165.294,165.405,165.199,165.229,7491.0,11.0,61.95,0.172,0.073,0.047,165.228,164.588,60.72,46.86,16.35,16.16,19.15,61.81,164.711,72.5,0.133,1,0,0,0,0,0,0,0,1
2024-04-26 11:00:00,0.09999999999999998,0.09999999999999998,0.05555555555555554,1.0,1.0,1.0,1.0,1.0,660,5.0,168.123,168.351,166.454,168.15,16725.0,11.0,82.11,0.35,0.367,0.232,168.011,166.216,91.46,92.51,24.08,31.54,20.18,79.34,165.98,63.87,0.273,0,0,0,1,0,0,0,0,1
2024-04-26 11:00:00,-0.09999999999999998,0.09999999999999998,-0.0769230769230769,1.0,-1.0,-1.0,2.0,2.0,660,5.0,168.123,168.351,166.454,168.15,16725.0,11.0,82.11,0.35,0.367,0.232,168.011,166.216,91.46,92.51,24.08,31.54,20.18,79.34,165.98,63.87,0.273,0,0,0,1,0,0,0,0,1
2024-04-26 11:00:00,0.6000000000000001,0.6000000000000001,0.5000000000000001,1.0,1.0,1.0,1.0,1.0,660,5.0,168.123,168.351,166.454,168.15,16725.0,11.0,82.11,0.35,0.367,0.232,168.011,166.216,91.46,92.51,24.08,31.54,20.18,79.34,165.98,63.87,0.273,0,0,0,1,0,0,0,0,1
2024-04-26 11:00:00,0.5,0.5,0.3846153846153846,1.0,1.0,1.0,1.0,1.0,660,5.0,168.123,168.351,166.454,168.15,16725.0,11.0,82.11,0.35,0.367,0.232,168.011,166.216,91.46,92.51,24.08,31.54,20.18,79.34,165.98,63.87,0.273,0,0,0,1,0,0,0,0,1
2024-04-29 12:00:00,-1.9000000000000004,1.9000000000000004,-0.1979166666666667,1.0,-1.0,-1.0,2.0,1.0,720,1.0,166.832,166.983,166.301,166.841,12326.0,12.0,37.49,1.171,-0.136,0.394,171.019,166.385,25.32,27.78,25.68,17.42,18.93,54.32,166.917,37.43,0.612,0,0,0,0,0,1,0,0,1
2024-04-29 12:00:00,1.5,1.5,0.2727272727272727,1.0,1.0,1.0,1.0,1.0,720,1.0,166.832,166.983,166.301,166.841,12326.0,12.0,37.49,1.171,-0.136,0.394,171.019,166.385,25.32,27.78,25.68,17.42,18.93,54.32,166.917,37.43,0.612,0,0,0,0,0,1,0,0,1
2024-04-29 12:00:00,0.6999999999999886,0.6999999999999886,0.007299270072992582,1.0,1.0,1.0,1.0,2.0,720,1.0,166.832,166.983,166.301,166.841,12326.0,12.0,37.49,1.171,-0.136,0.394,171.019,166.385,25.32,27.78,25.68,17.42,18.93,54.32,166.917,37.43,0.612,0,0,0,0,0,1,0,0,1
2024-04-29 12:00:00,3.4000000000000004,3.4000000000000004,0.36956521739130443,1.0,1.0,1.0,1.0,3.0,720,1.0,166.832,166.983,166.301,166.841,12326.0,12.0,37.49,1.171,-0.136,0.394,171.019,166.385,25.32,27.78,25.68,17.42,18.93,54.32,166.917,37.43,0.612,0,0,0,0,0,1,0,0,1
2024-04-29 12:00:00,-0.5999999999999996,0.5999999999999996,-0.08571428571428566,1.0,-1.0,-1.0,2.0,1.0,720,1.0,166.832,166.983,166.301,166.841,12326.0,12.0,37.49,1.171,-0.136,0.394,171.019,166.385,25.32,27.78,25.68,17.42,18.93,54.32,166.917,37.43,0.612,0,0,0,0,0,1,0,0,1
2024-04-30 12:00:00,0.30000000000000004,0.30000000000000004,0.27272727272727276,1.0,1.0,1.0,1.0,2.0,720,2.0,167.968,168.361,167.968,168.228,7030.0,12.0,58.38,0.339,0.025,-0.068,168.227,167.034,84.28,75.06,23.02,24.19,9.35,61.07,167.446,67.96,0.182,1,0,0,0,0,0,0,0,1
2024-04-30 12:00:00,0.5,0.5,0.15151515151515152,1.0,1.0,1.0,1.0,1.0,720,2.0,167.968,168.361,167.968,168.228,7030.0,12.0,58.38,0.339,0.025,-0.068,168.227,167.034,84.28,75.06,23.02,24.19,9.35,61.07,167.446,67.96,0.182,0,1,0,0,0,0,0,0,1
2024-04-30 12:00:00,-1.2000000000000002,1.2000000000000002,-0.42857142857142866,1.0,-1.0,-1.0,2.0,1.0,720,2.0,167.968,168.361,167.968,168.228,7030.0,12.0,58.38,0.339,0.025,-0.068,168.227,167.034,84.28,75.06,23.02,24.19,9.35,61.07,167.446,67.96,0.182,0,1,0,0,0,0,0,0,1
2024-04-30 12:00:00,0.19999999999999998,0.19999999999999998,0.1818181818181818,1.0,1.0,1.0,1.0,2.0,720,2.0,167.968,168.361,167.968,168.228,7030.0,12.0,58.38,0.339,0.025,-0.068,168.227,167.034,84.28,75.06,23.02,24.19,9.35,61.07,167.446,67.96,0.182,1,0,0,0,0,0,0,0,1
2024-04-30 12:00:00,-0.7999999999999999,0.7999999999999999,-0.3333333333333333,1.0,-1.0,-1.0,2.0,2.0,720,2.0,167.968,168.361,167.968,168.228,7030.0,12.0,58.38,0.339,0.025,-0.068,168.227,167.034,84.28,75.06,23.02,24.19,9.35,61.07,167.446,67.96,0.182,0,1,0,0,0,0,0,0,1
2024-04-30 12:00:00,-0.09999999999999964,0.09999999999999964,-0.02631578947368412,1.0,-1.0,-1.0,2.0,2.0,720,2.0,167.968,168.361,167.968,168.228,7030.0,12.0,58.38,0.339,0.025,-0.068,168.227,167.034,84.28,75.06,23.02,24.19,9.35,61.07,167.446,67.96,0.182,0,1,0,0,0,0,0,0,1
2024-04-30 12:00:00,0.7,0.7,0.25925925925925924,1.0,1.0,1.0,1.0,3.0,720,2.0,167.968,168.361,167.968,168.228,7030.0,12.0,58.38,0.339,0.025,-0.068,168.227,167.034,84.28,75.06,23.02,24.19,9.35,61.07,167.446,67.96,0.182,0,1,0,0,0,0,0,0,1
2024-04-30 12:00:00,0.49999999999999994,0.49999999999999994,0.41666666666666663,1.0,1.0,1.0,1.0,1.0,720,2.0,167.968,168.361,167.968,168.228,7030.0,12.0,58.38,0.339,0.025,-0.068,168.227,167.034,84.28,75.06,23.02,24.19,9.35,61.07,167.446,67.96,0.182,0,1,0,0,0,0,0,0,1
2024-05-02 11:00:00,0.10000000000000142,0.10000000000000142,0.0021459227467811462,1.0,1.0,1.0,1.0,2.0,660,4.0,166.635,166.711,166.049,166.078,8463.0,11.0,34.55,0.869,-0.415,-0.375,169.196,165.244,17.01,29.53,24.64,10.45,29.06,41.37,167.819,37.73,0.201,1,0,0,0,0,0,0,0,1
2024-05-03 12:00:00,0.09999999999999964,0.09999999999999964,0.013513513513513466,1.0,-1.0,-1.0,2.0,2.0,720,5.0,164.572,164.595,164.349,164.431,5427.0,12.0,38.97,0.354,-0.441,-0.594,164.87,164.019,75.23,81.79,30.38,19.42,20.63,34.78,166.779,53.17,0.148,0,0,1,0,0,0,0,0,1
2024-05-06 11:00:00,0.3999999999999986,0.3999999999999986,0.0074211502782931095,1.0,1.0,1.0,1.0,2.0,660,1.0,165.517,165.705,165.468,165.545,5720.0,11.0,61.11,0.251,0.21,0.142,165.986,164.089,30.59,49.02,29.51,26.07,14.34,46.9,166.249,61.96,0.12,1,0,0,0,0,0,0,0,1
2024-05-06 11:00:00,0.30000000000000426,0.30000000000000426,0.005725190839694738,1.0,1.0,1.0,1.0,2.0,660,1.0,165.517,165.705,165.468,165.545,5720.0,11.0,61.11,0.251,0.21,0.142,165.986,164.089,30.59,49.02,29.51,26.07,14.34,46.9,166.249,61.96,0.12,1,0,0,0,0,0,0,0,1
2024-05-06 11:30:00,-13.2,13.2,-1.2452830188679245,1.0,-1.0,-1.0,2.0,1.0,690,1.0,165.517,165.705,165.468,165.545,5720.0,11.0,61.11,0.251,0.21,0.142,165.986,164.089,30.59,49.02,29.51,26.07,14.34,46.9,166.249,61.96,0.12,0,0,0,0,0,1,0,0,1
2024-05-06 12:00:00,0.19999999999999996,0.19999999999999996,0.12499999999999997,1.0,1.0,1.0,1.0,1.0,720,1.0,165.545,165.688,165.497,165.612,4262.0,12.0,62.46,0.255,0.216,0.167,166.018,164.189,49.91,43.26,29.45,22.59,12.42,47.44,166.133,53.85,0.125,0,1,0,0,0,0,0,0,1
2024-05-06 12:00:00,-2.2,2.2,-0.33333333333333337,1.0,-1.0,-1.0,2.0,1.0,720,1.0,165.545,165.688,165.497,165.612,4262.0,12.0,62.46,0.255,0.216,0.167,166.018,164.189,49.91,43.26,29.45,22.59,12.42,47.44,166.133,53.85,0.125,0,1,0,0,0,0,0,0,1
2024-05-07 12:00:00,0.29999999999999993,0.29999999999999993,0.21428571428571425,1.0,1.0,1.0,1.0,1.0,720,2.0,166.194,166.346,166.138,166.298,6195.0,12.0,61.11,0.256,0.202,0.225,166.473,165.542,57.6,42.89,22.53,19.99,22.74,55.08,165.568,58.47,0.173,0,0,0,0,0,0,1,0,1
2024-05-07 12:00:00,0.8,0.8,0.8,1.0,1.0,1.0,1.0,1.0,720,2.0,166.194,166.346,166.138,166.298,6195.0,12.0,61.11,0.256,0.202,0.225,166.473,165.542,57.6,42.89,22.53,19.99,22.74,55.08,165.568,58.47,0.173,0,0,0,0,0,0,1,0,1
2024-05-14 12:05:00,47.8,47.8,26.555555555555554,1.0,1.0,1.0,1.0,2.0,725,2.0,168.71,168.841,168.631,168.745,4643.0,12.0,70.38,0.127,0.166,0.188,168.833,168.447,56.85,56.43,30.27,21.81,15.78,78.9,167.906,56.34,0.091,0,0,0,0,0,1,0,0,1
2024-05-15 12:00:00,0.09999999999999998,0.09999999999999998,0.08333333333333331,1.0,1.0,1.0,1.0,1.0,720,3.0,168.56,168.75,168.528,168.731,5601.0,12.0,40.08,0.183,0.014,0.124,169.572,168.787,18.47,23.34,27.35,14.05,32.47,55.2,168.344,21.39,0.136,0,0,1,0,0,0,0,0,1
2024-05-15 12:00:00,-0.10000000000000009,0.10000000000000009,-0.04761904761904766,1.0,-1.0,-1.0,2.0,1.0,720,3.0,168.56,168.75,168.528,168.731,5601.0,12.0,40.08,0.183,0.014,0.124,169.572,168.787,18.47,23.34,27.35,14.05,32.47,55.2,168.344,21.39,0.136,0,0,1,0,0,0,0,0,1
2024-05-15 12:00:00,0.39999999999999997,0.39999999999999997,0.3333333333333333,1.0,1.0,1.0,1.0,2.0,720,3.0,168.56,168.75,168.528,168.731,5601.0,12.0,40.08,0.183,0.014,0.124,169.572,168.787,18.47,23.34,27.35,14.05,32.47,55.2,168.344,21.39,0.136,1,0,0,0,0,0,0,0,1
2024-05-15 12:00:00,0.8,0.8,0.28571428571428575,1.0,1.0,1.0,1.0,1.0,720,3.0,168.56,168.75,168.528,168.731,5601.0,12.0,40.08,0.183,0.014,0.124,169.572,168.787,18.47,23.34,27.35,14.05,32.47,55.2,168.344,21.39,0.136,1,0,0,0,0,0,0,0,1
2024-05-17 12:00:00,-0.5000000000000001,0.5000000000000001,-0.23809523809523814,1.0,-1.0,-1.0,2.0,1.0,720,5.0,169.022,169.086,168.929,168.997,3412.0,12.0,55.24,0.178,0.166,0.193,169.3,168.651,31.82,42.99,24.95,11.41,19.85,57.96,168.7,45.5,0.103,0,1,0,0,0,0,0,0,1
2024-05-17 12:00:00,-0.40000000000000036,0.40000000000000036,-0.1081081081081082,1.0,-1.0,-1.0,2.0,1.0,720,5.0,169.022,169.086,168.929,168.997,3412.0,12.0,55.24,0.178,0.166,0.193,169.3,168.651,31.82,42.99,24.95,11.41,19.85,57.96,168.7,45.5,0.103,0,1,0,0,0,0,0,0,1
2024-05-21 11:00:00,2.1999999999999957,2.1999999999999957,0.0635838150289016,1.0,1.0,1.0,1.0,1.0,660,2.0,169.731,169.819,169.575,169.797,4336.0,11.0,58.81,0.154,0.111,0.14,169.955,169.511,56.8,50.05,14.81,18.45,23.37,65.97,169.0,42.27,0.129,0,0,0,0,0,0,0,1,1
2024-05-21 12:00:00,0.8000000000000007,0.8000000000000007,0.045714285714285756,1.0,1.0,1.0,1.0,2.0,720,2.0,169.798,169.828,169.698,169.727,3617.0,12.0,54.42,0.158,0.1,0.135,169.952,169.529,59.5,54.36,14.04,16.91,20.26,61.33,169.048,50.91,0.142,0,0,0,0,0,0,0,1,1
2024-05-21 12:00:00,-0.30000000000000004,0.30000000000000004,-0.21428571428571433,1.0,-1.0,-1.0,2.0,1.0,720,2.0,169.798,169.828,169.698,169.727,3617.0,12.0,54.42,0.158,0.1,0.135,169.952,169.529,59.5,54.36,14.04,16.91,20.26,61.33,169.048,50.91,0.142,1,0,0,0,0,0,0,0,1
2024-05-21 12:00:00,0.7,0.7,0.43749999999999994,1.0,1.0,1.0,1.0,1.0,720,2.0,169.798,169.828,169.698,169.727,3617.0,12.0,54.42,0.158,0.1,0.135,169.952,169.529,59.5,54.36,14.04,16.91,20.26,61.33,169.048,50.91,0.142,1,0,0,0,0,0,0,0,1
2024-05-21 12:00:00,1.2000000000000028,1.2000000000000028,0.050209205020920626,1.0,1.0,1.0,1.0,2.0,720,2.0,169.798,169.828,169.698,169.727,3617.0,12.0,54.42,0.158,0.1,0.135,169.952,169.529,59.5,54.36,14.04,16.91,20.26,61.33,169.048,50.91,0.142,0,0,0,0,0,0,0,1,1
2024-05-23 11:00:00,0.5999999999999943,0.5999999999999943,0.01138519924098661,1.0,1.0,1.0,1.0,2.0,660,4.0,169.746,170.004,169.731,169.903,5091.0,11.0,62.42,0.168,0.037,0.022,169.852,169.446,76.46,49.79,18.63,24.02,26.57,63.26,169.576,65.46,0.13,1,0,0,0,0,0,0,0,1
2024-05-23 11:00:00,1.7999999999999972,1.7999999999999972,0.03862660944206003,1.0,1.0,1.0,1.0,2.0,660,4.0,169.746,170.004,169.731,169.903,5091.0,11.0,62.42,0.168,0.037,0.022,169.852,169.446,76.46,49.79,18.63,24.02,26.57,63.26,169.576,65.46,0.13,1,0,0,0,0,0,0,0,1
2024-05-23 17:00:00,-0.20000000000000107,0.20000000000000107,-0.013245033112582853,1.0,-1.0,-1.0,2.0,1.0,1020,4.0,170.187,170.32,169.713,169.937,12740.0,17.0,56.36,0.214,0.107,0.063,170.126,169.443,69.92,83.94,14.31,22.6,20.46,60.03,169.657,63.64,0.128,0,0,0,0,0,1,0,0,1
2024-05-29 11:00:00,-0.7,0.7,-0.2333333333333333,1.0,-1.0,-1.0,2.0,1.0,660,3.0,170.501,170.511,170.168,170.249,6769.0,11.0,34.56,0.145,-0.014,0.042,170.834,170.356,44.07,40.54,28.86,8.76,35.49,50.91,170.258,27.63,0.113,0,0,0,1,0,0,0,0,1
2024-05-29 11:00:00,-0.09999999999999998,0.09999999999999998,-0.0769230769230769,1.0,-1.0,-1.0,2.0,2.0,660,3.0,170.501,170.511,170.168,170.249,6769.0,11.0,34.56,0.145,-0.014,0.042,170.834,170.356,44.07,40.54,28.86,8.76,35.49,50.91,170.258,27.63,0.113,0,0,0,1,0,0,0,0,1
2024-05-29 11:00:00,0.09999999999999998,0.09999999999999998,0.08333333333333331,1.0,1.0,1.0,1.0,1.0,660,3.0,170.501,170.511,170.168,170.249,6769.0,11.0,34.56,0.145,-0.014,0.042,170.834,170.356,44.07,40.54,28.86,8.76,35.49,50.91,170.258,27.63,0.113,0,0,0,1,0,0,0,0,1
2024-05-29 11:00:00,-0.4,0.4,-0.1739130434782609,1.0,-1.0,-1.0,2.0,1.0,660,3.0,170.501,170.511,170.168,170.249,6769.0,11.0,34.56,0.145,-0.014,0.042,170.834,170.356,44.07,40.54,28.86,8.76,35.49,50.91,170.258,27.63,0.113,0,0,0,1,0,0,0,0,1
2024-05-30 12:00:00,0.6999999999999993,0.6999999999999993,0.06034482758620684,1.0,1.0,1.0,1.0,1.0,720,4.0,169.732,169.784,169.608,169.669,4992.0,12.0,39.49,0.24,-0.239,-0.2,170.764,169.289,72.56,49.99,50.56,14.82,30.23,38.38,170.283,55.49,0.162,0,0,0,0,0,1,0,0,1
2024-05-30 12:00:00,2.8,2.8,0.5957446808510638,1.0,1.0,1.0,1.0,1.0,720,4.0,169.732,169.784,169.608,169.669,4992.0,12.0,39.49,0.24,-0.239,-0.2,170.764,169.289,72.56,49.99,50.56,14.82,30.23,38.38,170.283,55.49,0.162,0,0,0,0,0,1,0,0,1
2024-05-30 12:00:00,1.0999999999999943,1.0999999999999943,0.011470281543274185,1.0,1.0,1.0,1.0,2.0,720,4.0,169.732,169.784,169.608,169.669,4992.0,12.0,39.49,0.24,-0.239,-0.2,170.764,169.289,72.56,49.99,50.56,14.82,30.23,38.38,170.283,55.49,0.162,0,0,0,0,0,1,0,0,1
2024-05-30 12:00:00,2.1999999999999993,2.1999999999999993,0.19469026548672558,1.0,1.0,1.0,1.0,3.0,720,4.0,169.732,169.784,169.608,169.669,4992.0,12.0,39.49,0.24,-0.239,-0.2,170.764,169.289,72.56,49.99,50.56,14.82,30.23,38.38,170.283,55.49,0.162,0,0,0,0,0,1,0,0,1
2024-05-30 12:00:00,0.3000000000000007,0.3000000000000007,0.04225352112676067,1.0,1.0,1.0,1.0,1.0,720,4.0,169.732,169.784,169.608,169.669,4992.0,12.0,39.49,0.24,-0.239,-0.2,170.764,169.289,72.56,49.99,50.56,14.82,30.23,38.38,170.283,55.49,0.162,0,0,0,0,0,1,0,0,1
2024-05-30 12:00:00,-0.09999999999999964,0.09999999999999964,-0.013333333333333286,1.0,1.0,1.0,1.0,2.0,720,4.0,169.732,169.784,169.608,169.669,4992.0,12.0,39.49,0.24,-0.239,-0.2,170.764,169.289,72.56,49.99,50.56,14.82,30.23,38.38,170.283,55.49,0.162,0,0,1,0,0,0,0,0,1
2024-05-31 12:00:00,0.2999999999999998,0.2999999999999998,0.08333333333333329,1.0,1.0,1.0,1.0,1.0,720,5.0,170.394,170.662,170.391,170.662,5496.0,12.0,69.13,0.235,0.074,-0.051,170.406,169.323,95.95,89.24,29.01,45.46,10.42,60.43,170.244,81.02,0.134,0,1,0,0,0,0,0,0,1
2024-05-31 12:00:00,-0.09999999999999998,0.09999999999999998,-0.06666666666666665,1.0,-1.0,-1.0,2.0,1.0,720,5.0,170.394,170.662,170.391,170.662,5496.0,12.0,69.13,0.235,0.074,-0.051,170.406,169.323,95.95,89.24,29.01,45.46,10.42,60.43,170.244,81.02,0.134,0,1,0,0,0,0,0,0,1
2024-05-31 12:00:00,0.10000000000000009,0.10000000000000009,0.0285714285714286,1.0,1.0,1.0,1.0,3.0,720,5.0,170.394,170.662,170.391,170.662,5496.0,12.0,69.13,0.235,0.074,-0.051,170.406,169.323,95.95,89.24,29.01,45.46,10.42,60.43,170.244,81.02,0.134,0,1,0,0,0,0,0,0,1
2024-05-31 12:00:00,0.1,0.1,0.09090909090909091,1.0,1.0,1.0,1.0,2.0,720,5.0,170.394,170.662,170.391,170.662,5496.0,12.0,69.13,0.235,0.074,-0.051,170.406,169.323,95.95,89.24,29.01,45.46,10.42,60.43,170.244,81.02,0.134,0,1,0,0,0,0,0,0,1
2024-05-31 12:00:00,0.10000000000000003,0.10000000000000003,0.07692307692307694,1.0,1.0,1.0,1.0,1.0,720,5.0,170.394,170.662,170.391,170.662,5496.0,12.0,69.13,0.235,0.074,-0.051,170.406,169.323,95.95,89.24,29.01,45.46,10.42,60.43,170.244,81.02,0.134,0,1,0,0,0,0,0,0,1
2024-05-31 12:00:00,0.2999999999999998,0.2999999999999998,0.08333333333333329,1.0,1.0,1.0,1.0,2.0,720,5.0,170.394,170.662,170.391,170.662,5496.0,12.0,69.13,0.235,0.074,-0.051,170.406,169.323,95.95,89.24,29.01,45.46,10.42,60.43,170.244,81.02,0.134,0,1,0,0,0,0,0,0,1
2024-06-03 11:00:00,-0.10000000000000142,0.10000000000000142,-0.0020661157024793684,1.0,-1.0,-1.0,2.0,2.0,660,1.0,170.333,170.334,170.133,170.248,5935.0,11.0,43.17,0.206,0.087,0.148,170.88,170.26,20.99,47.65,28.36,17.83,32.2,50.27,170.267,27.62,0.118,1,0,0,0,0,0,0,0,1
2024-06-05 11:00:00,-0.09999999999999432,0.09999999999999432,-0.0018416206261509082,1.0,-1.0,-1.0,2.0,2.0,660,3.0,169.747,170.001,169.671,169.922,5369.0,11.0,67.51,0.238,0.088,-0.119,169.876,167.825,89.91,89.91,49.21,38.11,6.91,52.08,169.842,74.88,0.133,1,0,0,0,0,0,0,0,1
2024-06-05 11:00:00,-0.09999999999999432,0.09999999999999432,-0.0018761726078798185,1.0,-1.0,-1.0,2.0,2.0,660,3.0,169.747,170.001,169.671,169.922,5369.0,11.0,67.51,0.238,0.088,-0.119,169.876,167.825,89.91,89.91,49.21,38.11,6.91,52.08,169.842,74.88,0.133,1,0,0,0,0,0,0,0,1
2024-06-05 12:00:00,-0.8,0.8,-0.6666666666666667,1.0,-1.0,-1.0,2.0,1.0,720,3.0,169.922,169.944,169.669,169.673,4873.0,12.0,60.19,0.249,0.112,-0.07,169.965,167.881,79.82,86.22,51.83,33.03,6.08,51.68,169.852,74.78,0.143,0,1,0,0,0,0,0,0,1
2024-06-05 12:00:00,0.5,0.5,0.06944444444444445,1.0,1.0,1.0,1.0,1.0,720,3.0,169.922,169.944,169.669,169.673,4873.0,12.0,60.19,0.249,0.112,-0.07,169.965,167.881,79.82,86.22,51.83,33.03,6.08,51.68,169.852,74.78,0.143,0,1,0,0,0,0,0,0,1
2024-06-06 12:00:00,-0.6,0.6,-0.5454545454545454,1.0,-1.0,-1.0,2.0,1.0,720,4.0,169.853,169.95,169.638,169.691,4564.0,12.0,52.61,0.25,0.093,0.066,169.969,169.345,65.89,80.94,27.42,17.98,14.51,54.3,169.771,54.21,0.131,0,0,0,0,0,0,1,0,1
2024-06-06 12:00:00,-1.2,1.2,-0.5454545454545454,1.0,-1.0,-1.0,2.0,1.0,720,4.0,169.853,169.95,169.638,169.691,4564.0,12.0,52.61,0.25,0.093,0.066,169.969,169.345,65.89,80.94,27.42,17.98,14.51,54.3,169.771,54.21,0.131,0,0,0,0,0,0,1,0,1
2024-06-10 11:30:00,-2.8,2.8,-0.4117647058823529,1.0,-1.0,-1.0,2.0,1.0,690,1.0,169.001,169.068,168.756,168.834,6446.0,11.0,37.56,0.241,-0.147,-0.14,169.622,168.648,41.69,36.4,20.16,14.47,19.87,40.84,169.34,46.21,0.135,0,0,0,0,0,1,0,0,1
2024-06-13 12:00:00,-1.6,1.6,-0.6666666666666667,1.0,-1.0,-1.0,2.0,1.0,720,4.0,169.933,170.025,169.771,169.786,4689.0,12.0,60.93,0.199,0.224,0.194,170.122,168.846,59.88,70.19,41.62,27.6,12.03,53.4,169.092,63.36,0.112,1,0,0,0,0,0,0,0,1
2024-06-13 12:00:00,0.1,0.1,0.08333333333333334,1.0,1.0,1.0,1.0,2.0,720,4.0,169.933,170.025,169.771,169.786,4689.0,12.0,60.93,0.199,0.224,0.194,170.122,168.846,59.88,70.19,41.62,27.6,12.03,53.4,169.092,63.36,0.112,1,0,0,0,0,0,0,0,1
2024-06-14 12:00:00,-3.1000000000000014,3.1000000000000014,-0.13191489361702133,1.0,-1.0,-1.0,2.0,2.0,720,5.0,168.385,168.402,167.509,167.888,13613.0,12.0,31.41,0.431,-0.137,-0.061,169.696,167.941,16.07,38.15,26.79,17.8,33.99,40.55,168.998,25.77,0.347,0,0,0,0,0,0,0,1,1
2024-06-14 12:00:00,-4.100000000000001,4.100000000000001,-0.2039800995024876,1.0,-1.0,-1.0,2.0,2.0,720,5.0,168.385,168.402,167.509,167.888,13613.0,12.0,31.41,0.431,-0.137,-0.061,169.696,167.941,16.07,38.15,26.79,17.8,33.99,40.55,168.998,25.77,0.347,0,0,0,0,0,0,0,1,1
2024-06-17 12:00:00,0.6999999999999993,0.6999999999999993,0.12962962962962948,1.0,1.0,1.0,1.0,1.0,720,1.0,168.796,168.936,168.783,168.866,6067.0,12.0,59.21,0.269,0.01,-0.051,168.812,168.123,89.21,78.41,15.97,26.46,16.43,53.15,168.912,63.62,0.227,0,0,0,0,1,0,0,0,1
2024-06-17 12:00:00,1.0,1.0,0.18867924528301888,1.0,1.0,1.0,1.0,2.0,720,1.0,168.796,168.936,168.783,168.866,6067.0,12.0,59.21,0.269,0.01,-0.051,168.812,168.123,89.21,78.41,15.97,26.46,16.43,53.15,168.912,63.62,0.227,0,0,1,0,0,0,0,0,1
2024-06-18 12:00:00,-0.09999999999999998,0.09999999999999998,-0.0769230769230769,1.0,-1.0,-1.0,2.0,1.0,720,2.0,169.515,169.59,169.419,169.474,6974.0,12.0,63.84,0.173,0.157,0.135,169.578,168.97,73.46,81.22,28.95,27.22,14.84,54.76,169.009,55.51,0.118,0,1,0,0,0,0,0,0,1
2024-06-18 12:00:00,-0.8999999999999999,0.8999999999999999,-0.2045454545454545,1.0,-1.0,-1.0,2.0,1.0,720,2.0,169.515,169.59,169.419,169.474,6974.0,12.0,63.84,0.173,0.157,0.135,169.578,168.97,73.46,81.22,28.95,27.22,14.84,54.76,169.009,55.51,0.118,0,1,0,0,0,0,0,0,1
2024-06-18 12:05:00,2.0999999999999943,2.0999999999999943,0.04183266932270905,1.0,1.0,1.0,1.0,2.0,725,2.0,169.515,169.59,169.419,169.474,6974.0,12.0,63.84,0.173,0.157,0.135,169.578,168.97,73.46,81.22,28.95,27.22,14.84,54.76,169.009,55.51,0.118,0,0,0,0,0,1,0,0,1
2024-06-19 11:00:00,2.8000000000000043,2.8000000000000043,0.07608695652173925,1.0,1.0,1.0,1.0,1.0,660,3.0,169.366,169.487,169.332,169.48,5614.0,11.0,53.89,0.129,0.026,0.059,169.657,169.293,56.54,38.88,20.31,14.47,20.91,55.98,169.004,52.4,0.117,0,0,0,0,0,0,0,1,1
2024-06-19 12:00:00,-0.5,0.5,-0.3846153846153846,1.0,-1.0,-1.0,2.0,1.0,720,3.0,169.48,169.576,169.404,169.484,5586.0,12.0,54.07,0.131,0.028,0.052,169.64,169.297,77.7,56.78,18.07,19.44,18.12,58.86,169.011,57.5,0.129,1,0,0,0,0,0,0,0,1
2024-06-19 12:00:00,-0.7000000000000001,0.7000000000000001,-0.5000000000000001,1.0,-1.0,-1.0,2.0,1.0,720,3.0,169.48,169.576,169.404,169.484,5586.0,12.0,54.07,0.131,0.028,0.052,169.64,169.297,77.7,56.78,18.07,19.44,18.12,58.86,169.011,57.5,0.129,1,0,0,0,0,0,0,0,1
2024-06-20 17:00:00,-0.3000000000000007,0.3000000000000007,-0.020408163265306173,1.0,-1.0,-1.0,2.0,1.0,1020,4.0,170.205,170.317,170.155,170.183,7541.0,17.0,65.78,0.181,0.113,0.076,170.118,169.579,84.82,76.89,23.9,26.79,11.58,65.11,169.385,66.73,0.12,0,0,0,0,0,1,0,0,1
2024-06-21 11:00:00,-0.9000000000000057,0.9000000000000057,-0.017077798861480184,1.0,-1.0,-1.0,2.0,2.0,660,5.0,169.519,169.847,169.451,169.805,7545.0,11.0,43.64,0.209,0.031,0.108,170.512,169.747,28.86,37.45,23.2,15.45,14.97,53.52,169.649,32.27,0.154,1,0,0,0,0,0,0,0,1
2024-06-21 11:00:00,-2.1999999999999957,2.1999999999999957,-0.04508196721311467,1.0,-1.0,-1.0,2.0,2.0,660,5.0,169.519,169.847,169.451,169.805,7545.0,11.0,43.64,0.209,0.031,0.108,170.512,169.747,28.86,37.45,23.2,15.45,14.97,53.52,169.649,32.27,0.154,1,0,0,0,0,0,0,0,1
2024-06-21 11:00:00,0.20000000000000284,0.20000000000000284,0.0037453183520599785,1.0,1.0,1.0,1.0,2.0,660,5.0,169.519,169.847,169.451,169.805,7545.0,11.0,43.64,0.209,0.031,0.108,170.512,169.747,28.86,37.45,23.2,15.45,14.97,53.52,169.649,32.27,0.154,1,0,0,0,0,0,0,0,1
2024-06-27 11:00:00,-0.19999999999999996,0.19999999999999996,-0.07142857142857141,1.0,-1.0,-1.0,2.0,1.0,660,4.0,171.626,171.65,171.508,171.596,6165.0,11.0,57.12,0.159,0.08,0.103,171.772,171.397,65.0,62.8,21.76,14.78,10.57,65.67,171.119,55.21,0.092,0,0,0,1,0,0,0,0,1
2024-06-27 11:00:00,0.09999999999999998,0.09999999999999998,0.08333333333333331,1.0,1.0,1.0,1.0,2.0,660,4.0,171.626,171.65,171.508,171.596,6165.0,11.0,57.12,0.159,0.08,0.103,171.772,171.397,65.0,62.8,21.76,14.78,10.57,65.67,171.119,55.21,0.092,0,0,0,1,0,0,0,0,1
2024-06-27 11:00:00,-0.5999999999999999,0.5999999999999999,-0.24999999999999994,1.0,-1.0,-1.0,2.0,1.0,660,4.0,171.626,171.65,171.508,171.596,6165.0,11.0,57.12,0.159,0.08,0.103,171.772,171.397,65.0,62.8,21.76,14.78,10.57,65.67,171.119,55.21,0.092,0,0,0,1,0,0,0,0,1
2024-06-27 12:00:00,-0.40000000000000036,0.40000000000000036,-0.05333333333333338,1.0,-1.0,-1.0,2.0,1.0,720,4.0,171.602,171.741,171.583,171.673,6141.0,12.0,60.58,0.157,0.083,0.096,171.755,171.447,69.97,67.69,23.96,20.49,9.16,70.78,171.202,56.24,0.098,0,0,0,0,0,1,0,0,1
2024-06-27 12:00:00,0.40000000000000036,0.40000000000000036,0.0347826086956522,1.0,1.0,1.0,1.0,1.0,720,4.0,171.602,171.741,171.583,171.673,6141.0,12.0,60.58,0.157,0.083,0.096,171.755,171.447,69.97,67.69,23.96,20.49,9.16,70.78,171.202,56.24,0.098,0,0,0,0,0,1,0,0,1
2024-06-27 12:00:00,1.2999999999999998,1.2999999999999998,0.20967741935483866,1.0,1.0,1.0,1.0,1.0,720,4.0,171.602,171.741,171.583,171.673,6141.0,12.0,60.58,0.157,0.083,0.096,171.755,171.447,69.97,67.69,23.96,20.49,9.16,70.78,171.202,56.24,0.098,0,0,0,0,0,1,0,0,1
2024-06-27 12:00:00,-0.6999999999999886,0.6999999999999886,-0.0071721311475408675,1.0,-1.0,-1.0,2.0,2.0,720,4.0,171.602,171.741,171.583,171.673,6141.0,12.0,60.58,0.157,0.083,0.096,171.755,171.447,69.97,67.69,23.96,20.49,9.16,70.78,171.202,56.24,0.098,0,0,0,0,0,1,0,0,1
2024-06-27 12:00:00,-3.0000000000000018,3.0000000000000018,-0.17543859649122817,1.0,-1.0,-1.0,2.0,3.0,720,4.0,171.602,171.741,171.583,171.673,6141.0,12.0,60.58,0.157,0.083,0.096,171.755,171.447,69.97,67.69,23.96,20.49,9.16,70.78,171.202,56.24,0.098,0,0,0,0,0,1,0,0,1
2024-07-01 11:00:00,0.19999999999999574,0.19999999999999574,0.00429184549356214,1.0,1.0,1.0,1.0,2.0,660,1.0,173.164,173.412,173.104,173.376,7171.0,11.0,74.17,0.237,0.323,0.281,173.63,171.817,58.34,65.37,54.41,28.25,6.82,76.91,171.844,54.43,0.131,1,0,0,0,0,0,0,0,1
2024-07-02 12:00:00,0.10000000000000053,0.10000000000000053,0.013698630136986375,1.0,-1.0,-1.0,2.0,2.0,720,2.0,173.229,173.291,173.12,173.158,5740.0,12.0,44.73,0.159,0.074,0.143,173.576,173.178,20.88,31.19,24.57,8.64,21.97,69.5,172.517,36.7,0.126,0,0,1,0,0,0,0,0,1
2024-07-02 12:00:00,-0.10000000000000009,0.10000000000000009,-0.0277777777777778,1.0,-1.0,-1.0,2.0,3.0,720,2.0,173.229,173.291,173.12,173.158,5740.0,12.0,44.73,0.159,0.074,0.143,173.576,173.178,20.88,31.19,24.57,8.64,21.97,69.5,172.517,36.7,0.126,0,1,0,0,0,0,0,0,1
2024-07-02 12:00:00,0.10000000000000003,0.10000000000000003,0.07692307692307694,1.0,1.0,1.0,1.0,1.0,720,2.0,173.229,173.291,173.12,173.158,5740.0,12.0,44.73,0.159,0.074,0.143,173.576,173.178,20.88,31.19,24.57,8.64,21.97,69.5,172.517,36.7,0.126,0,1,0,0,0,0,0,0,1
2024-07-02 12:00:00,-0.39999999999999997,0.39999999999999997,-0.24999999999999997,1.0,-1.0,-1.0,2.0,2.0,720,2.0,173.229,173.291,173.12,173.158,5740.0,12.0,44.73,0.159,0.074,0.143,173.576,173.178,20.88,31.19,24.57,8.64,21.97,69.5,172.517,36.7,0.126,0,1,0,0,0,0,0,0,1
2024-07-02 12:00:00,-0.6000000000000001,0.6000000000000001,-0.31578947368421056,1.0,-1.0,-1.0,2.0,1.0,720,2.0,173.229,173.291,173.12,173.158,5740.0,12.0,44.73,0.159,0.074,0.143,173.576,173.178,20.88,31.19,24.57,8.64,21.97,69.5,172.517,36.7,0.126,0,1,0,0,0,0,0,0,1
2024-07-02 12:00:00,0.10000000000000009,0.10000000000000009,0.026315789473684237,1.0,1.0,1.0,1.0,2.0,720,2.0,173.229,173.291,173.12,173.158,5740.0,12.0,44.73,0.159,0.074,0.143,173.576,173.178,20.88,31.19,24.57,8.64,21.97,69.5,172.517,36.7,0.126,0,1,0,0,0,0,0,0,1
2024-07-03 11:00:00,0.10000000000000142,0.10000000000000142,0.001930501930501958,1.0,1.0,1.0,1.0,2.0,660,3.0,174.058,174.186,174.0,174.115,7804.0,11.0,81.11,0.136,0.171,0.113,174.034,173.187,84.43,86.92,60.21,34.15,2.88,78.87,172.949,77.32,0.117,1,0,0,0,0,0,0,0,1
2024-07-03 11:00:00,0.19999999999999574,0.19999999999999574,0.00373134328358201,1.0,1.0,1.0,1.0,2.0,660,3.0,174.058,174.186,174.0,174.115,7804.0,11.0,81.11,0.136,0.171,0.113,174.034,173.187,84.43,86.92,60.21,34.15,2.88,78.87,172.949,77.32,0.117,1,0,0,0,0,0,0,0,1
2024-07-03 12:00:00,0.39999999999999997,0.39999999999999997,0.24999999999999997,1.0,1.0,1.0,1.0,1.0,720,3.0,174.113,174.195,174.039,174.087,6443.0,12.0,78.46,0.143,0.183,0.125,174.098,173.2,81.35,83.62,63.48,30.36,2.5,80.98,173.05,66.23,0.127,0,1,0,0,0,0,0,0,1
2024-07-03 12:00:00,1.3999999999999995,1.3999999999999995,0.21212121212121204,1.0,1.0,1.0,1.0,1.0,720,3.0,174.113,174.195,174.039,174.087,6443.0,12.0,78.46,0.143,0.183,0.125,174.098,173.2,81.35,83.62,63.48,30.36,2.5,80.98,173.05,66.23,0.127,0,1,0,0,0,0,0,0,1
2024-07-05 12:00:00,2.0,2.0,0.6896551724137931,1.0,1.0,1.0,1.0,1.0,720,5.0,174.04,174.084,173.912,173.974,5237.0,12.0,44.59,0.211,-0.046,-0.019,174.501,173.786,72.17,64.52,15.58,17.36,13.35,63.83,173.885,46.69,0.121,0,0,0,0,0,0,1,0,1
2024-07-05 12:00:00,-0.2,0.2,-0.13333333333333333,1.0,-1.0,-1.0,2.0,1.0,720,5.0,174.04,174.084,173.912,173.974,5237.0,12.0,44.59,0.211,-0.046,-0.019,174.501,173.786,72.17,64.52,15.58,17.36,13.35,63.83,173.885,46.69,0.121,0,0,0,0,0,0,1,0,1
2024-07-08 11:30:00,-5.3,5.3,-1.7666666666666666,1.0,-1.0,-1.0,2.0,1.0,690,1.0,174.363,174.632,174.336,174.599,10087.0,11.0,65.01,0.272,0.023,-0.061,174.559,173.56,90.67,86.93,21.22,29.75,12.68,64.62,174.042,72.71,0.138,0,0,0,0,0,1,0,0,1
2024-07-15 12:00:00,-0.5,0.5,-0.45454545454545453,1.0,-1.0,-1.0,2.0,2.0,720,1.0,172.154,172.401,172.084,172.378,6914.0,12.0,48.81,0.25,-0.189,-0.253,172.365,171.988,70.14,57.84,19.06,20.09,14.65,34.63,173.584,52.71,0.142,1,0,0,0,0,0,0,0,1
2024-07-15 12:00:00,-1.2999999999999998,1.2999999999999998,-0.4999999999999999,1.0,-1.0,-1.0,2.0,1.0,720,1.0,172.154,172.401,172.084,172.378,6914.0,12.0,48.81,0.25,-0.189,-0.253,172.365,171.988,70.14,57.84,19.06,20.09,14.65,34.63,173.584,52.71,0.142,1,0,0,0,0,0,0,0,1
2024-07-16 12:00:00,-6.599999999999998,6.599999999999998,-0.33165829145728637,1.0,-1.0,-1.0,2.0,2.0,720,2.0,172.731,172.77,172.524,172.632,7747.0,12.0,54.84,0.211,0.107,0.083,173.029,171.882,48.02,52.17,42.11,24.14,18.01,45.55,173.062,53.32,0.127,0,0,0,0,0,0,0,1,1
2024-07-16 12:00:00,-6.6,6.6,-0.3069767441860465,1.0,-1.0,-1.0,2.0,2.0,720,2.0,172.731,172.77,172.524,172.632,7747.0,12.0,54.84,0.211,0.107,0.083,173.029,171.882,48.02,52.17,42.11,24.14,18.01,45.55,173.062,53.32,0.127,0,0,0,0,0,0,0,1,1
2024-07-16 12:05:00,-5.799999999999997,5.799999999999997,-0.1148514851485148,1.0,-1.0,-1.0,2.0,2.0,725,2.0,172.731,172.77,172.524,172.632,7747.0,12.0,54.84,0.211,0.107,0.083,173.029,171.882,48.02,52.17,42.11,24.14,18.01,45.55,173.062,53.32,0.127,0,0,0,0,0,1,0,0,1
2024-07-17 12:00:00,-0.8000000000000003,0.8000000000000003,-0.19047619047619052,1.0,-1.0,-1.0,2.0,1.0,720,3.0,170.949,171.324,170.829,171.18,16006.0,12.0,24.6,0.275,-0.294,-0.062,173.427,171.28,13.12,7.15,38.41,7.81,40.62,32.36,172.409,29.15,0.312,0,1,0,0,0,0,0,0,1
2024-07-17 12:00:00,-0.2,0.2,-0.14285714285714288,1.0,-1.0,-1.0,2.0,1.0,720,3.0,170.949,171.324,170.829,171.18,16006.0,12.0,24.6,0.275,-0.294,-0.062,173.427,171.28,13.12,7.15,38.41,7.81,40.62,32.36,172.409,29.15,0.312,0,1,0,0,0,0,0,0,1
2024-07-17 12:00:00,0.10000000000000003,0.10000000000000003,0.07692307692307694,1.0,1.0,1.0,1.0,1.0,720,3.0,170.949,171.324,170.829,171.18,16006.0,12.0,24.6,0.275,-0.294,-0.062,173.427,171.28,13.12,7.15,38.41,7.81,40.62,32.36,172.409,29.15,0.312,0,1,0,0,0,0,0,0,1
2024-07-18 12:00:00,-1.0,1.0,-0.9090909090909091,1.0,-1.0,-1.0,2.0,1.0,720,4.0,171.022,171.05,170.82,171.05,8038.0,12.0,48.93,0.391,-0.199,-0.3,171.277,170.398,72.48,56.33,22.87,19.53,16.59,36.34,171.906,53.33,0.182,1,0,0,0,0,0,0,0,1
2024-07-18 12:00:00,-2.1,2.1,-1.6153846153846154,1.0,-1.0,-1.0,2.0,1.0,720,4.0,171.022,171.05,170.82,171.05,8038.0,12.0,48.93,0.391,-0.199,-0.3,171.277,170.398,72.48,56.33,22.87,19.53,16.59,36.34,171.906,53.33,0.182,1,0,0,0,0,0,0,0,1
2024-07-19 11:00:00,0.20000000000000284,0.20000000000000284,0.0053333333333334095,1.0,1.0,1.0,1.0,1.0,660,5.0,171.283,171.354,170.978,171.085,9898.0,11.0,45.05,0.274,0.035,0.07,171.733,170.964,23.97,39.95,20.76,13.32,17.42,40.69,171.74,38.09,0.21,0,0,0,0,0,0,0,1,1
2024-07-24 11:00:00,0.30000000000000426,0.30000000000000426,0.006479481641468775,1.0,1.0,1.0,1.0,2.0,660,3.0,167.406,167.897,167.331,167.789,9824.0,11.0,28.78,0.342,-0.608,-0.523,169.786,167.368,23.34,17.45,42.72,10.98,26.23,22.82,170.444,38.86,0.261,1,0,0,0,0,0,0,0,1
2024-07-24 11:00:00,-0.3999999999999986,0.3999999999999986,-0.007504690431519674,1.0,-1.0,-1.0,2.0,2.0,660,3.0,167.406,167.897,167.331,167.789,9824.0,11.0,28.78,0.342,-0.608,-0.523,169.786,167.368,23.34,17.45,42.72,10.98,26.23,22.82,170.444,38.86,0.261,1,0,0,0,0,0,0,0,1
2024-07-24 11:00:00,0.30000000000000426,0.30000000000000426,0.005905511811023706,1.0,1.0,1.0,1.0,2.0,660,3.0,167.406,167.897,167.331,167.789,9824.0,11.0,28.78,0.342,-0.608,-0.523,169.786,167.368,23.34,17.45,42.72,10.98,26.23,22.82,170.444,38.86,0.261,1,0,0,0,0,0,0,0,1
2024-07-25 11:00:00,-0.19999999999999973,0.19999999999999973,-0.05882352941176463,1.0,-1.0,-1.0,2.0,1.0,660,4.0,165.113,165.68,164.824,165.627,16509.0,11.0,36.94,0.495,-0.665,-0.67,167.372,164.932,60.3,49.84,39.46,11.62,26.03,19.91,169.186,37.5,0.272,0,0,0,1,0,0,0,0,1
2024-07-25 11:00:00,0.20000000000000007,0.20000000000000007,0.10526315789473688,1.0,1.0,1.0,1.0,1.0,660,4.0,165.113,165.68,164.824,165.627,16509.0,11.0,36.94,0.495,-0.665,-0.67,167.372,164.932,60.3,49.84,39.46,11.62,26.03,19.91,169.186,37.5,0.272,0,0,0,1,0,0,0,0,1
2024-07-30 12:00:00,0.09999999999999998,0.09999999999999998,0.08333333333333331,1.0,1.0,1.0,1.0,2.0,720,2.0,167.463,167.87,167.462,167.681,9455.0,12.0,67.49,0.332,0.224,0.073,167.732,166.04,65.56,74.08,37.89,26.34,9.4,49.62,166.766,60.39,0.232,1,0,0,0,0,0,0,0,1
2024-07-30 12:00:00,0.5,0.5,0.0684931506849315,1.0,1.0,1.0,1.0,1.0,720,2.0,167.463,167.87,167.462,167.681,9455.0,12.0,67.49,0.332,0.224,0.073,167.732,166.04,65.56,74.08,37.89,26.34,9.4,49.62,166.766,60.39,0.232,0,0,0,0,0,1,0,0,1
2024-07-30 12:00:00,-3.200000000000001,3.200000000000001,-0.20779220779220786,1.0,-1.0,-1.0,2.0,3.0,720,2.0,167.463,167.87,167.462,167.681,9455.0,12.0,67.49,0.332,0.224,0.073,167.732,166.04,65.56,74.08,37.89,26.34,9.4,49.62,166.766,60.39,0.232,0,0,0,0,0,1,0,0,1
2024-07-30 12:00:00,0.19999999999999996,0.19999999999999996,0.14285714285714282,1.0,1.0,1.0,1.0,2.0,720,2.0,167.463,167.87,167.462,167.681,9455.0,12.0,67.49,0.332,0.224,0.073,167.732,166.04,65.56,74.08,37.89,26.34,9.4,49.62,166.766,60.39,0.232,1,0,0,0,0,0,0,0,1
2024-07-30 12:00:00,-3.500000000000001,3.500000000000001,-0.37634408602150543,1.0,-1.0,-1.0,2.0,1.0,720,2.0,167.463,167.87,167.462,167.681,9455.0,12.0,67.49,0.332,0.224,0.073,167.732,166.04,65.56,74.08,37.89,26.34,9.4,49.62,166.766,60.39,0.232,0,0,0,0,0,1,0,0,1
2024-07-30 12:00:00,-0.8000000000000007,0.8000000000000007,-0.074766355140187,1.0,-1.0,-1.0,2.0,1.0,720,2.0,167.463,167.87,167.462,167.681,9455.0,12.0,67.49,0.332,0.224,0.073,167.732,166.04,65.56,74.08,37.89,26.34,9.4,49.62,166.766,60.39,0.232,0,0,0,0,0,1,0,0,1
2024-07-30 12:00:00,0.5,0.5,0.005192107995846314,1.0,1.0,1.0,1.0,2.0,720,2.0,167.463,167.87,167.462,167.681,9455.0,12.0,67.49,0.332,0.224,0.073,167.732,166.04,65.56,74.08,37.89,26.34,9.4,49.62,166.766,60.39,0.232,0,0,0,0,0,1,0,0,1
2024-07-31 12:00:00,0.09999999999999998,0.09999999999999998,0.0769230769230769,1.0,1.0,1.0,1.0,1.0,720,3.0,163.327,163.364,162.775,162.823,13503.0,12.0,27.07,0.952,-0.771,-0.512,167.14,163.163,17.59,21.68,43.43,7.02,30.66,22.79,166.354,33.51,0.534,0,1,0,0,0,0,0,0,1
2024-07-31 12:00:00,0.4,0.4,0.28571428571428575,1.0,1.0,1.0,1.0,2.0,720,3.0,163.327,163.364,162.775,162.823,13503.0,12.0,27.07,0.952,-0.771,-0.512,167.14,163.163,17.59,21.68,43.43,7.02,30.66,22.79,166.354,33.51,0.534,0,1,0,0,0,0,0,0,1
2024-07-31 12:00:00,0.10000000000000009,0.10000000000000009,0.026315789473684237,1.0,1.0,1.0,1.0,2.0,720,3.0,163.327,163.364,162.775,162.823,13503.0,12.0,27.07,0.952,-0.771,-0.512,167.14,163.163,17.59,21.68,43.43,7.02,30.66,22.79,166.354,33.51,0.534,0,1,0,0,0,0,0,0,1
2024-07-31 12:00:00,0.10000000000000009,0.10000000000000009,0.0285714285714286,1.0,1.0,1.0,1.0,3.0,720,3.0,163.327,163.364,162.775,162.823,13503.0,12.0,27.07,0.952,-0.771,-0.512,167.14,163.163,17.59,21.68,43.43,7.02,30.66,22.79,166.354,33.51,0.534,0,1,0,0,0,0,0,0,1
2024-07-31 12:00:00,-0.1,0.1,-0.1,1.0,-1.0,-1.0,2.0,1.0,720,3.0,163.327,163.364,162.775,162.823,13503.0,12.0,27.07,0.952,-0.771,-0.512,167.14,163.163,17.59,21.68,43.43,7.02,30.66,22.79,166.354,33.51,0.534,0,1,0,0,0,0,0,0,1
2024-08-01 11:00:00,0.19999999999999574,0.19999999999999574,0.00429184549356214,1.0,1.0,1.0,1.0,2.0,660,4.0,161.86,161.901,161.177,161.437,19796.0,11.0,33.7,0.581,-0.628,-0.721,163.117,161.416,37.8,61.16,24.39,14.38,25.32,19.99,165.306,33.87,0.317,1,0,0,0,0,0,0,0,1
2024-08-01 12:00:00,0.09999999999999964,0.09999999999999964,0.013513513513513466,1.0,-1.0,-1.0,2.0,2.0,720,4.0,161.445,161.65,161.286,161.614,14771.0,12.0,36.49,0.54,-0.618,-0.699,163.116,161.333,21.95,41.41,24.82,12.46,21.95,35.59,165.114,40.16,0.332,0,0,1,0,0,0,0,0,1
2024-08-05 11:00:00,0.10000000000000142,0.10000000000000142,0.001956947162426642,1.0,1.0,1.0,1.0,2.0,660,1.0,157.074,157.179,155.659,155.94,22143.0,11.0,27.06,1.078,-1.266,-0.945,161.97,155.417,45.19,34.68,66.15,10.27,29.63,14.08,161.923,46.25,0.764,1,0,0,0,0,0,0,0,1
2024-08-05 11:30:00,-10.5,10.5,-2.3863636363636362,1.0,-1.0,-1.0,2.0,1.0,690,1.0,157.074,157.179,155.659,155.94,22143.0,11.0,27.06,1.078,-1.266,-0.945,161.97,155.417,45.19,34.68,66.15,10.27,29.63,14.08,161.923,46.25,0.764,0,0,0,0,0,1,0,0,1
2024-08-05 12:00:00,1.0,1.0,0.6666666666666666,1.0,1.0,1.0,1.0,1.0,720,1.0,155.937,156.117,155.211,155.821,22237.0,12.0,26.55,1.123,-1.304,-1.023,161.871,155.059,51.83,44.05,64.9,8.9,32.27,18.13,161.463,37.29,0.722,0,1,0,0,0,0,0,0,1
2024-08-05 12:00:00,0.5999999999999996,0.5999999999999996,0.12499999999999993,1.0,1.0,1.0,1.0,1.0,720,1.0,155.937,156.117,155.211,155.821,22237.0,12.0,26.55,1.123,-1.304,-1.023,161.871,155.059,51.83,44.05,64.9,8.9,32.27,18.13,161.463,37.29,0.722,0,1,0,0,0,0,0,0,1
2024-08-06 12:00:00,-0.3,0.3,-0.3,1.0,-1.0,-1.0,2.0,1.0,720,2.0,158.372,158.372,157.713,157.95,20745.0,12.0,45.41,0.932,0.174,0.232,160.083,156.715,14.46,33.9,34.14,18.65,21.24,35.04,159.928,35.34,0.539,0,0,0,0,0,0,1,0,1
2024-08-06 12:00:00,-0.3,0.3,-0.3,1.0,-1.0,-1.0,2.0,1.0,720,2.0,158.372,158.372,157.713,157.95,20745.0,12.0,45.41,0.932,0.174,0.232,160.083,156.715,14.46,33.9,34.14,18.65,21.24,35.04,159.928,35.34,0.539,0,0,0,0,0,0,1,0,1
2024-08-13 12:05:00,-23.200000000000003,23.200000000000003,-0.5510688836104514,1.0,-1.0,-1.0,2.0,2.0,725,2.0,161.49,161.536,161.26,161.493,9735.0,12.0,61.45,0.255,0.2,0.153,161.807,160.589,54.42,67.4,31.86,18.12,14.11,56.16,160.608,46.25,0.171,0,0,0,0,0,1,0,0,1
2024-08-14 12:00:00,-0.19999999999999996,0.19999999999999996,-0.09999999999999998,1.0,-1.0,-1.0,2.0,1.0,720,3.0,162.097,162.222,162.043,162.184,8715.0,12.0,65.47,0.36,0.223,0.122,162.23,160.751,87.97,91.12,29.76,29.37,10.36,63.37,161.003,66.46,0.188,0,0,1,0,0,0,0,0,1
2024-08-14 12:00:00,-0.1,0.1,-0.1,1.0,-1.0,-1.0,2.0,2.0,720,3.0,162.097,162.222,162.043,162.184,8715.0,12.0,65.47,0.36,0.223,0.122,162.23,160.751,87.97,91.12,29.76,29.37,10.36,63.37,161.003,66.46,0.188,1,0,0,0,0,0,0,0,1
2024-08-14 12:00:00,-0.19999999999999973,0.19999999999999973,-0.042553191489361646,1.0,-1.0,-1.0,2.0,1.0,720,3.0,162.097,162.222,162.043,162.184,8715.0,12.0,65.47,0.36,0.223,0.122,162.23,160.751,87.97,91.12,29.76,29.37,10.36,63.37,161.003,66.46,0.188,1,0,0,0,0,0,0,0,1
2024-08-16 12:00:00,0.6999999999999993,0.6999999999999993,0.03932584269662917,1.0,1.0,1.0,1.0,2.0,720,5.0,163.295,163.394,163.169,163.39,8213.0,12.0,54.04,0.248,0.212,0.307,163.859,163.346,41.0,58.44,22.3,10.15,18.61,52.21,162.127,34.21,0.137,0,0,0,0,0,0,0,1,1
2024-08-16 12:00:00,4.0,4.0,0.20725388601036268,1.0,1.0,1.0,1.0,2.0,720,5.0,163.295,163.394,163.169,163.39,8213.0,12.0,54.04,0.248,0.212,0.307,163.859,163.346,41.0,58.44,22.3,10.15,18.61,52.21,162.127,34.21,0.137,0,0,0,0,0,0,0,1,1
2024-08-20 11:00:00,14.200000000000003,14.200000000000003,0.3806970509383379,1.0,1.0,1.0,1.0,1.0,660,2.0,162.477,162.494,162.117,162.336,14435.0,11.0,48.15,0.399,0.129,0.12,163.146,161.773,43.31,67.53,24.0,20.97,17.94,51.22,162.538,41.62,0.239,0,0,0,0,0,0,0,1,1
2024-08-20 11:00:00,31.9,31.9,1.483720930232558,1.0,1.0,1.0,1.0,1.0,660,2.0,162.477,162.494,162.117,162.336,14435.0,11.0,48.15,0.399,0.129,0.12,163.146,161.773,43.31,67.53,24.0,20.97,17.94,51.22,162.538,41.62,0.239,0,0,0,0,0,0,0,1,1
2024-08-20 12:00:00,1.7,1.7,1.7,1.0,1.0,1.0,1.0,1.0,720,2.0,162.339,162.376,162.158,162.227,9789.0,12.0,46.35,0.406,0.092,0.125,163.086,161.886,23.14,46.35,21.83,18.17,15.55,50.2,162.535,39.95,0.238,1,0,0,0,0,0,0,0,1
2024-08-20 12:00:00,1.9,1.9,1.0,1.0,1.0,1.0,1.0,1.0,720,2.0,162.339,162.376,162.158,162.227,9789.0,12.0,46.35,0.406,0.092,0.125,163.086,161.886,23.14,46.35,21.83,18.17,15.55,50.2,162.535,39.95,0.238,1,0,0,0,0,0,0,0,1
2024-08-20 12:00:00,0.4,0.4,0.28571428571428575,1.0,1.0,1.0,1.0,1.0,720,2.0,162.339,162.376,162.158,162.227,9789.0,12.0,46.35,0.406,0.092,0.125,163.086,161.886,23.14,46.35,21.83,18.17,15.55,50.2,162.535,39.95,0.238,0,1,0,0,0,0,0,0,1
2024-08-20 12:00:00,0.3999999999999999,0.3999999999999999,0.1290322580645161,1.0,1.0,1.0,1.0,1.0,720,2.0,162.339,162.376,162.158,162.227,9789.0,12.0,46.35,0.406,0.092,0.125,163.086,161.886,23.14,46.35,21.83,18.17,15.55,50.2,162.535,39.95,0.238,0,1,0,0,0,0,0,0,1
2024-08-22 11:00:00,1.7999999999999972,1.7999999999999972,0.03428571428571423,1.0,1.0,1.0,1.0,2.0,660,4.0,161.769,162.349,161.769,162.275,11795.0,11.0,55.83,0.388,0.0,-0.026,162.266,161.523,65.53,52.3,14.9,15.16,17.95,52.37,162.112,56.45,0.218,1,0,0,0,0,0,0,0,1
2024-08-22 11:00:00,1.4000000000000057,1.4000000000000057,0.02755905511811035,1.0,1.0,1.0,1.0,2.0,660,4.0,161.769,162.349,161.769,162.275,11795.0,11.0,55.83,0.388,0.0,-0.026,162.266,161.523,65.53,52.3,14.9,15.16,17.95,52.37,162.112,56.45,0.218,1,0,0,0,0,0,0,0,1
2024-08-22 17:00:00,-0.9000000000000004,0.9000000000000004,-0.0666666666666667,1.0,-1.0,-1.0,2.0,1.0,1020,4.0,162.641,162.794,162.428,162.533,17573.0,17.0,58.07,0.416,0.159,0.061,162.758,161.447,69.88,80.07,24.65,18.2,7.61,55.15,162.114,56.26,0.226,0,0,0,0,0,1,0,0,1
2024-08-28 11:00:00,-0.20000000000000018,0.20000000000000018,-0.0571428571428572,1.0,-1.0,-1.0,2.0,1.0,660,3.0,161.277,161.315,160.786,160.82,7429.0,11.0,40.89,0.263,-0.072,-0.076,161.352,160.789,44.09,42.3,25.09,13.19,22.2,40.87,161.573,53.78,0.155,0,0,0,1,0,0,0,0,1
2024-08-28 11:00:00,0.09999999999999998,0.09999999999999998,0.07142857142857141,1.0,1.0,1.0,1.0,2.0,660,3.0,161.277,161.315,160.786,160.82,7429.0,11.0,40.89,0.263,-0.072,-0.076,161.352,160.789,44.09,42.3,25.09,13.19,22.2,40.87,161.573,53.78,0.155,0,0,0,1,0,0,0,0,1
2024-08-28 11:00:00,-0.4,0.4,-0.2,1.0,-1.0,-1.0,2.0,1.0,660,3.0,161.277,161.315,160.786,160.82,7429.0,11.0,40.89,0.263,-0.072,-0.076,161.352,160.789,44.09,42.3,25.09,13.19,22.2,40.87,161.573,53.78,0.155,0,0,0,1,0,0,0,0,1
2024-08-28 11:00:00,0.30000000000000004,0.30000000000000004,0.15000000000000002,1.0,1.0,1.0,1.0,1.0,660,3.0,161.277,161.315,160.786,160.82,7429.0,11.0,40.89,0.263,-0.072,-0.076,161.352,160.789,44.09,42.3,25.09,13.19,22.2,40.87,161.573,53.78,0.155,0,0,0,1,0,0,0,0,1
2024-08-29 12:00:00,0.10000000000000142,0.10000000000000142,0.00925925925925939,1.0,1.0,1.0,1.0,1.0,720,4.0,160.388,160.455,160.242,160.325,8950.0,12.0,37.59,0.321,-0.075,-0.039,161.188,160.366,30.89,34.82,18.46,15.96,20.11,49.18,161.106,34.22,0.23,0,0,0,0,0,1,0,0,1
2024-08-29 12:00:00,2.0,2.0,0.37735849056603776,1.0,1.0,1.0,1.0,1.0,720,4.0,160.388,160.455,160.242,160.325,8950.0,12.0,37.59,0.321,-0.075,-0.039,161.188,160.366,30.89,34.82,18.46,15.96,20.11,49.18,161.106,34.22,0.23,0,0,0,0,0,1,0,0,1
2024-08-29 12:00:00,1.0999999999999943,1.0999999999999943,0.011398963730569889,1.0,1.0,1.0,1.0,2.0,720,4.0,160.388,160.455,160.242,160.325,8950.0,12.0,37.59,0.321,-0.075,-0.039,161.188,160.366,30.89,34.82,18.46,15.96,20.11,49.18,161.106,34.22,0.23,0,0,0,0,0,1,0,0,1
2024-08-29 12:00:00,-0.09999999999999964,0.09999999999999964,-0.00694444444444442,1.0,-1.0,-1.0,2.0,1.0,720,4.0,160.388,160.455,160.242,160.325,8950.0,12.0,37.59,0.321,-0.075,-0.039,161.188,160.366,30.89,34.82,18.46,15.96,20.11,49.18,161.106,34.22,0.23,0,0,0,0,0,1,0,0,1
2024-08-29 12:00:00,-0.8999999999999986,0.8999999999999986,-0.06818181818181808,1.0,-1.0,-1.0,2.0,3.0,720,4.0,160.388,160.455,160.242,160.325,8950.0,12.0,37.59,0.321,-0.075,-0.039,161.188,160.366,30.89,34.82,18.46,15.96,20.11,49.18,161.106,34.22,0.23,0,0,0,0,0,1,0,0,1
2024-08-29 12:00:00,-0.40000000000000036,0.40000000000000036,-0.05333333333333338,1.0,-1.0,-1.0,2.0,1.0,720,4.0,160.388,160.455,160.242,160.325,8950.0,12.0,37.59,0.321,-0.075,-0.039,161.188,160.366,30.89,34.82,18.46,15.96,20.11,49.18,161.106,34.22,0.23,0,0,0,0,0,1,0,0,1
2024-08-29 12:00:00,-0.18,0.18,-0.125,1.0,-1.0,-1.0,2.0,1.0,720,4.0,160.388,160.455,160.242,160.325,8950.0,12.0,37.59,0.321,-0.075,-0.039,161.188,160.366,30.89,34.82,18.46,15.96,20.11,49.18,161.106,34.22,0.23,0,0,0,0,1,0,0,0,1
2024-08-30 12:00:00,0.09999999999999964,0.09999999999999964,0.02702702702702693,1.0,1.0,1.0,1.0,1.0,720,5.0,160.71,160.872,160.686,160.845,6710.0,12.0,58.06,0.216,-0.019,-0.09,160.896,160.207,75.45,73.59,30.96,25.01,9.55,52.3,160.987,62.18,0.131,0,1,0,0,0,0,0,0,1
2024-08-30 12:00:00,0.09999999999999998,0.09999999999999998,0.08333333333333331,1.0,1.0,1.0,1.0,1.0,720,5.0,160.71,160.872,160.686,160.845,6710.0,12.0,58.06,0.216,-0.019,-0.09,160.896,160.207,75.45,73.59,30.96,25.01,9.55,52.3,160.987,62.18,0.131,0,1,0,0,0,0,0,0,1
2024-08-30 12:00:00,-0.09999999999999964,0.09999999999999964,-0.013333333333333286,1.0,1.0,1.0,1.0,2.0,720,5.0,160.71,160.872,160.686,160.845,6710.0,12.0,58.06,0.216,-0.019,-0.09,160.896,160.207,75.45,73.59,30.96,25.01,9.55,52.3,160.987,62.18,0.131,0,0,1,0,0,0,0,0,1
2024-08-30 12:00:00,-0.09999999999999998,0.09999999999999998,-0.0769230769230769,1.0,-1.0,-1.0,2.0,2.0,720,5.0,160.71,160.872,160.686,160.845,6710.0,12.0,58.06,0.216,-0.019,-0.09,160.896,160.207,75.45,73.59,30.96,25.01,9.55,52.3,160.987,62.18,0.131,0,1,0,0,0,0,0,0,1
2024-08-30 12:00:00,-0.10000000000000009,0.10000000000000009,-0.025641025641025664,1.0,-1.0,-1.0,2.0,2.0,720,5.0,160.71,160.872,160.686,160.845,6710.0,12.0,58.06,0.216,-0.019,-0.09,160.896,160.207,75.45,73.59,30.96,25.01,9.55,52.3,160.987,62.18,0.131,0,1,0,0,0,0,0,0,1
2024-08-30 12:00:00,0.5,0.5,0.4166666666666667,1.0,1.0,1.0,1.0,1.0,720,5.0,160.71,160.872,160.686,160.845,6710.0,12.0,58.06,0.216,-0.019,-0.09,160.896,160.207,75.45,73.59,30.96,25.01,9.55,52.3,160.987,62.18,0.131,0,1,0,0,0,0,0,0,1
2024-08-30 12:00:00,-0.3999999999999999,0.3999999999999999,-0.11111111111111108,1.0,-1.0,-1.0,2.0,3.0,720,5.0,160.71,160.872,160.686,160.845,6710.0,12.0,58.06,0.216,-0.019,-0.09,160.896,160.207,75.45,73.59,30.96,25.01,9.55,52.3,160.987,62.18,0.131,0,1,0,0,0,0,0,0,1
2024-09-02 11:00:00,0.19999999999999574,0.19999999999999574,0.00429184549356214,1.0,1.0,1.0,1.0,2.0,660,1.0,162.094,162.635,162.092,162.357,10302.0,11.0,73.78,0.302,0.255,0.203,162.12,160.965,90.09,81.36,27.93,43.26,19.13,62.81,161.002,77.81,0.158,1,0,0,0,0,0,0,0,1
2024-09-04 11:00:00,-0.3999999999999986,0.3999999999999986,-0.007366482504604026,1.0,-1.0,-1.0,2.0,2.0,660,3.0,160.29,160.574,160.18,160.477,10165.0,11.0,40.49,0.354,-0.292,-0.31,161.071,160.213,33.35,29.36,58.73,10.31,26.73,40.43,161.294,46.04,0.215,1,0,0,0,0,0,0,0,1
2024-09-04 11:00:00,-0.20000000000000284,0.20000000000000284,-0.0038314176245211272,1.0,-1.0,-1.0,2.0,2.0,660,3.0,160.29,160.574,160.18,160.477,10165.0,11.0,40.49,0.354,-0.292,-0.31,161.071,160.213,33.35,29.36,58.73,10.31,26.73,40.43,161.294,46.04,0.215,1,0,0,0,0,0,0,0,1
2024-09-04 12:00:00,0.5,0.5,0.3846153846153846,1.0,1.0,1.0,1.0,1.0,720,3.0,160.478,160.598,160.365,160.393,8035.0,12.0,38.83,0.353,-0.282,-0.301,161.07,160.186,51.37,35.86,56.02,10.31,23.16,39.07,161.26,48.63,0.207,0,1,0,0,0,0,0,0,1
2024-09-04 12:00:00,-0.40000000000000013,0.40000000000000013,-0.1481481481481482,1.0,-1.0,-1.0,2.0,1.0,720,3.0,160.478,160.598,160.365,160.393,8035.0,12.0,38.83,0.353,-0.282,-0.301,161.07,160.186,51.37,35.86,56.02,10.31,23.16,39.07,161.26,48.63,0.207,0,1,0,0,0,0,0,0,1
2024-09-05 12:00:00,0.4,0.4,0.26666666666666666,1.0,1.0,1.0,1.0,1.0,720,4.0,159.356,159.402,159.127,159.325,9039.0,12.0,44.86,0.346,-0.296,-0.381,159.852,158.71,83.87,62.79,52.57,14.73,25.17,29.47,160.898,56.7,0.2,0,0,0,0,0,0,1,0,1
2024-09-05 12:00:00,0.1,0.1,0.1,1.0,1.0,1.0,1.0,1.0,720,4.0,159.356,159.402,159.127,159.325,9039.0,12.0,44.86,0.346,-0.296,-0.381,159.852,158.71,83.87,62.79,52.57,14.73,25.17,29.47,160.898,56.7,0.2,0,0,0,0,0,0,1,0,1
2024-09-09 11:30:00,-8.3,8.3,-1.0246913580246915,1.0,-1.0,-1.0,2.0,1.0,690,1.0,158.318,158.495,158.164,158.402,11040.0,11.0,51.85,0.309,-0.091,-0.19,158.799,157.342,61.97,53.52,21.71,22.28,14.33,39.01,159.349,55.19,0.178,0,0,0,0,0,1,0,0,1
2024-09-13 12:00:00,1.4,1.4,0.30434782608695654,1.0,1.0,1.0,1.0,1.0,720,5.0,156.074,156.131,155.792,155.926,13354.0,12.0,32.29,0.335,-0.235,-0.155,157.611,155.779,35.36,43.46,45.18,10.2,24.71,37.94,157.02,40.77,0.234,1,0,0,0,0,0,0,0,1
2024-09-13 12:00:00,-0.4,0.4,-0.36363636363636365,1.0,-1.0,-1.0,2.0,2.0,720,5.0,156.074,156.131,155.792,155.926,13354.0,12.0,32.29,0.335,-0.235,-0.155,157.611,155.779,35.36,43.46,45.18,10.2,24.71,37.94,157.02,40.77,0.234,1,0,0,0,0,0,0,0,1
2024-09-16 12:00:00,0.20000000000000018,0.20000000000000018,0.0363636363636364,1.0,1.0,1.0,1.0,1.0,720,1.0,155.549,155.977,155.538,155.916,10612.0,12.0,49.66,0.303,-0.189,-0.199,156.306,155.388,70.15,51.45,33.78,20.31,19.66,40.67,156.479,55.58,0.181,0,0,0,0,1,0,0,0,1
2024-09-16 12:00:00,-0.8999999999999986,0.8999999999999986,-0.051724137931034406,1.0,-1.0,-1.0,2.0,2.0,720,1.0,155.549,155.977,155.538,155.916,10612.0,12.0,49.66,0.303,-0.189,-0.199,156.306,155.388,70.15,51.45,33.78,20.31,19.66,40.67,156.479,55.58,0.181,0,0,0,0,0,0,0,1,1
2024-09-16 12:00:00,2.099999999999998,2.099999999999998,0.10447761194029839,1.0,1.0,1.0,1.0,2.0,720,1.0,155.549,155.977,155.538,155.916,10612.0,12.0,49.66,0.303,-0.189,-0.199,156.306,155.388,70.15,51.45,33.78,20.31,19.66,40.67,156.479,55.58,0.181,0,0,0,0,0,0,0,1,1
2024-09-16 12:00:00,-0.40000000000000036,0.40000000000000036,-0.06779661016949158,1.0,-1.0,-1.0,2.0,2.0,720,1.0,155.549,155.977,155.538,155.916,10612.0,12.0,49.66,0.303,-0.189,-0.199,156.306,155.388,70.15,51.45,33.78,20.31,19.66,40.67,156.479,55.58,0.181,0,0,1,0,0,0,0,0,1
2024-09-17 12:05:00,1.8000000000000007,1.8000000000000007,0.21176470588235302,1.0,1.0,1.0,1.0,2.0,725,2.0,156.659,156.659,156.477,156.642,10400.0,12.0,58.44,0.273,0.121,0.12,156.761,156.266,88.95,84.44,14.91,18.78,15.16,52.41,156.465,52.25,0.197,0,0,0,0,0,1,0,0,1
2024-09-18 12:00:00,-0.1,0.1,-0.08333333333333334,1.0,-1.0,-1.0,2.0,2.0,720,3.0,157.713,157.857,157.637,157.766,9462.0,12.0,58.82,0.298,0.187,0.227,158.259,157.123,78.01,75.9,26.44,19.76,17.62,59.26,156.67,55.57,0.186,0,1,0,0,0,0,0,0,1
2024-09-18 12:00:00,0.2,0.2,0.16666666666666669,1.0,1.0,1.0,1.0,1.0,720,3.0,157.713,157.857,157.637,157.766,9462.0,12.0,58.82,0.298,0.187,0.227,158.259,157.123,78.01,75.9,26.44,19.76,17.62,59.26,156.67,55.57,0.186,1,0,0,0,0,0,0,0,1
2024-09-18 12:00:00,-2.5,2.5,-1.923076923076923,1.0,-1.0,-1.0,2.0,1.0,720,3.0,157.713,157.857,157.637,157.766,9462.0,12.0,58.82,0.298,0.187,0.227,158.259,157.123,78.01,75.9,26.44,19.76,17.62,59.26,156.67,55.57,0.186,1,0,0,0,0,0,0,0,1
2024-09-18 12:00:00,-0.5,0.5,-0.3125,1.0,-1.0,-1.0,2.0,1.0,720,3.0,157.713,157.857,157.637,157.766,9462.0,12.0,58.82,0.298,0.187,0.227,158.259,157.123,78.01,75.9,26.44,19.76,17.62,59.26,156.67,55.57,0.186,0,1,0,0,0,0,0,0,1
2024-09-18 12:00:00,-1.2999999999999998,1.2999999999999998,-0.3023255813953488,1.0,-1.0,-1.0,2.0,1.0,720,3.0,157.713,157.857,157.637,157.766,9462.0,12.0,58.82,0.298,0.187,0.227,158.259,157.123,78.01,75.9,26.44,19.76,17.62,59.26,156.67,55.57,0.186,0,1,0,0,0,0,0,0,1
2024-09-19 11:00:00,6.700000000000003,6.700000000000003,0.15839243498817976,1.0,1.0,1.0,1.0,1.0,660,4.0,158.842,159.47,158.796,159.397,13574.0,11.0,65.18,0.494,0.388,0.376,159.643,157.227,57.47,39.91,18.57,27.18,18.8,71.11,157.098,61.27,0.272,0,0,0,0,0,0,0,1,1
2024-09-19 11:00:00,-3.5,3.5,-0.07936507936507936,1.0,-1.0,-1.0,2.0,1.0,660,4.0,158.842,159.47,158.796,159.397,13574.0,11.0,65.18,0.494,0.388,0.376,159.643,157.227,57.47,39.91,18.57,27.18,18.8,71.11,157.098,61.27,0.272,0,0,0,0,0,0,0,1,1
2024-09-20 17:00:00,-0.3000000000000007,0.3000000000000007,-0.022058823529411818,1.0,-1.0,-1.0,2.0,1.0,1020,5.0,160.72,160.946,160.606,160.941,19079.0,17.0,68.28,0.513,0.508,0.36,161.404,158.106,57.81,69.0,26.68,30.96,18.94,70.45,158.368,59.56,0.221,0,0,0,0,0,1,0,0,1
2024-09-23 11:00:00,-0.5,0.5,-0.010799136069114472,1.0,-1.0,-1.0,2.0,2.0,660,1.0,159.475,159.499,159.041,159.268,17230.0,11.0,31.12,0.34,0.042,0.288,161.565,159.72,8.29,15.86,29.25,11.15,44.26,51.88,159.016,11.2,0.231,1,0,0,0,0,0,0,0,1
2024-09-23 11:00:00,-2.8999999999999986,2.8999999999999986,-0.05330882352941174,1.0,-1.0,-1.0,2.0,2.0,660,1.0,159.475,159.499,159.041,159.268,17230.0,11.0,31.12,0.34,0.042,0.288,161.565,159.72,8.29,15.86,29.25,11.15,44.26,51.88,159.016,11.2,0.231,1,0,0,0,0,0,0,0,1
2024-09-23 11:00:00,-3.0,3.0,-0.05671077504725898,1.0,-1.0,-1.0,2.0,2.0,660,1.0,159.475,159.499,159.041,159.268,17230.0,11.0,31.12,0.34,0.042,0.288,161.565,159.72,8.29,15.86,29.25,11.15,44.26,51.88,159.016,11.2,0.231,1,0,0,0,0,0,0,0,1
2024-09-26 11:00:00,0.3999999999999999,0.3999999999999999,0.11428571428571425,1.0,1.0,1.0,1.0,1.0,660,4.0,161.478,161.674,161.115,161.357,15573.0,11.0,57.42,0.27,0.181,0.17,161.578,160.798,52.9,63.55,19.06,24.44,19.43,62.23,160.46,58.47,0.19,0,0,0,1,0,0,0,0,1
2024-09-26 11:00:00,0.30000000000000004,0.30000000000000004,0.13043478260869568,1.0,1.0,1.0,1.0,1.0,660,4.0,161.478,161.674,161.115,161.357,15573.0,11.0,57.42,0.27,0.181,0.17,161.578,160.798,52.9,63.55,19.06,24.44,19.43,62.23,160.46,58.47,0.19,0,0,0,1,0,0,0,0,1
2024-09-27 12:00:00,-0.8000000000000007,0.8000000000000007,-0.07207207207207214,1.0,-1.0,-1.0,2.0,1.0,720,5.0,159.51,159.923,159.425,159.729,14013.0,12.0,35.42,0.69,-0.31,0.126,163.723,159.416,12.29,12.74,28.47,28.52,20.32,42.48,160.729,31.21,0.621,0,0,0,0,0,1,0,0,1
2024-09-27 12:00:00,2.0,2.0,0.3508771929824561,1.0,1.0,1.0,1.0,1.0,720,5.0,159.51,159.923,159.425,159.729,14013.0,12.0,35.42,0.69,-0.31,0.126,163.723,159.416,12.29,12.74,28.47,28.52,20.32,42.48,160.729,31.21,0.621,0,0,0,0,0,1,0,0,1
2024-09-27 12:00:00,-0.7000000000000028,0.7000000000000028,-0.007150153217568976,1.0,-1.0,-1.0,2.0,2.0,720,5.0,159.51,159.923,159.425,159.729,14013.0,12.0,35.42,0.69,-0.31,0.126,163.723,159.416,12.29,12.74,28.47,28.52,20.32,42.48,160.729,31.21,0.621,0,0,0,0,0,1,0,0,1
2024-09-27 12:00:00,-1.0,1.0,-0.07751937984496124,1.0,-1.0,-1.0,2.0,3.0,720,5.0,159.51,159.923,159.425,159.729,14013.0,12.0,35.42,0.69,-0.31,0.126,163.723,159.416,12.29,12.74,28.47,28.52,20.32,42.48,160.729,31.21,0.621,0,0,0,0,0,1,0,0,1
2024-09-27 12:00:00,-0.2999999999999998,0.2999999999999998,-0.03999999999999997,1.0,-1.0,-1.0,2.0,1.0,720,5.0,159.51,159.923,159.425,159.729,14013.0,12.0,35.42,0.69,-0.31,0.126,163.723,159.416,12.29,12.74,28.47,28.52,20.32,42.48,160.729,31.21,0.621,0,0,0,0,0,1,0,0,1
2024-09-27 12:00:00,-0.09999999999999998,0.09999999999999998,-0.060240963855421666,1.0,-1.0,-1.0,2.0,1.0,720,5.0,159.51,159.923,159.425,159.729,14013.0,12.0,35.42,0.69,-0.31,0.126,163.723,159.416,12.29,12.74,28.47,28.52,20.32,42.48,160.729,31.21,0.621,0,0,0,0,1,0,0,0,1
2024-10-01 11:00:00,0.20000000000000284,0.20000000000000284,0.004366812227074298,1.0,1.0,1.0,1.0,2.0,660,2.0,160.243,160.283,159.516,159.694,16423.0,11.0,43.99,0.352,0.19,0.215,160.847,159.302,35.53,58.53,23.36,19.73,25.63,47.09,160.487,30.35,0.249,1,0,0,0,0,0,0,0,1
2024-10-01 12:00:00,-0.09999999999999964,0.09999999999999964,-0.02631578947368412,1.0,-1.0,-1.0,2.0,1.0,720,2.0,159.656,159.806,159.387,159.471,12264.0,12.0,40.71,0.366,0.116,0.213,160.867,159.244,14.11,36.52,23.07,17.1,26.31,45.62,160.403,34.82,0.279,0,1,0,0,0,0,0,0,1
2024-10-01 12:00:00,-0.4,0.4,-0.26666666666666666,1.0,-1.0,-1.0,2.0,1.0,720,2.0,159.656,159.806,159.387,159.471,12264.0,12.0,40.71,0.366,0.116,0.213,160.867,159.244,14.11,36.52,23.07,17.1,26.31,45.62,160.403,34.82,0.279,0,1,0,0,0,0,0,0,1
2024-10-01 12:00:00,-0.19999999999999996,0.19999999999999996,-0.06666666666666665,1.0,-1.0,-1.0,2.0,3.0,720,2.0,159.656,159.806,159.387,159.471,12264.0,12.0,40.71,0.366,0.116,0.213,160.867,159.244,14.11,36.52,23.07,17.1,26.31,45.62,160.403,34.82,0.279,0,1,0,0,0,0,0,0,1
2024-10-01 12:00:00,-0.09999999999999964,0.09999999999999964,-0.02631578947368412,1.0,-1.0,-1.0,2.0,2.0,720,2.0,159.656,159.806,159.387,159.471,12264.0,12.0,40.71,0.366,0.116,0.213,160.867,159.244,14.11,36.52,23.07,17.1,26.31,45.62,160.403,34.82,0.279,0,1,0,0,0,0,0,0,1
2024-10-01 12:00:00,-0.30000000000000004,0.30000000000000004,-0.25000000000000006,1.0,-1.0,-1.0,2.0,2.0,720,2.0,159.656,159.806,159.387,159.471,12264.0,12.0,40.71,0.366,0.116,0.213,160.867,159.244,14.11,36.52,23.07,17.1,26.31,45.62,160.403,34.82,0.279,0,1,0,0,0,0,0,0,1
2024-10-01 12:00:00,-0.7000000000000001,0.7000000000000001,-0.3888888888888889,1.0,-1.0,-1.0,2.0,1.0,720,2.0,159.656,159.806,159.387,159.471,12264.0,12.0,40.71,0.366,0.116,0.213,160.867,159.244,14.11,36.52,23.07,17.1,26.31,45.62,160.403,34.82,0.279,0,1,0,0,0,0,0,0,1
2024-10-03 11:00:00,0.8999999999999986,0.8999999999999986,0.01747572815533978,1.0,1.0,1.0,1.0,2.0,660,4.0,161.584,162.1,161.471,161.973,14122.0,11.0,62.09,0.404,0.445,0.567,162.331,161.122,56.67,36.46,33.84,14.18,17.33,62.02,160.001,46.9,0.207,1,0,0,0,0,0,0,0,1
2024-10-03 11:00:00,0.7000000000000028,0.7000000000000028,0.014028056112224506,1.0,1.0,1.0,1.0,2.0,660,4.0,161.584,162.1,161.471,161.973,14122.0,11.0,62.09,0.404,0.445,0.567,162.331,161.122,56.67,36.46,33.84,14.18,17.33,62.02,160.001,46.9,0.207,1,0,0,0,0,0,0,0,1
2024-10-03 12:00:00,-0.20000000000000007,0.20000000000000007,-0.11111111111111115,1.0,-1.0,-1.0,2.0,1.0,720,4.0,161.971,162.356,161.959,162.14,11079.0,12.0,64.22,0.405,0.442,0.543,162.329,161.232,62.94,49.41,31.51,20.89,15.02,61.53,160.097,60.31,0.218,0,1,0,0,0,0,0,0,1
2024-10-03 12:00:00,-1.9999999999999998,1.9999999999999998,-1.5384615384615383,1.0,-1.0,-1.0,2.0,1.0,720,4.0,161.971,162.356,161.959,162.14,11079.0,12.0,64.22,0.405,0.442,0.543,162.329,161.232,62.94,49.41,31.51,20.89,15.02,61.53,160.097,60.31,0.218,0,1,0,0,0,0,0,0,1
2024-10-07 11:30:00,-9.600000000000001,9.600000000000001,-1.8461538461538463,1.0,-1.0,-1.0,2.0,1.0,690,1.0,162.652,162.793,162.514,162.702,14388.0,11.0,51.29,0.284,0.16,0.276,163.435,162.569,37.19,34.81,22.26,10.88,21.4,60.53,161.371,41.32,0.166,0,0,0,0,0,1,0,0,1
2024-10-07 12:00:00,0.2,0.2,0.2,1.0,1.0,1.0,1.0,1.0,720,1.0,162.7,162.785,162.394,162.562,12724.0,12.0,47.59,0.305,0.127,0.246,163.457,162.518,35.73,34.81,24.79,9.43,22.64,59.89,161.504,48.17,0.179,0,0,0,0,0,0,1,0,1
2024-10-07 12:00:00,0.4,0.4,0.28571428571428575,1.0,1.0,1.0,1.0,1.0,720,1.0,162.7,162.785,162.394,162.562,12724.0,12.0,47.59,0.305,0.127,0.246,163.457,162.518,35.73,34.81,24.79,9.43,22.64,59.89,161.504,48.17,0.179,0,0,0,0,0,0,1,0,1
2024-10-15 12:00:00,1.5,1.5,1.1538461538461537,1.0,1.0,1.0,1.0,2.0,720,2.0,162.701,162.776,162.367,162.512,8161.0,12.0,25.63,0.215,-0.143,-0.045,163.734,162.545,29.79,26.08,37.83,11.35,30.63,44.52,162.992,38.6,0.16,1,0,0,0,0,0,0,0,1
2024-10-15 12:00:00,0.2,0.2,0.18181818181818182,1.0,1.0,1.0,1.0,1.0,720,2.0,162.701,162.776,162.367,162.512,8161.0,12.0,25.63,0.215,-0.143,-0.045,163.734,162.545,29.79,26.08,37.83,11.35,30.63,44.52,162.992,38.6,0.16,1,0,0,0,0,0,0,0,1
2024-10-15 12:05:00,-1.1999999999999993,1.1999999999999993,-0.05381165919282508,1.0,-1.0,-1.0,2.0,2.0,725,2.0,162.701,162.776,162.367,162.512,8161.0,12.0,25.63,0.215,-0.143,-0.045,163.734,162.545,29.79,26.08,37.83,11.35,30.63,44.52,162.992,38.6,0.16,0,0,0,0,0,1,0,0,1
2024-10-17 12:00:00,-0.1,0.1,-0.09090909090909091,1.0,-1.0,-1.0,2.0,1.0,720,4.0,162.587,162.591,162.436,162.486,5861.0,12.0,49.49,0.184,-0.042,-0.074,162.819,162.165,83.11,81.0,34.38,13.65,19.75,44.01,162.828,55.62,0.107,0,1,0,0,0,0,0,0,1
2024-10-17 12:00:00,0.5,0.5,0.23809523809523808,1.0,1.0,1.0,1.0,1.0,720,4.0,162.587,162.591,162.436,162.486,5861.0,12.0,49.49,0.184,-0.042,-0.074,162.819,162.165,83.11,81.0,34.38,13.65,19.75,44.01,162.828,55.62,0.107,0,1,0,0,0,0,0,0,1
2024-10-17 12:00:00,-0.5,0.5,-0.35714285714285715,1.0,-1.0,-1.0,2.0,1.0,720,4.0,162.587,162.591,162.436,162.486,5861.0,12.0,49.49,0.184,-0.042,-0.074,162.819,162.165,83.11,81.0,34.38,13.65,19.75,44.01,162.828,55.62,0.107,0,1,0,0,0,0,0,0,1
2024-10-17 12:00:00,-0.10000000000000009,0.10000000000000009,-0.03571428571428575,1.0,-1.0,-1.0,2.0,3.0,720,4.0,162.587,162.591,162.436,162.486,5861.0,12.0,49.49,0.184,-0.042,-0.074,162.819,162.165,83.11,81.0,34.38,13.65,19.75,44.01,162.828,55.62,0.107,0,1,0,0,0,0,0,0,1
2024-10-17 12:00:00,-1.6999999999999993,1.6999999999999993,-0.12408759124087587,1.0,-1.0,-1.0,2.0,2.0,720,4.0,162.587,162.591,162.436,162.486,5861.0,12.0,49.49,0.184,-0.042,-0.074,162.819,162.165,83.11,81.0,34.38,13.65,19.75,44.01,162.828,55.62,0.107,0,0,0,0,0,0,0,1,1
2024-10-17 12:00:00,-12.000000000000002,12.000000000000002,-0.6818181818181819,1.0,-1.0,-1.0,2.0,2.0,720,4.0,162.587,162.591,162.436,162.486,5861.0,12.0,49.49,0.184,-0.042,-0.074,162.819,162.165,83.11,81.0,34.38,13.65,19.75,44.01,162.828,55.62,0.107,0,0,0,0,0,0,0,1,1
2024-10-18 11:00:00,-10.100000000000001,10.100000000000001,-0.2370892018779343,1.0,-1.0,-1.0,2.0,1.0,660,5.0,162.715,162.806,162.416,162.48,7014.0,11.0,46.8,0.198,0.01,0.01,162.787,162.346,61.25,67.52,13.95,17.93,17.43,45.18,162.714,60.21,0.129,0,0,0,0,0,0,0,1,1
2024-10-18 11:00:00,9.100000000000001,9.100000000000001,0.3357933579335794,1.0,1.0,1.0,1.0,1.0,660,5.0,162.715,162.806,162.416,162.48,7014.0,11.0,46.8,0.198,0.01,0.01,162.787,162.346,61.25,67.52,13.95,17.93,17.43,45.18,162.714,60.21,0.129,0,0,0,0,0,0,0,1,1
2024-10-18 12:00:00,-0.1,0.1,-0.08333333333333334,1.0,-1.0,-1.0,2.0,1.0,720,5.0,162.48,162.583,162.35,162.58,6705.0,12.0,51.32,0.207,0.011,0.009,162.753,162.412,53.41,63.44,13.39,15.54,18.88,52.62,162.688,48.57,0.142,1,0,0,0,0,0,0,0,1
2024-10-18 12:00:00,-1.1,1.1,-0.45833333333333337,1.0,-1.0,-1.0,2.0,1.0,720,5.0,162.48,162.583,162.35,162.58,6705.0,12.0,51.32,0.207,0.011,0.009,162.753,162.412,53.41,63.44,13.39,15.54,18.88,52.62,162.688,48.57,0.142,1,0,0,0,0,0,0,0,1
2024-10-23 17:00:00,-0.09999999999999964,0.09999999999999964,-0.007462686567164152,1.0,-1.0,-1.0,2.0,1.0,1020,3.0,164.933,165.018,164.759,164.878,12462.0,17.0,78.38,0.298,0.445,0.384,165.385,162.751,85.54,87.28,65.63,26.67,2.74,70.75,163.112,61.53,0.145,0,0,0,0,0,1,0,0,1
2024-10-24 11:00:00,2.6000000000000014,2.6000000000000014,0.054054054054054085,1.0,1.0,1.0,1.0,2.0,660,4.0,164.23,164.422,164.067,164.213,13586.0,11.0,46.12,0.254,0.023,0.133,165.002,164.078,41.98,32.48,37.96,6.85,25.05,60.44,163.434,54.07,0.181,1,0,0,0,0,0,0,0,1
2024-10-24 11:00:00,0.8999999999999986,0.8999999999999986,0.019565217391304318,1.0,1.0,1.0,1.0,2.0,660,4.0,164.23,164.422,164.067,164.213,13586.0,11.0,46.12,0.254,0.023,0.133,165.002,164.078,41.98,32.48,37.96,6.85,25.05,60.44,163.434,54.07,0.181,1,0,0,0,0,0,0,0,1
2024-10-24 11:00:00,1.5,1.5,0.029585798816568046,1.0,1.0,1.0,1.0,2.0,660,4.0,164.23,164.422,164.067,164.213,13586.0,11.0,46.12,0.254,0.023,0.133,165.002,164.078,41.98,32.48,37.96,6.85,25.05,60.44,163.434,54.07,0.181,1,0,0,0,0,0,0,0,1
2024-10-25 11:00:00,0.10000000000000009,0.10000000000000009,0.040000000000000036,1.0,1.0,1.0,1.0,1.0,660,5.0,164.468,164.758,164.439,164.482,9447.0,11.0,56.52,0.228,0.028,0.016,164.578,163.99,73.52,60.51,17.21,28.61,17.59,60.61,163.888,63.08,0.149,0,0,0,1,0,0,0,0,1
2024-10-25 11:00:00,0.40000000000000036,0.40000000000000036,0.10526315789473695,1.0,1.0,1.0,1.0,1.0,660,5.0,164.468,164.758,164.439,164.482,9447.0,11.0,56.52,0.228,0.028,0.016,164.578,163.99,73.52,60.51,17.21,28.61,17.59,60.61,163.888,63.08,0.149,0,0,0,1,0,0,0,0,1
2024-10-25 11:00:00,0.20000000000000007,0.20000000000000007,0.10526315789473688,1.0,1.0,1.0,1.0,1.0,660,5.0,164.468,164.758,164.439,164.482,9447.0,11.0,56.52,0.228,0.028,0.016,164.578,163.99,73.52,60.51,17.21,28.61,17.59,60.61,163.888,63.08,0.149,0,0,0,1,0,0,0,0,1
2024-10-30 13:00:00,-2.8000000000000007,2.8000000000000007,-0.25000000000000006,1.0,-1.0,-1.0,2.0,1.0,780,3.0,165.648,165.705,165.501,165.647,7832.0,13.0,46.55,0.255,0.016,0.052,165.99,165.638,28.46,30.61,14.78,9.26,17.11,60.9,165.294,39.27,0.192,0,0,0,0,0,1,0,0,1
2024-10-30 13:00:00,1.7999999999999998,1.7999999999999998,0.2857142857142857,1.0,1.0,1.0,1.0,1.0,780,3.0,165.648,165.705,165.501,165.647,7832.0,13.0,46.55,0.255,0.016,0.052,165.99,165.638,28.46,30.61,14.78,9.26,17.11,60.9,165.294,39.27,0.192,0,0,0,0,0,1,0,0,1
2024-10-30 13:00:00,-1.6000000000000085,1.6000000000000085,-0.016293279022403344,1.0,-1.0,-1.0,2.0,2.0,780,3.0,165.648,165.705,165.501,165.647,7832.0,13.0,46.55,0.255,0.016,0.052,165.99,165.638,28.46,30.61,14.78,9.26,17.11,60.9,165.294,39.27,0.192,0,0,0,0,0,1,0,0,1
2024-10-30 13:00:00,1.6000000000000014,1.6000000000000014,0.12598425196850405,1.0,1.0,1.0,1.0,3.0,780,3.0,165.648,165.705,165.501,165.647,7832.0,13.0,46.55,0.255,0.016,0.052,165.99,165.638,28.46,30.61,14.78,9.26,17.11,60.9,165.294,39.27,0.192,0,0,0,0,0,1,0,0,1
2024-10-30 13:00:00,0.2999999999999998,0.2999999999999998,0.041666666666666644,1.0,1.0,1.0,1.0,1.0,780,3.0,165.648,165.705,165.501,165.647,7832.0,13.0,46.55,0.255,0.016,0.052,165.99,165.638,28.46,30.61,14.78,9.26,17.11,60.9,165.294,39.27,0.192,0,0,0,0,0,1,0,0,1
2024-10-30 13:00:00,-0.27,0.27,-0.15976331360946747,1.0,-1.0,-1.0,2.0,1.0,780,3.0,165.648,165.705,165.501,165.647,7832.0,13.0,46.55,0.255,0.016,0.052,165.99,165.638,28.46,30.61,14.78,9.26,17.11,60.9,165.294,39.27,0.192,0,0,0,0,1,0,0,0,1
2024-10-30 13:00:00,0.4,0.4,0.4,1.0,1.0,1.0,1.0,2.0,780,3.0,165.648,165.705,165.501,165.647,7832.0,13.0,46.55,0.255,0.016,0.052,165.99,165.638,28.46,30.61,14.78,9.26,17.11,60.9,165.294,39.27,0.192,1,0,0,0,0,0,0,0,1
2024-10-30 13:00:00,0.4,0.4,0.26666666666666666,1.0,1.0,1.0,1.0,2.0,780,3.0,165.648,165.705,165.501,165.647,7832.0,13.0,46.55,0.255,0.016,0.052,165.99,165.638,28.46,30.61,14.78,9.26,17.11,60.9,165.294,39.27,0.192,1,0,0,0,0,0,0,0,1
2024-10-31 13:00:00,0.30000000000000004,0.30000000000000004,0.27272727272727276,1.0,1.0,1.0,1.0,1.0,780,4.0,165.688,166.089,165.688,165.982,9326.0,13.0,50.8,0.403,-0.098,-0.028,167.001,165.233,78.7,62.04,28.81,22.08,16.46,58.75,165.732,56.07,0.236,0,1,0,0,0,0,0,0,1
2024-10-31 13:00:00,-0.10000000000000053,0.10000000000000053,-0.013513513513513585,1.0,1.0,1.0,1.0,2.0,780,4.0,165.688,166.089,165.688,165.982,9326.0,13.0,50.8,0.403,-0.098,-0.028,167.001,165.233,78.7,62.04,28.81,22.08,16.46,58.75,165.732,56.07,0.236,0,0,1,0,0,0,0,0,1
2024-10-31 13:00:00,0.19999999999999996,0.19999999999999996,0.07142857142857141,1.0,1.0,1.0,1.0,3.0,780,4.0,165.688,166.089,165.688,165.982,9326.0,13.0,50.8,0.403,-0.098,-0.028,167.001,165.233,78.7,62.04,28.81,22.08,16.46,58.75,165.732,56.07,0.236,0,1,0,0,0,0,0,0,1
2024-10-31 13:00:00,0.5,0.5,0.4166666666666667,1.0,1.0,1.0,1.0,2.0,780,4.0,165.688,166.089,165.688,165.982,9326.0,13.0,50.8,0.403,-0.098,-0.028,167.001,165.233,78.7,62.04,28.81,22.08,16.46,58.75,165.732,56.07,0.236,0,1,0,0,0,0,0,0,1
2024-10-31 13:00:00,0.30000000000000004,0.30000000000000004,0.27272727272727276,1.0,1.0,1.0,1.0,1.0,780,4.0,165.688,166.089,165.688,165.982,9326.0,13.0,50.8,0.403,-0.098,-0.028,167.001,165.233,78.7,62.04,28.81,22.08,16.46,58.75,165.732,56.07,0.236,0,1,0,0,0,0,0,0,1
2024-11-04 12:00:00,0.10000000000000142,0.10000000000000142,0.0021321961620469386,1.0,1.0,1.0,1.0,2.0,720,1.0,165.494,165.623,165.403,165.496,8388.0,12.0,45.6,0.244,-0.046,-0.062,166.033,165.24,33.45,56.9,20.68,17.97,15.91,50.28,165.783,51.67,0.151,1,0,0,0,0,0,0,0,1
2024-11-04 12:30:00,-7.4,7.4,-1.15625,1.0,-1.0,-1.0,2.0,1.0,750,1.0,165.494,165.623,165.403,165.496,8388.0,12.0,45.6,0.244,-0.046,-0.062,166.033,165.24,33.45,56.9,20.68,17.97,15.91,50.28,165.783,51.67,0.151,0,0,0,0,0,1,0,0,1
2024-11-06 12:00:00,0.3999999999999986,0.3999999999999986,0.007662835249042118,1.0,1.0,1.0,1.0,2.0,720,3.0,165.624,165.729,165.438,165.488,15081.0,12.0,47.11,0.422,-0.047,-0.042,165.964,165.238,70.2,57.34,14.45,12.52,13.78,43.18,165.588,49.9,0.247,1,0,0,0,0,0,0,0,1
2024-11-06 12:00:00,0.29999999999999716,0.29999999999999716,0.005917159763313553,1.0,1.0,1.0,1.0,2.0,720,3.0,165.624,165.729,165.438,165.488,15081.0,12.0,47.11,0.422,-0.047,-0.042,165.964,165.238,70.2,57.34,14.45,12.52,13.78,43.18,165.588,49.9,0.247,1,0,0,0,0,0,0,0,1
2024-11-06 13:00:00,-1.2999999999999998,1.2999999999999998,-0.7647058823529411,1.0,-1.0,-1.0,2.0,1.0,780,3.0,165.488,165.516,165.023,165.136,17717.0,13.0,39.38,0.444,-0.076,-0.052,165.978,165.162,45.12,58.17,17.35,10.85,23.16,43.18,165.588,41.36,0.22,0,1,0,0,0,0,0,0,1
2024-11-06 13:00:00,-0.7999999999999998,0.7999999999999998,-0.22222222222222215,1.0,-1.0,-1.0,2.0,1.0,780,3.0,165.488,165.516,165.023,165.136,17717.0,13.0,39.38,0.444,-0.076,-0.052,165.978,165.162,45.12,58.17,17.35,10.85,23.16,43.18,165.588,41.36,0.22,0,1,0,0,0,0,0,0,1
2024-11-07 13:00:00,0.5,0.5,0.5,1.0,1.0,1.0,1.0,1.0,780,4.0,165.66,165.798,165.585,165.764,6506.0,13.0,52.72,0.292,0.007,0.009,166.06,165.389,45.38,48.85,14.23,17.53,15.93,51.1,165.605,52.93,0.149,0,0,0,0,0,0,1,0,1
2024-11-07 13:00:00,1.7,1.7,0.7727272727272726,1.0,1.0,1.0,1.0,1.0,780,4.0,165.66,165.798,165.585,165.764,6506.0,13.0,52.72,0.292,0.007,0.009,166.06,165.389,45.38,48.85,14.23,17.53,15.93,51.1,165.605,52.93,0.149,0,0,0,0,0,0,1,0,1
2024-11-12 13:05:00,-18.8,18.8,-0.5820433436532508,1.0,-1.0,-1.0,2.0,2.0,785,2.0,163.569,163.723,163.511,163.604,6380.0,13.0,44.11,0.229,-0.112,-0.135,163.997,163.38,70.43,79.22,22.72,16.08,16.4,43.76,164.548,48.38,0.148,0,0,0,0,0,1,0,0,1
2024-11-14 13:00:00,-3.7,3.7,-1.3703703703703702,1.0,-1.0,-1.0,2.0,2.0,780,4.0,164.027,164.243,163.803,164.164,11069.0,13.0,44.81,0.242,-0.012,0.047,164.678,163.986,26.77,21.14,24.63,9.62,29.43,48.08,164.109,25.5,0.151,1,0,0,0,0,0,0,0,1
2024-11-14 13:00:00,-5.4,5.4,-1.5,1.0,-1.0,-1.0,2.0,1.0,780,4.0,164.027,164.243,163.803,164.164,11069.0,13.0,44.81,0.242,-0.012,0.047,164.678,163.986,26.77,21.14,24.63,9.62,29.43,48.08,164.109,25.5,0.151,1,0,0,0,0,0,0,0,1
2024-11-14 13:00:00,0.09999999999999998,0.09999999999999998,0.05263157894736841,1.0,1.0,1.0,1.0,1.0,780,4.0,164.027,164.243,163.803,164.164,11069.0,13.0,44.81,0.242,-0.012,0.047,164.678,163.986,26.77,21.14,24.63,9.62,29.43,48.08,164.109,25.5,0.151,0,0,1,0,0,0,0,0,1
2024-11-18 13:00:00,1.8000000000000007,1.8000000000000007,0.1538461538461539,1.0,1.0,1.0,1.0,2.0,780,1.0,163.492,163.541,163.303,163.465,9749.0,13.0,52.69,0.381,-0.111,-0.269,163.62,162.283,89.58,91.34,23.11,22.79,17.1,46.61,164.064,54.41,0.178,0,0,0,0,0,0,0,1,1
2024-11-18 13:00:00,2.5999999999999996,2.5999999999999996,0.21666666666666665,1.0,1.0,1.0,1.0,2.0,780,1.0,163.492,163.541,163.303,163.465,9749.0,13.0,52.69,0.381,-0.111,-0.269,163.62,162.283,89.58,91.34,23.11,22.79,17.1,46.61,164.064,54.41,0.178,0,0,0,0,0,0,0,1,1
2024-11-19 12:00:00,-4.100000000000001,4.100000000000001,-0.09738717339667462,1.0,-1.0,-1.0,2.0,1.0,720,2.0,162.208,162.5,161.967,162.407,17333.0,12.0,32.66,0.456,-0.227,-0.059,164.465,162.456,35.63,40.32,23.49,12.2,21.46,34.87,163.766,35.42,0.43,0,0,0,0,0,0,0,1,1
2024-11-19 12:00:00,14.200000000000003,14.200000000000003,0.37075718015665804,1.0,1.0,1.0,1.0,1.0,720,2.0,162.208,162.5,161.967,162.407,17333.0,12.0,32.66,0.456,-0.227,-0.059,164.465,162.456,35.63,40.32,23.49,12.2,21.46,34.87,163.766,35.42,0.43,0,0,0,0,0,0,0,1,1
2024-11-19 13:00:00,0.6,0.6,0.4615384615384615,1.0,1.0,1.0,1.0,1.0,780,2.0,162.406,162.811,162.191,162.738,12350.0,13.0,40.24,0.484,-0.238,-0.087,164.436,162.371,43.46,38.19,20.86,17.26,18.6,34.87,163.766,42.17,0.446,0,1,0,0,0,0,0,0,1
2024-11-19 13:00:00,0.5999999999999999,0.5999999999999999,0.26086956521739124,1.0,1.0,1.0,1.0,1.0,780,2.0,162.406,162.811,162.191,162.738,12350.0,13.0,40.24,0.484,-0.238,-0.087,164.436,162.371,43.46,38.19,20.86,17.26,18.6,34.87,163.766,42.17,0.446,0,1,0,0,0,0,0,0,1
2024-11-19 13:00:00,0.09999999999999998,0.09999999999999998,0.08333333333333331,1.0,1.0,1.0,1.0,1.0,780,2.0,162.406,162.811,162.191,162.738,12350.0,13.0,40.24,0.484,-0.238,-0.087,164.436,162.371,43.46,38.19,20.86,17.26,18.6,34.87,163.766,42.17,0.446,0,1,0,0,0,0,0,0,1
2024-11-20 13:00:00,-0.1,0.1,-0.1,1.0,-1.0,-1.0,2.0,1.0,780,3.0,164.299,164.488,164.273,164.476,8801.0,13.0,62.65,0.255,0.284,0.276,164.76,163.423,31.62,42.06,45.44,21.19,10.24,56.81,163.708,48.76,0.14,1,0,0,0,0,0,0,0,1
2024-11-20 13:00:00,0.7999999999999998,0.7999999999999998,0.23529411764705876,1.0,1.0,1.0,1.0,1.0,780,3.0,164.299,164.488,164.273,164.476,8801.0,13.0,62.65,0.255,0.284,0.276,164.76,163.423,31.62,42.06,45.44,21.19,10.24,56.81,163.708,48.76,0.14,1,0,0,0,0,0,0,0,1
2024-11-21 18:00:00,-1.0999999999999996,1.0999999999999996,-0.08088235294117645,1.0,-1.0,-1.0,2.0,1.0,1080,4.0,162.198,162.312,161.869,161.986,15891.0,18.0,22.45,0.423,-0.421,-0.327,164.238,161.844,24.6,36.37,22.8,11.76,26.33,35.67,163.362,39.94,0.237,0,0,0,0,0,1,0,0,1
2024-11-22 12:00:00,-2.0999999999999943,2.0999999999999943,-0.040152963671128,1.0,-1.0,-1.0,2.0,2.0,720,5.0,160.706,161.085,160.396,160.958,15060.0,12.0,32.27,0.466,-0.402,-0.375,162.512,160.972,30.22,38.68,30.76,16.31,27.13,31.51,162.999,34.73,0.417,1,0,0,0,0,0,0,0,1
2024-11-22 12:00:00,-4.299999999999997,4.299999999999997,-0.08052434456928834,1.0,-1.0,-1.0,2.0,2.0,720,5.0,160.706,161.085,160.396,160.958,15060.0,12.0,32.27,0.466,-0.402,-0.375,162.512,160.972,30.22,38.68,30.76,16.31,27.13,31.51,162.999,34.73,0.417,1,0,0,0,0,0,0,0,1
2024-11-28 12:00:00,-0.20000000000000018,0.20000000000000018,-0.04347826086956526,1.0,-1.0,-1.0,2.0,1.0,720,4.0,159.967,160.218,159.931,160.212,9260.0,12.0,57.56,0.284,0.026,-0.035,160.281,159.307,70.27,68.0,29.26,20.51,9.69,37.44,160.683,56.94,0.171,0,0,0,1,0,0,0,0,1
2024-11-28 12:00:00,-0.09999999999999998,0.09999999999999998,-0.05263157894736841,1.0,-1.0,-1.0,2.0,2.0,720,4.0,159.967,160.218,159.931,160.212,9260.0,12.0,57.56,0.284,0.026,-0.035,160.281,159.307,70.27,68.0,29.26,20.51,9.69,37.44,160.683,56.94,0.171,0,0,0,1,0,0,0,0,1
2024-11-28 12:00:00,0.19999999999999996,0.19999999999999996,0.09999999999999998,1.0,1.0,1.0,1.0,1.0,720,4.0,159.967,160.218,159.931,160.212,9260.0,12.0,57.56,0.284,0.026,-0.035,160.281,159.307,70.27,68.0,29.26,20.51,9.69,37.44,160.683,56.94,0.171,0,0,0,1,0,0,0,0,1
2024-11-28 13:00:00,0.08999999999999997,0.08999999999999997,0.04838709677419353,1.0,1.0,1.0,1.0,1.0,780,4.0,160.213,160.337,160.139,160.18,7545.0,13.0,56.59,0.29,0.043,-0.018,160.331,159.303,68.62,68.21,32.14,25.79,8.39,37.44,160.683,64.26,0.162,0,0,0,0,1,0,0,0,1
2024-11-28 13:00:00,0.6999999999999993,0.6999999999999993,0.09459459459459449,1.0,1.0,1.0,1.0,1.0,780,4.0,160.213,160.337,160.139,160.18,7545.0,13.0,56.59,0.29,0.043,-0.018,160.331,159.303,68.62,68.21,32.14,25.79,8.39,37.44,160.683,64.26,0.162,0,0,0,0,0,1,0,0,1
2024-11-28 13:00:00,5.6,5.6,0.42748091603053434,1.0,1.0,1.0,1.0,3.0,780,4.0,160.213,160.337,160.139,160.18,7545.0,13.0,56.59,0.29,0.043,-0.018,160.331,159.303,68.62,68.21,32.14,25.79,8.39,37.44,160.683,64.26,0.162,0,0,0,0,0,1,0,0,1
2024-11-28 13:00:00,1.0,1.0,0.07633587786259542,1.0,1.0,1.0,1.0,1.0,780,4.0,160.213,160.337,160.139,160.18,7545.0,13.0,56.59,0.29,0.043,-0.018,160.331,159.303,68.62,68.21,32.14,25.79,8.39,37.44,160.683,64.26,0.162,0,0,0,0,0,1,0,0,1
2024-11-28 13:00:00,-1.7000000000000002,1.7000000000000002,-0.21250000000000002,1.0,-1.0,-1.0,2.0,1.0,780,4.0,160.213,160.337,160.139,160.18,7545.0,13.0,56.59,0.29,0.043,-0.018,160.331,159.303,68.62,68.21,32.14,25.79,8.39,37.44,160.683,64.26,0.162,0,0,0,0,0,1,0,0,1
2024-11-28 13:00:00,-0.7000000000000028,0.7000000000000028,-0.007179487179487209,1.0,-1.0,-1.0,2.0,2.0,780,4.0,160.213,160.337,160.139,160.18,7545.0,13.0,56.59,0.29,0.043,-0.018,160.331,159.303,68.62,68.21,32.14,25.79,8.39,37.44,160.683,64.26,0.162,0,0,0,0,0,1,0,0,1
2024-11-29 13:00:00,-0.8,0.8,-0.6666666666666667,1.0,-1.0,-1.0,2.0,1.0,780,5.0,158.426,158.538,158.213,158.477,11191.0,13.0,32.49,0.408,-0.359,-0.338,160.369,157.879,35.84,49.51,47.01,8.24,29.82,31.61,160.034,34.46,0.215,0,1,0,0,0,0,0,0,1
2024-11-29 13:00:00,-0.4,0.4,-0.36363636363636365,1.0,-1.0,-1.0,2.0,2.0,780,5.0,158.426,158.538,158.213,158.477,11191.0,13.0,32.49,0.408,-0.359,-0.338,160.369,157.879,35.84,49.51,47.01,8.24,29.82,31.61,160.034,34.46,0.215,0,1,0,0,0,0,0,0,1
2024-11-29 13:00:00,0.3999999999999999,0.3999999999999999,0.1379310344827586,1.0,1.0,1.0,1.0,3.0,780,5.0,158.426,158.538,158.213,158.477,11191.0,13.0,32.49,0.408,-0.359,-0.338,160.369,157.879,35.84,49.51,47.01,8.24,29.82,31.61,160.034,34.46,0.215,0,1,0,0,0,0,0,0,1
2024-11-29 13:00:00,-0.8,0.8,-0.5714285714285715,1.0,-1.0,-1.0,2.0,1.0,780,5.0,158.426,158.538,158.213,158.477,11191.0,13.0,32.49,0.408,-0.359,-0.338,160.369,157.879,35.84,49.51,47.01,8.24,29.82,31.61,160.034,34.46,0.215,0,1,0,0,0,0,0,0,1
2024-11-29 13:00:00,0.09999999999999964,0.09999999999999964,0.02702702702702693,1.0,1.0,1.0,1.0,1.0,780,5.0,158.426,158.538,158.213,158.477,11191.0,13.0,32.49,0.408,-0.359,-0.338,160.369,157.879,35.84,49.51,47.01,8.24,29.82,31.61,160.034,34.46,0.215,0,1,0,0,0,0,0,0,1
2024-12-02 13:00:00,-0.10000000000000053,0.10000000000000053,-0.013513513513513585,1.0,1.0,1.0,1.0,2.0,780,1.0,158.004,158.137,157.931,157.996,10505.0,13.0,41.1,0.327,-0.205,-0.185,158.719,157.742,45.73,35.9,13.41,13.54,14.12,29.95,159.225,48.66,0.207,0,0,1,0,0,0,0,0,1
2024-12-04 12:00:00,0.19999999999999574,0.19999999999999574,0.0040733197556007275,1.0,1.0,1.0,1.0,2.0,720,3.0,158.2,158.44,158.171,158.4,11952.0,12.0,68.18,0.309,0.223,0.086,158.324,156.541,77.43,78.84,45.38,35.06,6.68,51.02,157.991,68.7,0.203,1,0,0,0,0,0,0,0,1
2024-12-04 12:00:00,0.29999999999999716,0.29999999999999716,0.005976095617529823,1.0,1.0,1.0,1.0,2.0,720,3.0,158.2,158.44,158.171,158.4,11952.0,12.0,68.18,0.309,0.223,0.086,158.324,156.541,77.43,78.84,45.38,35.06,6.68,51.02,157.991,68.7,0.203,1,0,0,0,0,0,0,0,1
2024-12-04 13:00:00,-0.40000000000000036,0.40000000000000036,-0.10526315789473695,1.0,-1.0,-1.0,2.0,1.0,780,3.0,158.4,158.624,158.371,158.503,10360.0,13.0,69.55,0.314,0.264,0.119,158.48,156.549,90.49,82.02,49.3,40.08,5.79,51.02,157.991,69.8,0.194,0,1,0,0,0,0,0,0,1
2024-12-04 13:00:00,0.9,0.9,0.6,1.0,1.0,1.0,1.0,1.0,780,3.0,158.4,158.624,158.371,158.503,10360.0,13.0,69.55,0.314,0.264,0.119,158.48,156.549,90.49,82.02,49.3,40.08,5.79,51.02,157.991,69.8,0.194,0,1,0,0,0,0,0,0,1
2024-12-05 13:00:00,-0.8,0.8,-0.6153846153846154,1.0,-1.0,-1.0,2.0,1.0,780,4.0,158.012,158.225,157.987,158.213,8598.0,13.0,54.24,0.301,0.045,0.058,158.45,157.77,80.15,78.41,19.21,19.13,13.56,59.35,157.838,50.42,0.14,0,0,0,0,0,0,1,0,1
2024-12-05 13:00:00,-0.8000000000000003,0.8000000000000003,-0.21621621621621628,1.0,-1.0,-1.0,2.0,1.0,780,4.0,158.012,158.225,157.987,158.213,8598.0,13.0,54.24,0.301,0.045,0.058,158.45,157.77,80.15,78.41,19.21,19.13,13.56,59.35,157.838,50.42,0.14,0,0,0,0,0,0,1,0,1
2024-12-09 12:30:00,-4.199999999999999,4.199999999999999,-0.29370629370629364,1.0,-1.0,-1.0,2.0,1.0,750,1.0,158.924,159.234,158.916,159.188,10162.0,12.0,66.55,0.269,0.073,-0.076,159.044,157.731,93.62,95.4,28.44,36.67,12.98,59.72,158.343,77.16,0.171,0,0,0,0,0,1,0,0,1
2024-12-13 13:00:00,0.1,0.1,0.09090909090909091,1.0,1.0,1.0,1.0,2.0,780,5.0,160.939,161.185,160.934,161.132,8117.0,13.0,70.03,0.307,0.221,0.058,160.893,159.24,92.66,88.65,27.42,31.78,9.97,65.09,159.949,79.08,0.174,1,0,0,0,0,0,0,0,1
2024-12-13 13:00:00,1.5999999999999999,1.5999999999999999,0.42105263157894735,1.0,1.0,1.0,1.0,1.0,780,5.0,160.939,161.185,160.934,161.132,8117.0,13.0,70.03,0.307,0.221,0.058,160.893,159.24,92.66,88.65,27.42,31.78,9.97,65.09,159.949,79.08,0.174,1,0,0,0,0,0,0,0,1
2024-12-16 12:00:00,-0.19999999999999574,0.19999999999999574,-0.004310344827586115,1.0,-1.0,-1.0,2.0,2.0,720,1.0,161.573,161.621,161.306,161.354,7637.0,12.0,53.18,0.285,0.223,0.313,161.876,161.052,55.18,42.53,29.17,10.08,26.78,67.96,160.441,45.13,0.184,1,0,0,0,0,0,0,0,1
2024-12-16 12:00:00,1.1999999999999957,1.1999999999999957,0.023437499999999917,1.0,1.0,1.0,1.0,2.0,720,1.0,161.573,161.621,161.306,161.354,7637.0,12.0,53.18,0.285,0.223,0.313,161.876,161.052,55.18,42.53,29.17,10.08,26.78,67.96,160.441,45.13,0.184,1,0,0,0,0,0,0,0,1
2024-12-16 12:00:00,0.6000000000000014,0.6000000000000014,0.012024048096192414,1.0,1.0,1.0,1.0,2.0,720,1.0,161.573,161.621,161.306,161.354,7637.0,12.0,53.18,0.285,0.223,0.313,161.876,161.052,55.18,42.53,29.17,10.08,26.78,67.96,160.441,45.13,0.184,1,0,0,0,0,0,0,0,1
2024-12-16 13:00:00,-0.10000000000000053,0.10000000000000053,-0.0175438596491229,1.0,-1.0,-1.0,2.0,1.0,780,1.0,161.355,161.425,161.208,161.346,6524.0,13.0,52.95,0.29,0.197,0.293,161.867,161.077,46.67,49.37,32.47,8.74,29.23,67.96,160.441,41.27,0.17,0,0,0,0,1,0,0,0,1
2024-12-16 13:00:00,-0.39999999999999947,0.39999999999999947,-0.06896551724137923,1.0,-1.0,-1.0,2.0,2.0,780,1.0,161.355,161.425,161.208,161.346,6524.0,13.0,52.95,0.29,0.197,0.293,161.867,161.077,46.67,49.37,32.47,8.74,29.23,67.96,160.441,41.27,0.17,0,0,1,0,0,0,0,0,1
2024-12-17 13:00:00,-7.300000000000001,7.300000000000001,-0.5069444444444445,1.0,-1.0,-1.0,2.0,2.0,780,2.0,161.351,161.53,161.15,161.477,9256.0,13.0,43.38,0.284,-0.039,0.086,162.424,161.316,28.16,20.17,27.88,13.91,24.47,58.16,160.897,33.73,0.155,0,0,0,0,0,0,0,1,1
2024-12-17 13:00:00,-11.3,11.3,-0.5916230366492147,1.0,-1.0,-1.0,2.0,2.0,780,2.0,161.351,161.53,161.15,161.477,9256.0,13.0,43.38,0.284,-0.039,0.086,162.424,161.316,28.16,20.17,27.88,13.91,24.47,58.16,160.897,33.73,0.155,0,0,0,0,0,0,0,1,1
2024-12-17 13:05:00,32.9,32.9,1.9467455621301777,1.0,1.0,1.0,1.0,2.0,785,2.0,161.351,161.53,161.15,161.477,9256.0,13.0,43.38,0.284,-0.039,0.086,162.424,161.316,28.16,20.17,27.88,13.91,24.47,58.16,160.897,33.73,0.155,0,0,0,0,0,1,0,0,1
2024-12-18 13:00:00,-0.09999999999999964,0.09999999999999964,-0.030303030303030196,1.0,-1.0,-1.0,2.0,3.0,780,3.0,161.231,161.356,161.204,161.293,6507.0,13.0,50.53,0.215,-0.052,-0.08,161.47,160.821,60.57,52.08,13.84,19.9,15.4,55.56,161.207,55.13,0.123,0,1,0,0,0,0,0,0,1
2024-12-18 13:00:00,1.4,1.4,1.0,1.0,1.0,1.0,1.0,1.0,780,3.0,161.231,161.356,161.204,161.293,6507.0,13.0,50.53,0.215,-0.052,-0.08,161.47,160.821,60.57,52.08,13.84,19.9,15.4,55.56,161.207,55.13,0.123,1,0,0,0,0,0,0,0,1
2024-12-18 13:00:00,2.0,2.0,0.7142857142857143,1.0,1.0,1.0,1.0,1.0,780,3.0,161.231,161.356,161.204,161.293,6507.0,13.0,50.53,0.215,-0.052,-0.08,161.47,160.821,60.57,52.08,13.84,19.9,15.4,55.56,161.207,55.13,0.123,1,0,0,0,0,0,0,0,1
2024-12-18 13:00:00,0.10000000000000003,0.10000000000000003,0.07142857142857145,1.0,1.0,1.0,1.0,1.0,780,3.0,161.231,161.356,161.204,161.293,6507.0,13.0,50.53,0.215,-0.052,-0.08,161.47,160.821,60.57,52.08,13.84,19.9,15.4,55.56,161.207,55.13,0.123,0,1,0,0,0,0,0,0,1
2024-12-18 13:00:00,0.30000000000000004,0.30000000000000004,0.10714285714285716,1.0,1.0,1.0,1.0,1.0,780,3.0,161.231,161.356,161.204,161.293,6507.0,13.0,50.53,0.215,-0.052,-0.08,161.47,160.821,60.57,52.08,13.84,19.9,15.4,55.56,161.207,55.13,0.123,0,1,0,0,0,0,0,0,1
2024-12-18 13:00:00,-0.09999999999999964,0.09999999999999964,-0.02631578947368412,1.0,-1.0,-1.0,2.0,1.0,780,3.0,161.231,161.356,161.204,161.293,6507.0,13.0,50.53,0.215,-0.052,-0.08,161.47,160.821,60.57,52.08,13.84,19.9,15.4,55.56,161.207,55.13,0.123,0,1,0,0,0,0,0,0,1
2024-12-19 12:00:00,-16.599999999999998,16.599999999999998,-0.38248847926267276,1.0,-1.0,-1.0,2.0,1.0,720,4.0,163.517,163.551,163.235,163.313,11441.0,12.0,75.16,0.514,0.508,0.099,163.444,159.24,92.65,92.8,39.41,39.13,9.7,65.41,161.549,72.14,0.369,0,0,0,0,0,0,0,1,1
2024-12-19 12:00:00,-6.100000000000001,6.100000000000001,-0.15601023017902815,1.0,-1.0,-1.0,2.0,1.0,720,4.0,163.517,163.551,163.235,163.313,11441.0,12.0,75.16,0.514,0.508,0.099,163.444,159.24,92.65,92.8,39.41,39.13,9.7,65.41,161.549,72.14,0.369,0,0,0,0,0,0,0,1,1
2024-12-20 18:00:00,-0.9000000000000004,0.9000000000000004,-0.06164383561643838,1.0,-1.0,-1.0,2.0,1.0,1080,5.0,162.715,162.948,162.7,162.79,16113.0,18.0,50.06,0.338,0.046,0.101,163.354,162.499,46.19,50.57,11.62,13.81,15.94,58.99,161.924,51.2,0.194,0,0,0,0,0,1,0,0,1
2025-01-02 12:00:00,0.09999999999999964,0.09999999999999964,0.021276595744680774,1.0,1.0,1.0,1.0,1.0,720,4.0,162.305,162.554,162.023,162.11,11190.0,12.0,33.19,0.357,-0.219,-0.124,163.392,162.188,33.45,30.41,43.53,5.63,31.63,31.76,163.666,47.44,0.215,0,0,0,1,0,0,0,0,1
2025-01-02 12:00:00,-0.19999999999999996,0.19999999999999996,-0.09090909090909088,1.0,-1.0,-1.0,2.0,1.0,720,4.0,162.305,162.554,162.023,162.11,11190.0,12.0,33.19,0.357,-0.219,-0.124,163.392,162.188,33.45,30.41,43.53,5.63,31.63,31.76,163.666,47.44,0.215,0,0,0,1,0,0,0,0,1
2025-01-02 12:00:00,-0.10000000000000009,0.10000000000000009,-0.03846153846153849,1.0,-1.0,-1.0,2.0,1.0,720,4.0,162.305,162.554,162.023,162.11,11190.0,12.0,33.19,0.357,-0.219,-0.124,163.392,162.188,33.45,30.41,43.53,5.63,31.63,31.76,163.666,47.44,0.215,0,0,0,1,0,0,0,0,1
2025-01-02 12:00:00,-0.10000000000000142,0.10000000000000142,-0.0021645021645021953,1.0,-1.0,-1.0,2.0,2.0,720,4.0,162.305,162.554,162.023,162.11,11190.0,12.0,33.19,0.357,-0.219,-0.124,163.392,162.188,33.45,30.41,43.53,5.63,31.63,31.76,163.666,47.44,0.215,1,0,0,0,0,0,0,0,1
2025-01-06 12:00:00,0.20000000000000284,0.20000000000000284,0.0038167938931298255,1.0,1.0,1.0,1.0,2.0,720,1.0,163.351,163.385,163.171,163.194,8372.0,12.0,72.79,0.245,0.32,0.229,163.371,161.5,81.14,83.26,51.06,37.23,8.72,56.81,162.5,64.25,0.176,1,0,0,0,0,0,0,0,1
2025-01-06 12:00:00,0.10000000000000142,0.10000000000000142,0.0019801980198020084,1.0,1.0,1.0,1.0,2.0,720,1.0,163.351,163.385,163.171,163.194,8372.0,12.0,72.79,0.245,0.32,0.229,163.371,161.5,81.14,83.26,51.06,37.23,8.72,56.81,162.5,64.25,0.176,1,0,0,0,0,0,0,0,1
2025-01-06 12:30:00,16.799999999999997,16.799999999999997,1.6470588235294117,1.0,1.0,1.0,1.0,1.0,750,1.0,163.351,163.385,163.171,163.194,8372.0,12.0,72.79,0.245,0.32,0.229,163.371,161.5,81.14,83.26,51.06,37.23,8.72,56.81,162.5,64.25,0.176,0,0,0,0,0,1,0,0,1
2025-01-07 13:00:00,0.9,0.9,0.6428571428571429,1.0,1.0,1.0,1.0,1.0,780,2.0,164.495,164.504,164.128,164.23,8076.0,13.0,61.69,0.273,0.324,0.37,164.592,163.448,77.48,71.26,24.91,23.24,16.84,60.09,162.732,59.76,0.171,0,1,0,0,0,0,0,0,1
2025-01-07 13:00:00,0.6000000000000001,0.6000000000000001,0.5000000000000001,1.0,1.0,1.0,1.0,2.0,780,2.0,164.495,164.504,164.128,164.23,8076.0,13.0,61.69,0.273,0.324,0.37,164.592,163.448,77.48,71.26,24.91,23.24,16.84,60.09,162.732,59.76,0.171,0,1,0,0,0,0,0,0,1
2025-01-07 13:00:00,-0.10000000000000053,0.10000000000000053,-0.013513513513513585,1.0,1.0,1.0,1.0,2.0,780,2.0,164.495,164.504,164.128,164.23,8076.0,13.0,61.69,0.273,0.324,0.37,164.592,163.448,77.48,71.26,24.91,23.24,16.84,60.09,162.732,59.76,0.171,0,0,1,0,0,0,0,0,1
2025-01-07 13:00:00,0.4,0.4,0.4,1.0,1.0,1.0,1.0,1.0,780,2.0,164.495,164.504,164.128,164.23,8076.0,13.0,61.69,0.273,0.324,0.37,164.592,163.448,77.48,71.26,24.91,23.24,16.84,60.09,162.732,59.76,0.171,0,1,0,0,0,0,0,0,1
2025-01-08 13:00:00,-2.5999999999999996,2.5999999999999996,-0.20799999999999996,1.0,-1.0,-1.0,2.0,1.0,780,3.0,163.373,163.392,162.872,163.082,15429.0,13.0,36.33,0.238,-0.114,-0.05,163.868,163.114,27.54,19.7,28.7,11.04,27.92,46.91,162.929,43.81,0.138,0,0,0,0,0,1,0,0,1
2025-01-08 13:00:00,-0.5999999999999996,0.5999999999999996,-0.07999999999999995,1.0,-1.0,-1.0,2.0,1.0,780,3.0,163.373,163.392,162.872,163.082,15429.0,13.0,36.33,0.238,-0.114,-0.05,163.868,163.114,27.54,19.7,28.7,11.04,27.92,46.91,162.929,43.81,0.138,0,0,0,0,0,1,0,0,1
2025-01-08 13:00:00,-2.3999999999999915,2.3999999999999915,-0.02471678681771361,1.0,-1.0,-1.0,2.0,2.0,780,3.0,163.373,163.392,162.872,163.082,15429.0,13.0,36.33,0.238,-0.114,-0.05,163.868,163.114,27.54,19.7,28.7,11.04,27.92,46.91,162.929,43.81,0.138,0,0,0,0,0,1,0,0,1
2025-01-08 13:00:00,5.300000000000001,5.300000000000001,0.3173652694610779,1.0,1.0,1.0,1.0,3.0,780,3.0,163.373,163.392,162.872,163.082,15429.0,13.0,36.33,0.238,-0.114,-0.05,163.868,163.114,27.54,19.7,28.7,11.04,27.92,46.91,162.929,43.81,0.138,0,0,0,0,0,1,0,0,1
2025-01-08 13:00:00,0.7999999999999998,0.7999999999999998,0.10256410256410255,1.0,1.0,1.0,1.0,1.0,780,3.0,163.373,163.392,162.872,163.082,15429.0,13.0,36.33,0.238,-0.114,-0.05,163.868,163.114,27.54,19.7,28.7,11.04,27.92,46.91,162.929,43.81,0.138,0,0,0,0,0,1,0,0,1
2025-01-08 13:00:00,-0.040000000000000036,0.040000000000000036,-0.021390374331550818,1.0,-1.0,-1.0,2.0,1.0,780,3.0,163.373,163.392,162.872,163.082,15429.0,13.0,36.33,0.238,-0.114,-0.05,163.868,163.114,27.54,19.7,28.7,11.04,27.92,46.91,162.929,43.81,0.138,0,0,0,0,1,0,0,0,1
2025-01-08 13:00:00,2.2,2.2,1.375,1.0,1.0,1.0,1.0,1.0,780,3.0,163.373,163.392,162.872,163.082,15429.0,13.0,36.33,0.238,-0.114,-0.05,163.868,163.114,27.54,19.7,28.7,11.04,27.92,46.91,162.929,43.81,0.138,0,1,0,0,0,0,0,0,1
2025-01-08 13:00:00,2.0999999999999996,2.0999999999999996,0.48837209302325574,1.0,1.0,1.0,1.0,1.0,780,3.0,163.373,163.392,162.872,163.082,15429.0,13.0,36.33,0.238,-0.114,-0.05,163.868,163.114,27.54,19.7,28.7,11.04,27.92,46.91,162.929,43.81,0.138,0,1,0,0,0,0,0,0,1
2025-01-09 13:00:00,0.2,0.2,0.18181818181818182,1.0,1.0,1.0,1.0,1.0,780,4.0,162.786,162.805,162.575,162.665,8505.0,13.0,34.68,0.232,-0.159,-0.14,163.54,162.621,31.71,48.34,33.0,11.14,33.55,40.56,163.26,35.8,0.153,0,0,0,0,0,0,1,0,1
2025-01-09 13:00:00,-0.30000000000000004,0.30000000000000004,-0.12000000000000002,1.0,-1.0,-1.0,2.0,1.0,780,4.0,162.786,162.805,162.575,162.665,8505.0,13.0,34.68,0.232,-0.159,-0.14,163.54,162.621,31.71,48.34,33.0,11.14,33.55,40.56,163.26,35.8,0.153,0,0,0,0,0,0,1,0,1
2025-01-15 13:00:00,-3.0999999999999996,3.0999999999999996,-1.4090909090909087,1.0,-1.0,-1.0,2.0,1.0,780,3.0,161.609,161.791,161.554,161.743,8084.0,13.0,41.15,0.254,-0.067,0.105,163.265,161.468,25.26,19.02,49.54,4.21,20.59,46.59,161.869,40.72,0.153,1,0,0,0,0,0,0,0,1
2025-01-15 13:00:00,1.5,1.5,0.6521739130434783,1.0,1.0,1.0,1.0,2.0,780,3.0,161.609,161.791,161.554,161.743,8084.0,13.0,41.15,0.254,-0.067,0.105,163.265,161.468,25.26,19.02,49.54,4.21,20.59,46.59,161.869,40.72,0.153,1,0,0,0,0,0,0,0,1
2025-01-16 13:00:00,4.6,4.6,0.49462365591397844,1.0,1.0,1.0,1.0,2.0,780,4.0,160.102,160.393,160.088,160.3,6182.0,13.0,37.53,0.328,-0.347,-0.371,161.355,159.924,16.46,28.47,27.62,20.18,21.78,37.31,161.294,44.72,0.184,0,0,0,0,0,0,0,1,1
2025-01-16 13:00:00,4.799999999999999,4.799999999999999,0.3809523809523809,1.0,1.0,1.0,1.0,2.0,780,4.0,160.102,160.393,160.088,160.3,6182.0,13.0,37.53,0.328,-0.347,-0.371,161.355,159.924,16.46,28.47,27.62,20.18,21.78,37.31,161.294,44.72,0.184,0,0,0,0,0,0,0,1,1
2025-01-17 12:00:00,-14.299999999999997,14.299999999999997,-0.3380614657210401,1.0,-1.0,-1.0,2.0,1.0,720,5.0,160.345,160.531,160.232,160.51,7596.0,12.0,57.31,0.26,-0.053,-0.156,160.414,159.707,87.76,78.98,12.85,16.31,11.87,39.95,161.066,55.23,0.174,0,0,0,0,0,0,0,1,1
2025-01-17 12:00:00,-6.600000000000001,6.600000000000001,-0.15639810426540288,1.0,-1.0,-1.0,2.0,1.0,720,5.0,160.345,160.531,160.232,160.51,7596.0,12.0,57.31,0.26,-0.053,-0.156,160.414,159.707,87.76,78.98,12.85,16.31,11.87,39.95,161.066,55.23,0.174,0,0,0,0,0,0,0,1,1
2025-01-17 13:00:00,0.30000000000000004,0.30000000000000004,0.27272727272727276,1.0,1.0,1.0,1.0,1.0,780,5.0,160.511,160.529,160.317,160.431,7537.0,13.0,54.79,0.266,-0.031,-0.133,160.466,159.688,85.34,82.37,13.24,14.13,10.29,39.95,161.066,61.16,0.162,0,1,0,0,0,0,0,0,1
2025-01-17 13:00:00,0.2999999999999998,0.2999999999999998,0.09999999999999994,1.0,1.0,1.0,1.0,1.0,780,5.0,160.511,160.529,160.317,160.431,7537.0,13.0,54.79,0.266,-0.031,-0.133,160.466,159.688,85.34,82.37,13.24,14.13,10.29,39.95,161.066,61.16,0.162,0,1,0,0,0,0,0,0,1
2025-01-17 13:00:00,-0.10000000000000003,0.10000000000000003,-0.07142857142857145,1.0,-1.0,-1.0,2.0,1.0,780,5.0,160.511,160.529,160.317,160.431,7537.0,13.0,54.79,0.266,-0.031,-0.133,160.466,159.688,85.34,82.37,13.24,14.13,10.29,39.95,161.066,61.16,0.162,0,1,0,0,0,0,0,0,1
2025-01-17 13:00:00,-0.09999999999999964,0.09999999999999964,-0.02631578947368412,1.0,-1.0,-1.0,2.0,1.0,780,5.0,160.511,160.529,160.317,160.431,7537.0,13.0,54.79,0.266,-0.031,-0.133,160.466,159.688,85.34,82.37,13.24,14.13,10.29,39.95,161.066,61.16,0.162,0,1,0,0,0,0,0,0,1
2025-01-20 13:00:00,0.7,0.7,0.4666666666666666,1.0,1.0,1.0,1.0,1.0,780,1.0,161.296,161.492,161.257,161.435,6325.0,13.0,72.51,0.24,0.216,0.125,161.32,160.165,86.89,82.17,35.75,36.34,8.04,61.26,160.928,72.82,0.134,1,0,0,0,0,0,0,0,1
2025-01-20 13:00:00,0.09999999999999987,0.09999999999999987,0.04347826086956516,1.0,1.0,1.0,1.0,1.0,780,1.0,161.296,161.492,161.257,161.435,6325.0,13.0,72.51,0.24,0.216,0.125,161.32,160.165,86.89,82.17,35.75,36.34,8.04,61.26,160.928,72.82,0.134,1,0,0,0,0,0,0,0,1
2025-01-21 13:05:00,-21.0,21.0,-0.525,1.0,-1.0,-1.0,2.0,2.0,785,2.0,161.484,161.502,161.299,161.416,8870.0,13.0,50.97,0.319,0.033,0.06,162.288,160.896,63.96,65.25,26.43,14.63,9.16,52.62,160.744,52.42,0.142,0,0,0,0,0,1,0,0,1
2025-01-23 18:00:00,0.20000000000000107,0.20000000000000107,0.012987012987013056,1.0,1.0,1.0,1.0,1.0,1080,4.0,162.383,162.597,162.195,162.551,15865.0,18.0,44.86,0.229,-0.014,0.061,163.104,162.476,30.4,25.64,26.45,12.18,32.06,59.51,161.996,30.77,0.173,0,0,0,0,0,1,0,0,1
2025-01-24 12:00:00,1.6000000000000014,1.6000000000000014,0.03225806451612906,1.0,1.0,1.0,1.0,2.0,720,5.0,163.273,163.596,163.247,163.535,8615.0,12.0,67.36,0.424,0.103,-0.01,163.306,162.009,95.78,77.94,27.67,35.98,10.38,65.88,162.409,75.6,0.265,1,0,0,0,0,0,0,0,1
2025-01-24 12:00:00,0.8999999999999986,0.8999999999999986,0.01948051948051945,1.0,1.0,1.0,1.0,2.0,720,5.0,163.273,163.596,163.247,163.535,8615.0,12.0,67.36,0.424,0.103,-0.01,163.306,162.009,95.78,77.94,27.67,35.98,10.38,65.88,162.409,75.6,0.265,1,0,0,0,0,0,0,0,1
2025-01-24 12:00:00,0.8999999999999986,0.8999999999999986,0.01747572815533978,1.0,1.0,1.0,1.0,2.0,720,5.0,163.273,163.596,163.247,163.535,8615.0,12.0,67.36,0.424,0.103,-0.01,163.306,162.009,95.78,77.94,27.67,35.98,10.38,65.88,162.409,75.6,0.265,1,0,0,0,0,0,0,0,1
2025-01-29 12:00:00,-0.3999999999999999,0.3999999999999999,-0.08163265306122447,1.0,-1.0,-1.0,2.0,1.0,720,3.0,161.614,161.676,161.547,161.657,9239.0,12.0,35.84,0.207,-0.149,-0.066,162.611,161.621,12.26,12.85,30.82,8.81,28.24,39.43,162.487,32.22,0.143,0,0,0,1,0,0,0,0,1
2025-01-29 12:00:00,0.20000000000000007,0.20000000000000007,0.10526315789473688,1.0,1.0,1.0,1.0,2.0,720,3.0,161.614,161.676,161.547,161.657,9239.0,12.0,35.84,0.207,-0.149,-0.066,162.611,161.621,12.26,12.85,30.82,8.81,28.24,39.43,162.487,32.22,0.143,0,0,0,1,0,0,0,0,1
2025-01-29 12:00:00,0.3999999999999999,0.3999999999999999,0.19047619047619044,1.0,1.0,1.0,1.0,1.0,720,3.0,161.614,161.676,161.547,161.657,9239.0,12.0,35.84,0.207,-0.149,-0.066,162.611,161.621,12.26,12.85,30.82,8.81,28.24,39.43,162.487,32.22,0.143,0,0,0,1,0,0,0,0,1
2025-01-29 12:00:00,0.6000000000000001,0.6000000000000001,0.25000000000000006,1.0,1.0,1.0,1.0,1.0,720,3.0,161.614,161.676,161.547,161.657,9239.0,12.0,35.84,0.207,-0.149,-0.066,162.611,161.621,12.26,12.85,30.82,8.81,28.24,39.43,162.487,32.22,0.143,0,0,0,1,0,0,0,0,1
2025-01-30 13:00:00,-0.10000000000000053,0.10000000000000053,-0.013513513513513585,1.0,1.0,1.0,1.0,2.0,780,4.0,160.685,160.742,160.565,160.646,7877.0,13.0,29.89,0.282,-0.29,-0.251,162.042,160.466,18.33,32.07,39.03,8.14,26.45,36.96,162.064,32.38,0.163,0,0,1,0,0,0,0,0,1
2025-01-30 13:00:00,-0.4,0.4,-0.28571428571428575,1.0,-1.0,-1.0,2.0,2.0,780,4.0,160.685,160.742,160.565,160.646,7877.0,13.0,29.89,0.282,-0.29,-0.251,162.042,160.466,18.33,32.07,39.03,8.14,26.45,36.96,162.064,32.38,0.163,1,0,0,0,0,0,0,0,1
2025-01-30 13:00:00,1.299999999999999,1.299999999999999,0.15476190476190463,1.0,1.0,1.0,1.0,1.0,780,4.0,160.685,160.742,160.565,160.646,7877.0,13.0,29.89,0.282,-0.29,-0.251,162.042,160.466,18.33,32.07,39.03,8.14,26.45,36.96,162.064,32.38,0.163,0,0,0,0,0,1,0,0,1
2025-01-30 13:00:00,2.3999999999999986,2.3999999999999986,0.127659574468085,1.0,1.0,1.0,1.0,3.0,780,4.0,160.685,160.742,160.565,160.646,7877.0,13.0,29.89,0.282,-0.29,-0.251,162.042,160.466,18.33,32.07,39.03,8.14,26.45,36.96,162.064,32.38,0.163,0,0,0,0,0,1,0,0,1
2025-01-30 13:00:00,0.09999999999999998,0.09999999999999998,0.05555555555555554,1.0,1.0,1.0,1.0,2.0,780,4.0,160.685,160.742,160.565,160.646,7877.0,13.0,29.89,0.282,-0.29,-0.251,162.042,160.466,18.33,32.07,39.03,8.14,26.45,36.96,162.064,32.38,0.163,1,0,0,0,0,0,0,0,1
2025-01-30 13:00:00,0.5999999999999996,0.5999999999999996,0.08571428571428566,1.0,1.0,1.0,1.0,1.0,780,4.0,160.685,160.742,160.565,160.646,7877.0,13.0,29.89,0.282,-0.29,-0.251,162.042,160.466,18.33,32.07,39.03,8.14,26.45,36.96,162.064,32.38,0.163,0,0,0,0,0,1,0,0,1
2025-01-30 13:00:00,-0.5,0.5,-0.03731343283582089,1.0,-1.0,-1.0,2.0,1.0,780,4.0,160.685,160.742,160.565,160.646,7877.0,13.0,29.89,0.282,-0.29,-0.251,162.042,160.466,18.33,32.07,39.03,8.14,26.45,36.96,162.064,32.38,0.163,0,0,0,0,0,1,0,0,1
2025-01-30 13:00:00,-0.12,0.12,-0.06593406593406594,1.0,-1.0,-1.0,2.0,1.0,780,4.0,160.685,160.742,160.565,160.646,7877.0,13.0,29.89,0.282,-0.29,-0.251,162.042,160.466,18.33,32.07,39.03,8.14,26.45,36.96,162.064,32.38,0.163,0,0,0,0,1,0,0,0,1
2025-01-30 13:00:00,0.20000000000000284,0.20000000000000284,0.002083333333333363,1.0,1.0,1.0,1.0,2.0,780,4.0,160.685,160.742,160.565,160.646,7877.0,13.0,29.89,0.282,-0.29,-0.251,162.042,160.466,18.33,32.07,39.03,8.14,26.45,36.96,162.064,32.38,0.163,0,0,0,0,0,1,0,0,1
2025-02-03 12:00:00,0.5,0.5,0.010615711252653927,1.0,1.0,1.0,1.0,2.0,720,1.0,158.57,158.861,158.517,158.714,10066.0,12.0,34.25,0.59,-0.47,-0.423,161.592,157.912,24.74,35.07,14.99,11.28,19.82,29.4,160.838,38.37,0.237,1,0,0,0,0,0,0,0,1
2025-02-03 13:00:00,-1.2,1.2,-1.0,1.0,-1.0,-1.0,2.0,1.0,780,1.0,158.714,158.744,158.361,158.507,9070.0,13.0,32.16,0.579,-0.492,-0.437,161.458,157.801,14.35,23.15,18.28,9.78,22.61,29.4,160.838,36.87,0.235,0,1,0,0,0,0,0,0,1
2025-02-03 13:00:00,-0.19999999999999998,0.19999999999999998,-0.1818181818181818,1.0,-1.0,-1.0,2.0,2.0,780,1.0,158.714,158.744,158.361,158.507,9070.0,13.0,32.16,0.579,-0.492,-0.437,161.458,157.801,14.35,23.15,18.28,9.78,22.61,29.4,160.838,36.87,0.235,0,1,0,0,0,0,0,0,1
2025-02-03 13:00:00,0.20000000000000018,0.20000000000000018,0.06060606060606066,1.0,1.0,1.0,1.0,3.0,780,1.0,158.714,158.744,158.361,158.507,9070.0,13.0,32.16,0.579,-0.492,-0.437,161.458,157.801,14.35,23.15,18.28,9.78,22.61,29.4,160.838,36.87,0.235,0,1,0,0,0,0,0,0,1
2025-02-03 13:00:00,-0.09999999999999998,0.09999999999999998,-0.062499999999999986,1.0,-1.0,-1.0,2.0,1.0,780,1.0,158.714,158.744,158.361,158.507,9070.0,13.0,32.16,0.579,-0.492,-0.437,161.458,157.801,14.35,23.15,18.28,9.78,22.61,29.4,160.838,36.87,0.235,0,1,0,0,0,0,0,0,1
2025-02-03 13:00:00,-0.09999999999999964,0.09999999999999964,-0.02631578947368412,1.0,-1.0,-1.0,2.0,1.0,780,1.0,158.714,158.744,158.361,158.507,9070.0,13.0,32.16,0.579,-0.492,-0.437,161.458,157.801,14.35,23.15,18.28,9.78,22.61,29.4,160.838,36.87,0.235,0,1,0,0,0,0,0,0,1
2025-02-05 12:00:00,-0.10000000000000142,0.10000000000000142,-0.0019083969465649127,1.0,-1.0,-1.0,2.0,2.0,720,3.0,159.011,159.196,158.847,159.131,9264.0,12.0,39.41,0.34,-0.25,-0.205,160.701,158.645,36.21,50.05,37.21,10.14,21.0,41.15,159.933,34.79,0.191,1,0,0,0,0,0,0,0,1
2025-02-05 13:00:00,-0.4,0.4,-0.22222222222222224,1.0,-1.0,-1.0,2.0,1.0,780,3.0,159.131,159.239,159.042,159.21,6733.0,13.0,41.44,0.347,-0.243,-0.221,160.569,158.643,37.98,42.35,35.14,11.7,18.2,41.15,159.933,44.81,0.178,0,1,0,0,0,0,0,0,1
2025-02-05 13:00:00,2.2,2.2,0.6875,1.0,1.0,1.0,1.0,1.0,780,3.0,159.131,159.239,159.042,159.21,6733.0,13.0,41.44,0.347,-0.243,-0.221,160.569,158.643,37.98,42.35,35.14,11.7,18.2,41.15,159.933,44.81,0.178,0,1,0,0,0,0,0,0,1
2025-02-06 13:00:00,-0.1,0.1,-0.09090909090909091,1.0,-1.0,-1.0,2.0,1.0,780,4.0,158.068,158.077,157.881,157.945,8187.0,13.0,31.01,0.278,-0.296,-0.3,158.968,157.894,10.52,19.78,20.46,12.15,28.82,30.0,159.364,35.13,0.149,0,0,0,0,0,0,1,0,1
2025-02-06 13:00:00,0.5,0.5,0.20833333333333334,1.0,1.0,1.0,1.0,1.0,780,4.0,158.068,158.077,157.881,157.945,8187.0,13.0,31.01,0.278,-0.296,-0.3,158.968,157.894,10.52,19.78,20.46,12.15,28.82,30.0,159.364,35.13,0.149,0,0,0,0,0,0,1,0,1
2025-02-10 12:30:00,-11.7,11.7,-5.85,1.0,-1.0,-1.0,2.0,1.0,750,1.0,157.169,157.295,157.105,157.107,6920.0,12.0,53.43,0.307,-0.049,-0.187,157.279,155.996,75.16,79.87,33.09,28.4,11.68,35.36,157.992,64.65,0.162,0,0,0,0,0,1,0,0,1
2025-02-13 13:00:00,-2.6,2.6,-1.625,1.0,-1.0,-1.0,2.0,1.0,780,4.0,160.185,160.358,159.811,160.045,10290.0,13.0,48.68,0.321,0.284,0.453,161.046,160.005,18.02,18.41,28.89,15.24,27.19,56.04,158.154,42.15,0.162,1,0,0,0,0,0,0,0,1
2025-02-13 13:00:00,-2.7,2.7,-1.0384615384615385,1.0,-1.0,-1.0,2.0,2.0,780,4.0,160.185,160.358,159.811,160.045,10290.0,13.0,48.68,0.321,0.284,0.453,161.046,160.005,18.02,18.41,28.89,15.24,27.19,56.04,158.154,42.15,0.162,1,0,0,0,0,0,0,0,1
2025-02-14 13:00:00,-0.1,0.1,-0.08333333333333334,1.0,-1.0,-1.0,2.0,1.0,780,5.0,159.637,159.878,159.568,159.835,7501.0,13.0,50.57,0.303,-0.04,-0.063,160.075,159.415,44.43,56.8,13.82,23.36,23.98,54.81,158.899,45.65,0.154,0,0,1,0,0,0,0,0,1
2025-02-14 13:00:00,-0.20000000000000007,0.20000000000000007,-0.11111111111111115,1.0,-1.0,-1.0,2.0,1.0,780,5.0,159.637,159.878,159.568,159.835,7501.0,13.0,50.57,0.303,-0.04,-0.063,160.075,159.415,44.43,56.8,13.82,23.36,23.98,54.81,158.899,45.65,0.154,0,0,1,0,0,0,0,0,1
2025-02-14 13:00:00,0.1,0.1,0.1,1.0,1.0,1.0,1.0,2.0,780,5.0,159.637,159.878,159.568,159.835,7501.0,13.0,50.57,0.303,-0.04,-0.063,160.075,159.415,44.43,56.8,13.82,23.36,23.98,54.81,158.899,45.65,0.154,1,0,0,0,0,0,0,0,1
2025-02-17 13:00:00,3.799999999999999,3.799999999999999,0.3220338983050846,1.0,1.0,1.0,1.0,2.0,780,1.0,159.021,159.093,158.758,158.806,5922.0,13.0,35.2,0.284,-0.228,-0.191,160.145,158.64,21.27,28.26,48.0,6.24,23.71,43.82,159.546,45.48,0.125,0,0,0,0,0,0,0,1,1
2025-02-17 13:00:00,10.1,10.1,1.5781249999999998,1.0,1.0,1.0,1.0,2.0,780,1.0,159.021,159.093,158.758,158.806,5922.0,13.0,35.2,0.284,-0.228,-0.191,160.145,158.64,21.27,28.26,48.0,6.24,23.71,43.82,159.546,45.48,0.125,0,0,0,0,0,0,0,1,1
2025-02-18 13:05:00,29.5,29.5,4.682539682539683,1.0,1.0,1.0,1.0,2.0,785,2.0,158.781,158.845,158.717,158.808,4550.0,13.0,44.15,0.225,-0.055,-0.058,159.123,158.579,19.34,23.5,19.17,13.7,16.9,41.39,159.549,47.05,0.131,0,0,0,0,0,1,0,0,1
2025-02-19 12:00:00,-1.1000000000000014,1.1000000000000014,-0.02716049382716053,1.0,-1.0,-1.0,2.0,1.0,720,3.0,158.165,158.308,158.08,158.164,6650.0,12.0,29.71,0.244,-0.142,-0.062,159.095,158.242,9.01,6.62,37.65,6.33,30.89,41.02,159.092,34.82,0.136,0,0,0,0,0,0,0,1,1
2025-02-19 12:00:00,1.0,1.0,0.019801980198019802,1.0,1.0,1.0,1.0,1.0,720,3.0,158.165,158.308,158.08,158.164,6650.0,12.0,29.71,0.244,-0.142,-0.062,159.095,158.242,9.01,6.62,37.65,6.33,30.89,41.02,159.092,34.82,0.136,0,0,0,0,0,0,0,1,1
2025-02-20 13:00:00,-0.4,0.4,-0.28571428571428575,1.0,-1.0,-1.0,2.0,1.0,780,4.0,156.722,156.816,156.666,156.813,5633.0,13.0,35.99,0.312,-0.413,-0.428,158.328,156.222,72.89,70.52,56.24,9.42,25.01,27.85,158.477,42.62,0.145,1,0,0,0,0,0,0,0,1
2025-02-20 13:00:00,0.1,0.1,0.08333333333333334,1.0,1.0,1.0,1.0,1.0,780,4.0,156.722,156.816,156.666,156.813,5633.0,13.0,35.99,0.312,-0.413,-0.428,158.328,156.222,72.89,70.52,56.24,9.42,25.01,27.85,158.477,42.62,0.145,1,0,0,0,0,0,0,0,1
2025-02-20 18:00:00,0.5999999999999996,0.5999999999999996,0.03947368421052629,1.0,1.0,1.0,1.0,1.0,1080,4.0,156.601,156.798,156.547,156.743,9616.0,18.0,40.07,0.309,-0.356,-0.406,157.779,156.139,41.53,37.91,51.29,10.53,21.94,27.62,158.343,48.3,0.178,0,0,0,0,0,1,0,0,1
2025-02-21 12:00:00,1.0,1.0,0.021141649048625793,1.0,1.0,1.0,1.0,2.0,720,5.0,157.533,157.609,157.371,157.378,7056.0,12.0,48.43,0.327,0.117,0.122,158.241,156.512,13.57,27.9,18.29,17.18,20.07,43.82,157.998,42.74,0.166,1,0,0,0,0,0,0,0,1
2025-02-21 12:00:00,0.10000000000000142,0.10000000000000142,0.0019379844961240585,1.0,1.0,1.0,1.0,2.0,720,5.0,157.533,157.609,157.371,157.378,7056.0,12.0,48.43,0.327,0.117,0.122,158.241,156.512,13.57,27.9,18.29,17.18,20.07,43.82,157.998,42.74,0.166,1,0,0,0,0,0,0,0,1
2025-02-21 12:00:00,0.6000000000000014,0.6000000000000014,0.01185770750988145,1.0,1.0,1.0,1.0,2.0,720,5.0,157.533,157.609,157.371,157.378,7056.0,12.0,48.43,0.327,0.117,0.122,158.241,156.512,13.57,27.9,18.29,17.18,20.07,43.82,157.998,42.74,0.166,1,0,0,0,0,0,0,0,1
2025-02-24 13:00:00,0.19999999999999973,0.19999999999999973,0.06249999999999992,1.0,1.0,1.0,1.0,1.0,780,1.0,156.809,156.871,156.608,156.746,6972.0,13.0,48.19,0.315,-0.054,-0.074,157.324,155.801,45.38,38.46,20.81,19.44,14.63,41.3,157.463,51.87,0.18,0,1,0,0,0,0,0,0,1
2025-02-24 13:00:00,0.09999999999999998,0.09999999999999998,0.04999999999999999,1.0,1.0,1.0,1.0,1.0,780,1.0,156.809,156.871,156.608,156.746,6972.0,13.0,48.19,0.315,-0.054,-0.074,157.324,155.801,45.38,38.46,20.81,19.44,14.63,41.3,157.463,51.87,0.18,0,1,0,0,0,0,0,0,1
2025-02-24 13:00:00,-0.4,0.4,-0.36363636363636365,1.0,-1.0,-1.0,2.0,1.0,780,1.0,156.809,156.871,156.608,156.746,6972.0,13.0,48.19,0.315,-0.054,-0.074,157.324,155.801,45.38,38.46,20.81,19.44,14.63,41.3,157.463,51.87,0.18,0,1,0,0,0,0,0,0,1
2025-02-27 12:00:00,0.19999999999999996,0.19999999999999996,0.09523809523809522,1.0,1.0,1.0,1.0,2.0,720,4.0,157.094,157.171,156.921,157.07,7978.0,12.0,62.46,0.294,0.032,-0.105,157.108,155.774,91.25,89.63,22.44,28.39,11.8,40.48,156.656,76.8,0.168,0,0,0,1,0,0,0,0,1
2025-02-27 12:00:00,0.7,0.7,0.30434782608695654,1.0,1.0,1.0,1.0,1.0,720,4.0,157.094,157.171,156.921,157.07,7978.0,12.0,62.46,0.294,0.032,-0.105,157.108,155.774,91.25,89.63,22.44,28.39,11.8,40.48,156.656,76.8,0.168,0,0,0,1,0,0,0,0,1
2025-02-27 12:00:00,0.09999999999999964,0.09999999999999964,0.03124999999999989,1.0,1.0,1.0,1.0,1.0,720,4.0,157.094,157.171,156.921,157.07,7978.0,12.0,62.46,0.294,0.032,-0.105,157.108,155.774,91.25,89.63,22.44,28.39,11.8,40.48,156.656,76.8,0.168,0,0,0,1,0,0,0,0,1
2025-02-27 13:00:00,0.10999999999999999,0.10999999999999999,0.05945945945945945,1.0,1.0,1.0,1.0,1.0,780,4.0,157.07,157.127,156.859,156.922,7029.0,13.0,58.22,0.299,0.056,-0.083,157.08,155.789,82.81,88.98,23.42,24.61,13.31,40.48,156.656,72.49,0.168,0,0,0,0,1,0,0,0,1
2025-02-27 13:00:00,2.1999999999999993,2.1999999999999993,0.15068493150684928,1.0,1.0,1.0,1.0,1.0,780,4.0,157.07,157.127,156.859,156.922,7029.0,13.0,58.22,0.299,0.056,-0.083,157.08,155.789,82.81,88.98,23.42,24.61,13.31,40.48,156.656,72.49,0.168,0,0,0,0,0,1,0,0,1
2025-02-27 13:00:00,0.20000000000000018,0.20000000000000018,0.0285714285714286,1.0,1.0,1.0,1.0,1.0,780,4.0,157.07,157.127,156.859,156.922,7029.0,13.0,58.22,0.299,0.056,-0.083,157.08,155.789,82.81,88.98,23.42,24.61,13.31,40.48,156.656,72.49,0.168,0,0,0,0,0,1,0,0,1
2025-02-27 13:00:00,0.29999999999999716,0.29999999999999716,0.00309278350515461,1.0,1.0,1.0,1.0,2.0,780,4.0,157.07,157.127,156.859,156.922,7029.0,13.0,58.22,0.299,0.056,-0.083,157.08,155.789,82.81,88.98,23.42,24.61,13.31,40.48,156.656,72.49,0.168,0,0,0,0,0,1,0,0,1
2025-02-27 13:00:00,-0.09999999999999787,0.09999999999999787,-0.004504504504504409,1.0,-1.0,-1.0,2.0,3.0,780,4.0,157.07,157.127,156.859,156.922,7029.0,13.0,58.22,0.299,0.056,-0.083,157.08,155.789,82.81,88.98,23.42,24.61,13.31,40.48,156.656,72.49,0.168,0,0,0,0,0,1,0,0,1
2025-02-27 13:00:00,1.3000000000000007,1.3000000000000007,0.13684210526315796,1.0,1.0,1.0,1.0,1.0,780,4.0,157.07,157.127,156.859,156.922,7029.0,13.0,58.22,0.299,0.056,-0.083,157.08,155.789,82.81,88.98,23.42,24.61,13.31,40.48,156.656,72.49,0.168,0,0,0,0,0,1,0,0,1
2025-03-03 12:00:00,0.30000000000000426,0.30000000000000426,0.006211180124223691,1.0,1.0,1.0,1.0,2.0,720,1.0,156.759,157.561,156.759,157.502,13689.0,12.0,65.23,0.407,0.142,0.117,157.301,155.814,76.99,48.13,22.45,29.41,23.63,63.75,156.479,64.55,0.217,1,0,0,0,0,0,0,0,1
2025-03-03 13:00:00,0.5,0.5,0.5,1.0,1.0,1.0,1.0,1.0,780,1.0,157.506,158.07,157.486,158.046,12380.0,13.0,70.27,0.437,0.241,0.127,157.611,155.638,97.23,73.31,23.31,37.11,20.48,63.75,156.479,75.73,0.233,0,1,0,0,0,0,0,0,1
2025-03-03 13:00:00,-0.10000000000000009,0.10000000000000009,-0.02702702702702705,1.0,-1.0,-1.0,2.0,1.0,780,1.0,157.506,158.07,157.486,158.046,12380.0,13.0,70.27,0.437,0.241,0.127,157.611,155.638,97.23,73.31,23.31,37.11,20.48,63.75,156.479,75.73,0.233,0,1,0,0,0,0,0,0,1
2025-03-03 13:00:00,-0.20000000000000018,0.20000000000000018,-0.0555555555555556,1.0,-1.0,-1.0,2.0,3.0,780,1.0,157.506,158.07,157.486,158.046,12380.0,13.0,70.27,0.437,0.241,0.127,157.611,155.638,97.23,73.31,23.31,37.11,20.48,63.75,156.479,75.73,0.233,0,1,0,0,0,0,0,0,1
2025-03-03 13:00:00,1.2,1.2,0.7499999999999999,1.0,1.0,1.0,1.0,1.0,780,1.0,157.506,158.07,157.486,158.046,12380.0,13.0,70.27,0.437,0.241,0.127,157.611,155.638,97.23,73.31,23.31,37.11,20.48,63.75,156.479,75.73,0.233,0,1,0,0,0,0,0,0,1
2025-03-03 13:00:00,0.5,0.5,0.5,1.0,1.0,1.0,1.0,2.0,780,1.0,157.506,158.07,157.486,158.046,12380.0,13.0,70.27,0.437,0.241,0.127,157.611,155.638,97.23,73.31,23.31,37.11,20.48,63.75,156.479,75.73,0.233,0,1,0,0,0,0,0,0,1
2025-03-03 13:00:00,-0.10000000000000009,0.10000000000000009,-0.02702702702702705,1.0,-1.0,-1.0,2.0,2.0,780,1.0,157.506,158.07,157.486,158.046,12380.0,13.0,70.27,0.437,0.241,0.127,157.611,155.638,97.23,73.31,23.31,37.11,20.48,63.75,156.479,75.73,0.233,0,1,0,0,0,0,0,0,1
2025-03-04 13:00:00,-0.09999999999999964,0.09999999999999964,-0.013698630136986254,1.0,1.0,1.0,1.0,2.0,780,2.0,156.404,156.518,156.08,156.438,14472.0,13.0,44.36,0.49,-0.104,-0.107,157.587,155.904,33.75,48.06,25.5,11.73,22.98,45.97,156.459,47.47,0.28,0,0,1,0,0,0,0,0,1
2025-03-05 12:00:00,-0.10000000000000142,0.10000000000000142,-0.0019342359767891956,1.0,-1.0,-1.0,2.0,2.0,720,3.0,160.012,160.172,159.614,159.751,14666.0,12.0,70.47,0.506,0.701,0.672,160.77,156.653,75.38,78.02,44.07,27.24,7.18,66.47,157.093,69.97,0.302,1,0,0,0,0,0,0,0,1
2025-03-05 13:00:00,0.30000000000000004,0.30000000000000004,0.20000000000000004,1.0,1.0,1.0,1.0,1.0,780,3.0,159.752,159.754,159.463,159.537,13329.0,13.0,65.85,0.451,0.673,0.675,160.6,157.16,66.74,74.94,41.99,23.61,13.14,66.47,157.093,53.72,0.279,0,1,0,0,0,0,0,0,1
2025-03-05 13:00:00,0.7,0.7,0.3333333333333333,1.0,1.0,1.0,1.0,1.0,780,3.0,159.752,159.754,159.463,159.537,13329.0,13.0,65.85,0.451,0.673,0.675,160.6,157.16,66.74,74.94,41.99,23.61,13.14,66.47,157.093,53.72,0.279,0,1,0,0,0,0,0,0,1
2025-03-06 13:00:00,-0.4,0.4,-0.36363636363636365,1.0,-1.0,-1.0,2.0,1.0,780,4.0,159.573,159.807,159.452,159.642,14720.0,13.0,41.43,0.38,0.112,0.42,161.525,159.559,15.31,12.94,51.42,6.04,28.67,58.0,158.224,33.1,0.272,0,0,0,0,0,0,1,0,1
2025-03-06 13:00:00,-0.19999999999999996,0.19999999999999996,-0.07407407407407406,1.0,-1.0,-1.0,2.0,1.0,780,4.0,159.573,159.807,159.452,159.642,14720.0,13.0,41.43,0.38,0.112,0.42,161.525,159.559,15.31,12.94,51.42,6.04,28.67,58.0,158.224,33.1,0.272,0,0,0,0,0,0,1,0,1
2025-03-10 12:30:00,4.800000000000001,4.800000000000001,0.5517241379310346,1.0,1.0,1.0,1.0,1.0,750,1.0,159.764,159.912,159.559,159.566,16068.0,12.0,44.94,0.399,-0.101,-0.018,160.663,159.329,36.97,30.38,22.85,9.94,17.19,50.73,159.747,49.7,0.276,0,0,0,0,0,1,0,0,1
2025-03-13 13:00:00,2.3,2.3,0.9199999999999999,1.0,1.0,1.0,1.0,2.0,780,4.0,161.044,161.08,160.448,160.664,12397.0,13.0,38.55,0.331,-0.169,-0.124,161.842,160.553,65.96,63.13,51.99,10.72,29.58,50.89,160.625,48.29,0.205,1,0,0,0,0,0,0,0,1
2025-03-13 13:00:00,1.7,1.7,0.6296296296296295,1.0,1.0,1.0,1.0,1.0,780,4.0,161.044,161.08,160.448,160.664,12397.0,13.0,38.55,0.331,-0.169,-0.124,161.842,160.553,65.96,63.13,51.99,10.72,29.58,50.89,160.625,48.29,0.205,1,0,0,0,0,0,0,0,1
2025-03-18 13:00:00,-3.7,3.7,-0.6491228070175439,1.0,-1.0,-1.0,2.0,2.0,780,2.0,163.654,163.676,163.415,163.473,9354.0,13.0,60.9,0.241,0.412,0.41,164.069,162.414,47.02,68.18,56.64,28.72,17.6,65.57,161.791,48.26,0.174,0,0,0,0,0,0,0,1,1
2025-03-18 13:00:00,0.8000000000000007,0.8000000000000007,0.056338028169014134,1.0,1.0,1.0,1.0,2.0,780,2.0,163.654,163.676,163.415,163.473,9354.0,13.0,60.9,0.241,0.412,0.41,164.069,162.414,47.02,68.18,56.64,28.72,17.6,65.57,161.791,48.26,0.174,0,0,0,0,0,0,0,1,1
2025-03-18 13:05:00,3.6999999999999957,3.6999999999999957,0.09973045822102414,1.0,1.0,1.0,1.0,2.0,785,2.0,163.654,163.676,163.415,163.473,9354.0,13.0,60.9,0.241,0.412,0.41,164.069,162.414,47.02,68.18,56.64,28.72,17.6,65.57,161.791,48.26,0.174,0,0,0,0,0,1,0,0,1
2025-03-19 13:00:00,-1.2000000000000002,1.2000000000000002,-0.2033898305084746,1.0,-1.0,-1.0,2.0,1.0,780,3.0,163.277,163.526,163.243,163.464,7147.0,13.0,53.02,0.381,0.023,0.066,163.813,162.979,73.73,62.9,14.24,22.92,13.16,63.8,162.377,52.66,0.203,0,0,0,0,1,0,0,0,1
2025-03-19 13:00:00,-0.09999999999999998,0.09999999999999998,-0.062499999999999986,1.0,-1.0,-1.0,2.0,1.0,780,3.0,163.277,163.526,163.243,163.464,7147.0,13.0,53.02,0.381,0.023,0.066,163.813,162.979,73.73,62.9,14.24,22.92,13.16,63.8,162.377,52.66,0.203,0,1,0,0,0,0,0,0,1
2025-03-19 13:00:00,-0.09999999999999998,0.09999999999999998,-0.06666666666666665,1.0,-1.0,-1.0,2.0,2.0,780,3.0,163.277,163.526,163.243,163.464,7147.0,13.0,53.02,0.381,0.023,0.066,163.813,162.979,73.73,62.9,14.24,22.92,13.16,63.8,162.377,52.66,0.203,0,1,0,0,0,0,0,0,1
2025-03-19 13:00:00,-0.10000000000000009,0.10000000000000009,-0.02941176470588238,1.0,-1.0,-1.0,2.0,3.0,780,3.0,163.277,163.526,163.243,163.464,7147.0,13.0,53.02,0.381,0.023,0.066,163.813,162.979,73.73,62.9,14.24,22.92,13.16,63.8,162.377,52.66,0.203,0,1,0,0,0,0,0,0,1
2025-03-19 13:00:00,0.2,0.2,0.16666666666666669,1.0,1.0,1.0,1.0,1.0,780,3.0,163.277,163.526,163.243,163.464,7147.0,13.0,53.02,0.381,0.023,0.066,163.813,162.979,73.73,62.9,14.24,22.92,13.16,63.8,162.377,52.66,0.203,0,1,0,0,0,0,0,0,1
2025-03-19 13:00:00,-0.19999999999999973,0.19999999999999973,-0.05882352941176463,1.0,-1.0,-1.0,2.0,1.0,780,3.0,163.277,163.526,163.243,163.464,7147.0,13.0,53.02,0.381,0.023,0.066,163.813,162.979,73.73,62.9,14.24,22.92,13.16,63.8,162.377,52.66,0.203,0,1,0,0,0,0,0,0,1
2025-03-19 13:00:00,-0.7000000000000002,0.7000000000000002,-0.12068965517241383,1.0,-1.0,-1.0,2.0,2.0,780,3.0,163.277,163.526,163.243,163.464,7147.0,13.0,53.02,0.381,0.023,0.066,163.813,162.979,73.73,62.9,14.24,22.92,13.16,63.8,162.377,52.66,0.203,0,0,1,0,0,0,0,0,1
2025-03-20 13:00:00,0.30000000000000004,0.30000000000000004,0.27272727272727276,1.0,1.0,1.0,1.0,1.0,780,4.0,161.165,161.235,160.916,161.063,9102.0,13.0,24.96,0.268,-0.463,-0.42,162.978,160.86,32.67,32.15,65.55,3.93,34.28,36.48,162.606,33.66,0.226,1,0,0,0,0,0,0,0,1
2025-03-20 13:00:00,1.7,1.7,0.6296296296296295,1.0,1.0,1.0,1.0,1.0,780,4.0,161.165,161.235,160.916,161.063,9102.0,13.0,24.96,0.268,-0.463,-0.42,162.978,160.86,32.67,32.15,65.55,3.93,34.28,36.48,162.606,33.66,0.226,1,0,0,0,0,0,0,0,1
2025-03-21 12:00:00,-20.099999999999998,20.099999999999998,-0.5860058309037901,1.0,-1.0,-1.0,2.0,1.0,720,5.0,161.72,161.944,161.535,161.689,9772.0,12.0,48.53,0.27,0.014,-0.03,162.07,161.196,39.07,52.96,22.15,17.18,16.06,40.75,162.532,55.19,0.191,0,0,0,0,0,0,0,1,1
2025-03-21 12:00:00,-2.8000000000000043,2.8000000000000043,-0.07142857142857154,1.0,-1.0,-1.0,2.0,1.0,720,5.0,161.72,161.944,161.535,161.689,9772.0,12.0,48.53,0.27,0.014,-0.03,162.07,161.196,39.07,52.96,22.15,17.18,16.06,40.75,162.532,55.19,0.191,0,0,0,0,0,0,0,1,1
2025-03-21 18:00:00,-0.40000000000000036,0.40000000000000036,-0.026490066225165587,1.0,-1.0,-1.0,2.0,1.0,1080,5.0,160.993,161.463,160.959,161.449,13056.0,18.0,47.69,0.358,-0.128,-0.051,162.178,160.975,39.89,28.65,25.91,16.43,24.33,44.19,162.486,39.27,0.173,0,0,0,0,0,1,0,0,1
2025-03-24 12:00:00,3.1000000000000014,3.1000000000000014,0.06652360515021462,1.0,1.0,1.0,1.0,2.0,720,1.0,162.121,162.374,162.077,162.292,8961.0,12.0,61.33,0.272,0.164,0.149,162.69,161.064,41.33,41.05,27.29,23.39,13.92,52.55,162.211,49.88,0.193,1,0,0,0,0,0,0,0,1
2025-03-24 12:00:00,-1.1000000000000014,1.1000000000000014,-0.02095238095238098,1.0,-1.0,-1.0,2.0,2.0,720,1.0,162.121,162.374,162.077,162.292,8961.0,12.0,61.33,0.272,0.164,0.149,162.69,161.064,41.33,41.05,27.29,23.39,13.92,52.55,162.211,49.88,0.193,1,0,0,0,0,0,0,0,1
2025-03-24 12:00:00,0.29999999999999716,0.29999999999999716,0.005870841487279788,1.0,1.0,1.0,1.0,2.0,720,1.0,162.121,162.374,162.077,162.292,8961.0,12.0,61.33,0.272,0.164,0.149,162.69,161.064,41.33,41.05,27.29,23.39,13.92,52.55,162.211,49.88,0.193,1,0,0,0,0,0,0,0,1
2025-03-27 12:00:00,0.2999999999999998,0.2999999999999998,0.0638297872340425,1.0,1.0,1.0,1.0,1.0,720,4.0,162.56,162.737,162.483,162.724,8827.0,12.0,66.5,0.319,0.087,-0.05,162.658,161.28,99.12,91.24,26.43,34.31,8.93,59.04,162.105,69.69,0.19,0,0,0,1,0,0,0,0,1
2025-03-27 12:00:00,0.19999999999999996,0.19999999999999996,0.08695652173913042,1.0,1.0,1.0,1.0,2.0,720,4.0,162.56,162.737,162.483,162.724,8827.0,12.0,66.5,0.319,0.087,-0.05,162.658,161.28,99.12,91.24,26.43,34.31,8.93,59.04,162.105,69.69,0.19,0,0,0,1,0,0,0,0,1
2025-03-27 12:00:00,0.10000000000000009,0.10000000000000009,0.03225806451612906,1.0,1.0,1.0,1.0,1.0,720,4.0,162.56,162.737,162.483,162.724,8827.0,12.0,66.5,0.319,0.087,-0.05,162.658,161.28,99.12,91.24,26.43,34.31,8.93,59.04,162.105,69.69,0.19,0,0,0,1,0,0,0,0,1
2025-03-27 12:00:00,-0.10000000000000009,0.10000000000000009,-0.0277777777777778,1.0,-1.0,-1.0,2.0,1.0,720,4.0,162.56,162.737,162.483,162.724,8827.0,12.0,66.5,0.319,0.087,-0.05,162.658,161.28,99.12,91.24,26.43,34.31,8.93,59.04,162.105,69.69,0.19,0,0,0,1,0,0,0,0,1
2025-03-28 13:00:00,1.5999999999999996,1.5999999999999996,0.12121212121212119,1.0,1.0,1.0,1.0,1.0,780,5.0,162.299,162.5,162.243,162.445,7213.0,13.0,46.2,0.242,-0.052,0.047,163.385,162.117,40.59,28.08,35.21,11.32,18.38,54.91,162.307,46.05,0.145,0,0,0,0,0,1,0,0,1
2025-03-28 13:00:00,-3.4,3.4,-0.5,1.0,-1.0,-1.0,2.0,1.0,780,5.0,162.299,162.5,162.243,162.445,7213.0,13.0,46.2,0.242,-0.052,0.047,163.385,162.117,40.59,28.08,35.21,11.32,18.38,54.91,162.307,46.05,0.145,0,0,0,0,0,1,0,0,1
2025-03-28 13:00:00,0.10000000000000853,0.10000000000000853,0.0010405827263268318,1.0,1.0,1.0,1.0,2.0,780,5.0,162.299,162.5,162.243,162.445,7213.0,13.0,46.2,0.242,-0.052,0.047,163.385,162.117,40.59,28.08,35.21,11.32,18.38,54.91,162.307,46.05,0.145,0,0,0,0,0,1,0,0,1
2025-03-28 13:00:00,0.1999999999999993,0.1999999999999993,0.007936507936507908,1.0,1.0,1.0,1.0,3.0,780,5.0,162.299,162.5,162.243,162.445,7213.0,13.0,46.2,0.242,-0.052,0.047,163.385,162.117,40.59,28.08,35.21,11.32,18.38,54.91,162.307,46.05,0.145,0,0,0,0,0,1,0,0,1
2025-03-28 13:00:00,1.0,1.0,0.08771929824561403,1.0,1.0,1.0,1.0,1.0,780,5.0,162.299,162.5,162.243,162.445,7213.0,13.0,46.2,0.242,-0.052,0.047,163.385,162.117,40.59,28.08,35.21,11.32,18.38,54.91,162.307,46.05,0.145,0,0,0,0,0,1,0,0,1
2025-04-01 11:00:00,-0.10000000000000142,0.10000000000000142,-0.0020120724346076742,1.0,-1.0,-1.0,2.0,2.0,660,2.0,161.603,161.911,161.525,161.897,9400.0,11.0,48.09,0.238,-0.009,0.041,162.451,161.596,39.86,31.29,24.66,10.36,23.72,46.77,162.143,34.0,0.161,1,0,0,0,0,0,0,0,1
2025-04-01 12:00:00,1.2,1.2,1.0,1.0,1.0,1.0,1.0,1.0,720,2.0,161.897,162.028,161.819,161.848,8367.0,12.0,46.88,0.235,-0.017,0.032,162.446,161.609,38.91,34.81,22.85,16.44,20.55,37.19,162.105,48.92,0.171,0,1,0,0,0,0,0,0,1
2025-04-01 12:00:00,0.39999999999999997,0.39999999999999997,0.3333333333333333,1.0,1.0,1.0,1.0,2.0,720,2.0,161.897,162.028,161.819,161.848,8367.0,12.0,46.88,0.235,-0.017,0.032,162.446,161.609,38.91,34.81,22.85,16.44,20.55,37.19,162.105,48.92,0.171,0,1,0,0,0,0,0,0,1
2025-04-01 12:00:00,-0.20000000000000018,0.20000000000000018,-0.0555555555555556,1.0,-1.0,-1.0,2.0,2.0,720,2.0,161.897,162.028,161.819,161.848,8367.0,12.0,46.88,0.235,-0.017,0.032,162.446,161.609,38.91,34.81,22.85,16.44,20.55,37.19,162.105,48.92,0.171,0,1,0,0,0,0,0,0,1
2025-04-01 12:00:00,-0.09999999999999964,0.09999999999999964,-0.030303030303030196,1.0,-1.0,-1.0,2.0,3.0,720,2.0,161.897,162.028,161.819,161.848,8367.0,12.0,46.88,0.235,-0.017,0.032,162.446,161.609,38.91,34.81,22.85,16.44,20.55,37.19,162.105,48.92,0.171,0,1,0,0,0,0,0,0,1
2025-04-01 12:00:00,-0.20000000000000018,0.20000000000000018,-0.02739726027397263,1.0,1.0,1.0,1.0,2.0,720,2.0,161.897,162.028,161.819,161.848,8367.0,12.0,46.88,0.235,-0.017,0.032,162.446,161.609,38.91,34.81,22.85,16.44,20.55,37.19,162.105,48.92,0.171,0,0,1,0,0,0,0,0,1
2025-04-01 12:00:00,0.7000000000000001,0.7000000000000001,0.6363636363636364,1.0,1.0,1.0,1.0,1.0,720,2.0,161.897,162.028,161.819,161.848,8367.0,12.0,46.88,0.235,-0.017,0.032,162.446,161.609,38.91,34.81,22.85,16.44,20.55,37.19,162.105,48.92,0.171,0,1,0,0,0,0,0,0,1
2025-04-01 12:00:00,-0.20000000000000018,0.20000000000000018,-0.0555555555555556,1.0,-1.0,-1.0,2.0,1.0,720,2.0,161.897,162.028,161.819,161.848,8367.0,12.0,46.88,0.235,-0.017,0.032,162.446,161.609,38.91,34.81,22.85,16.44,20.55,37.19,162.105,48.92,0.171,0,1,0,0,0,0,0,0,1
2025-04-03 11:00:00,0.6000000000000014,0.6000000000000014,0.01167315175097279,1.0,1.0,1.0,1.0,2.0,660,4.0,161.557,161.961,161.515,161.63,16772.0,11.0,51.57,0.728,-0.139,-0.166,163.308,160.15,73.68,61.79,22.66,24.7,11.8,48.48,161.781,60.25,0.299,1,0,0,0,0,0,0,0,1
2025-04-03 11:00:00,0.5,0.5,0.009727626459143969,1.0,1.0,1.0,1.0,2.0,660,4.0,161.557,161.961,161.515,161.63,16772.0,11.0,51.57,0.728,-0.139,-0.166,163.308,160.15,73.68,61.79,22.66,24.7,11.8,48.48,161.781,60.25,0.299,1,0,0,0,0,0,0,0,1
2025-04-03 12:00:00,-0.3,0.3,-0.19999999999999998,1.0,-1.0,-1.0,2.0,1.0,720,4.0,161.63,161.894,161.433,161.663,16243.0,12.0,52.07,0.745,-0.107,-0.168,163.297,160.141,76.01,71.0,23.09,21.41,12.59,48.87,161.741,59.48,0.325,0,1,0,0,0,0,0,0,1
2025-04-03 12:00:00,-0.8999999999999999,0.8999999999999999,-0.18367346938775508,1.0,-1.0,-1.0,2.0,1.0,720,4.0,161.63,161.894,161.433,161.663,16243.0,12.0,52.07,0.745,-0.107,-0.168,163.297,160.141,76.01,71.0,23.09,21.41,12.59,48.87,161.741,59.48,0.325,0,1,0,0,0,0,0,0,1
2025-04-07 11:30:00,-12.4,12.4,-1.5308641975308643,1.0,-1.0,-1.0,2.0,1.0,690,1.0,160.39,160.945,160.307,160.716,26885.0,11.0,52.23,0.784,-0.152,-0.268,161.416,159.218,57.23,58.41,23.28,23.93,11.89,44.86,161.272,58.0,0.333,0,0,0,0,0,1,0,0,1
2025-04-07 12:00:00,1.0999999999999999,1.0999999999999999,0.4999999999999999,1.0,1.0,1.0,1.0,1.0,720,1.0,160.714,160.828,159.901,160.075,21937.0,12.0,46.15,0.814,-0.162,-0.243,161.406,159.199,57.08,56.68,21.84,20.74,16.14,50.47,161.278,48.27,0.386,0,0,0,0,0,0,1,0,1
2025-04-07 12:00:00,0.3,0.3,0.3,1.0,1.0,1.0,1.0,1.0,720,1.0,160.714,160.828,159.901,160.075,21937.0,12.0,46.15,0.814,-0.162,-0.243,161.406,159.199,57.08,56.68,21.84,20.74,16.14,50.47,161.278,48.27,0.386,0,0,0,0,0,0,1,0,1
2025-04-15 12:00:00,-0.7999999999999998,0.7999999999999998,-0.2758620689655172,1.0,-1.0,-1.0,2.0,2.0,720,2.0,162.148,162.148,161.786,162.064,12954.0,12.0,41.39,0.321,-0.062,-0.039,162.757,162.03,42.11,57.58,15.92,12.5,25.4,46.04,162.04,33.28,0.246,1,0,0,0,0,0,0,0,1
2025-04-15 12:00:00,2.4,2.4,1.0909090909090908,1.0,1.0,1.0,1.0,1.0,720,2.0,162.148,162.148,161.786,162.064,12954.0,12.0,41.39,0.321,-0.062,-0.039,162.757,162.03,42.11,57.58,15.92,12.5,25.4,46.04,162.04,33.28,0.246,1,0,0,0,0,0,0,0,1
2025-04-15 12:05:00,-45.6,45.6,-1.6227758007117437,1.0,-1.0,-1.0,2.0,2.0,725,2.0,162.148,162.148,161.786,162.064,12954.0,12.0,41.39,0.321,-0.062,-0.039,162.757,162.03,42.11,57.58,15.92,12.5,25.4,46.04,162.04,33.28,0.246,0,0,0,0,0,1,0,0,1
2025-04-16 11:00:00,-4.100000000000001,4.100000000000001,-0.10406091370558379,1.0,-1.0,-1.0,2.0,1.0,660,3.0,161.745,162.262,161.595,162.078,20452.0,11.0,59.16,0.273,-0.067,-0.154,161.967,161.268,70.01,68.8,17.43,22.93,11.86,52.22,162.172,53.51,0.178,0,0,0,0,0,0,0,1,1
2025-04-16 11:00:00,10.200000000000003,10.200000000000003,0.42677824267782444,1.0,1.0,1.0,1.0,1.0,660,3.0,161.745,162.262,161.595,162.078,20452.0,11.0,59.16,0.273,-0.067,-0.154,161.967,161.268,70.01,68.8,17.43,22.93,11.86,52.22,162.172,53.51,0.178,0,0,0,0,0,0,0,1,1
2025-04-16 12:00:00,0.3,0.3,0.23076923076923075,1.0,1.0,1.0,1.0,1.0,720,3.0,162.087,162.258,162.017,162.186,16222.0,12.0,61.96,0.274,-0.026,-0.132,162.046,161.219,80.19,71.9,19.35,19.87,10.28,49.35,162.19,66.87,0.233,0,1,0,0,0,0,0,0,1
2025-04-16 12:00:00,-0.19999999999999973,0.19999999999999973,-0.06060606060606053,1.0,-1.0,-1.0,2.0,1.0,720,3.0,162.087,162.258,162.017,162.186,16222.0,12.0,61.96,0.274,-0.026,-0.132,162.046,161.219,80.19,71.9,19.35,19.87,10.28,49.35,162.19,66.87,0.233,0,1,0,0,0,0,0,0,1
2025-04-16 12:00:00,0.10000000000000009,0.10000000000000009,0.02941176470588238,1.0,1.0,1.0,1.0,1.0,720,3.0,162.087,162.258,162.017,162.186,16222.0,12.0,61.96,0.274,-0.026,-0.132,162.046,161.219,80.19,71.9,19.35,19.87,10.28,49.35,162.19,66.87,0.233,0,1,0,0,0,0,0,0,1
2025-04-22 17:00:00,-2.1999999999999993,2.1999999999999993,-0.1419354838709677,1.0,-1.0,-1.0,2.0,1.0,1020,2.0,161.523,161.647,161.386,161.516,14795.0,17.0,44.62,0.269,-0.192,-0.185,162.371,160.998,61.91,38.5,44.01,15.5,23.04,44.87,161.904,58.24,0.15,0,0,0,0,0,1,0,0,1
2025-04-23 11:00:00,-0.09999999999999432,0.09999999999999432,-0.002008032128513942,1.0,-1.0,-1.0,2.0,2.0,660,3.0,161.524,161.784,161.4,161.765,13325.0,11.0,51.71,0.325,-0.027,0.005,162.078,161.329,54.53,34.57,29.3,11.01,19.12,48.54,161.865,48.26,0.183,1,0,0,0,0,0,0,0,1
2025-04-23 11:00:00,-1.3999999999999986,1.3999999999999986,-0.02687140115163145,1.0,-1.0,-1.0,2.0,2.0,660,3.0,161.524,161.784,161.4,161.765,13325.0,11.0,51.71,0.325,-0.027,0.005,162.078,161.329,54.53,34.57,29.3,11.01,19.12,48.54,161.865,48.26,0.183,1,0,0,0,0,0,0,0,1
2025-04-23 11:00:00,-0.10000000000000142,0.10000000000000142,-0.0019531250000000278,1.0,-1.0,-1.0,2.0,2.0,660,3.0,161.524,161.784,161.4,161.765,13325.0,11.0,51.71,0.325,-0.027,0.005,162.078,161.329,54.53,34.57,29.3,11.01,19.12,48.54,161.865,48.26,0.183,1,0,0,0,0,0,0,0,1
2025-04-23 12:00:00,14.3,14.3,1.3364485981308414,1.0,1.0,1.0,1.0,2.0,720,3.0,161.763,162.121,161.737,162.003,11721.0,12.0,57.58,0.343,0.001,0.001,162.113,161.341,78.53,54.89,27.04,21.24,16.57,48.83,161.873,59.73,0.194,0,0,0,0,0,0,0,1,1
2025-04-23 12:00:00,6.9,6.9,0.456953642384106,1.0,1.0,1.0,1.0,2.0,720,3.0,161.763,162.121,161.737,162.003,11721.0,12.0,57.58,0.343,0.001,0.001,162.113,161.341,78.53,54.89,27.04,21.24,16.57,48.83,161.873,59.73,0.194,0,0,0,0,0,0,0,1,1
2025-04-23 12:00:00,-1.0,1.0,-0.6666666666666666,1.0,-1.0,-1.0,2.0,1.0,720,3.0,161.763,162.121,161.737,162.003,11721.0,12.0,57.58,0.343,0.001,0.001,162.113,161.341,78.53,54.89,27.04,21.24,16.57,48.83,161.873,59.73,0.194,1,0,0,0,0,0,0,0,1
2025-04-23 12:00:00,-0.6000000000000001,0.6000000000000001,-0.33333333333333337,1.0,-1.0,-1.0,2.0,1.0,720,3.0,161.763,162.121,161.737,162.003,11721.0,12.0,57.58,0.343,0.001,0.001,162.113,161.341,78.53,54.89,27.04,21.24,16.57,48.83,161.873,59.73,0.194,1,0,0,0,0,0,0,0,1
2025-04-29 11:00:00,-0.19999999999999973,0.19999999999999973,-0.041666666666666616,1.0,-1.0,-1.0,2.0,1.0,660,2.0,162.371,162.385,162.102,162.325,11183.0,11.0,44.71,0.161,-0.129,-0.174,162.555,162.039,69.37,63.69,30.49,18.88,19.76,48.28,162.488,44.52,0.124,0,0,0,1,0,0,0,0,1
2025-04-29 11:00:00,0.09999999999999987,0.09999999999999987,0.03846153846153841,1.0,1.0,1.0,1.0,2.0,660,2.0,162.371,162.385,162.102,162.325,11183.0,11.0,44.71,0.161,-0.129,-0.174,162.555,162.039,69.37,63.69,30.49,18.88,19.76,48.28,162.488,44.52,0.124,0,0,0,1,0,0,0,0,1
2025-04-29 11:00:00,-0.30000000000000027,0.30000000000000027,-0.08333333333333341,1.0,-1.0,-1.0,2.0,1.0,660,2.0,162.371,162.385,162.102,162.325,11183.0,11.0,44.71,0.161,-0.129,-0.174,162.555,162.039,69.37,63.69,30.49,18.88,19.76,48.28,162.488,44.52,0.124,0,0,0,1,0,0,0,0,1
2025-04-29 11:00:00,-0.10000000000000009,0.10000000000000009,-0.02702702702702705,1.0,-1.0,-1.0,2.0,1.0,660,2.0,162.371,162.385,162.102,162.325,11183.0,11.0,44.71,0.161,-0.129,-0.174,162.555,162.039,69.37,63.69,30.49,18.88,19.76,48.28,162.488,44.52,0.124,0,0,0,1,0,0,0,0,1
2025-04-29 12:00:00,3.200000000000003,3.200000000000003,0.11678832116788332,1.0,1.0,1.0,1.0,3.0,720,2.0,162.326,162.541,162.301,162.429,9533.0,12.0,50.19,0.169,-0.108,-0.163,162.51,162.065,69.6,68.39,28.92,25.03,17.13,49.05,162.512,61.43,0.146,0,0,0,0,0,1,0,0,1
2025-04-29 12:00:00,-0.040000000000000036,0.040000000000000036,-0.024539877300613522,1.0,-1.0,-1.0,2.0,1.0,720,2.0,162.326,162.541,162.301,162.429,9533.0,12.0,50.19,0.169,-0.108,-0.163,162.51,162.065,69.6,68.39,28.92,25.03,17.13,49.05,162.512,61.43,0.146,0,0,0,0,1,0,0,0,1
2025-04-29 12:00:00,-0.1999999999999993,0.1999999999999993,-0.016666666666666607,1.0,-1.0,-1.0,2.0,1.0,720,2.0,162.326,162.541,162.301,162.429,9533.0,12.0,50.19,0.169,-0.108,-0.163,162.51,162.065,69.6,68.39,28.92,25.03,17.13,49.05,162.512,61.43,0.146,0,0,0,0,0,1,0,0,1
2025-04-29 12:00:00,-2.0,2.0,-0.45454545454545453,1.0,-1.0,-1.0,2.0,1.0,720,2.0,162.326,162.541,162.301,162.429,9533.0,12.0,50.19,0.169,-0.108,-0.163,162.51,162.065,69.6,68.39,28.92,25.03,17.13,49.05,162.512,61.43,0.146,0,0,0,0,0,1,0,0,1
2025-04-29 12:00:00,-1.9000000000000057,1.9000000000000057,-0.019689119170984516,1.0,-1.0,-1.0,2.0,2.0,720,2.0,162.326,162.541,162.301,162.429,9533.0,12.0,50.19,0.169,-0.108,-0.163,162.51,162.065,69.6,68.39,28.92,25.03,17.13,49.05,162.512,61.43,0.146,0,0,0,0,0,1,0,0,1
2025-04-29 12:00:00,-1.1999999999999993,1.1999999999999993,-0.09090909090909086,1.0,-1.0,-1.0,2.0,1.0,720,2.0,162.326,162.541,162.301,162.429,9533.0,12.0,50.19,0.169,-0.108,-0.163,162.51,162.065,69.6,68.39,28.92,25.03,17.13,49.05,162.512,61.43,0.146,0,0,0,0,0,1,0,0,1
2025-04-30 12:00:00,0.5,0.5,0.29411764705882354,1.0,1.0,1.0,1.0,2.0,720,3.0,162.432,162.652,162.427,162.532,7620.0,12.0,63.11,0.216,0.031,-0.072,162.47,161.675,87.3,88.99,42.4,36.95,5.72,50.86,162.515,71.81,0.137,1,0,0,0,0,0,0,0,1
2025-04-30 12:00:00,0.4,0.4,0.4,1.0,1.0,1.0,1.0,2.0,720,3.0,162.432,162.652,162.427,162.532,7620.0,12.0,63.11,0.216,0.031,-0.072,162.47,161.675,87.3,88.99,42.4,36.95,5.72,50.86,162.515,71.81,0.137,1,0,0,0,0,0,0,0,1
2025-05-02 11:00:00,0.29999999999999716,0.29999999999999716,0.00603621730382288,1.0,1.0,1.0,1.0,2.0,660,5.0,164.42,164.432,164.138,164.141,10611.0,11.0,55.93,0.227,0.317,0.402,164.627,163.842,46.15,46.15,37.39,17.66,15.83,66.74,162.758,48.77,0.124,1,0,0,0,0,0,0,0,1
2025-05-02 12:00:00,0.6,0.6,0.4285714285714286,1.0,1.0,1.0,1.0,1.0,720,5.0,164.146,164.2,163.985,164.115,12087.0,12.0,55.17,0.23,0.282,0.38,164.557,163.958,27.29,41.48,35.14,15.3,23.2,59.57,162.801,33.67,0.135,0,1,0,0,0,0,0,0,1
2025-05-02 12:00:00,-0.20000000000000007,0.20000000000000007,-0.11111111111111115,1.0,-1.0,-1.0,2.0,2.0,720,5.0,164.146,164.2,163.985,164.115,12087.0,12.0,55.17,0.23,0.282,0.38,164.557,163.958,27.29,41.48,35.14,15.3,23.2,59.57,162.801,33.67,0.135,0,1,0,0,0,0,0,0,1
2025-05-02 12:00:00,0.40000000000000036,0.40000000000000036,0.12121212121212133,1.0,1.0,1.0,1.0,2.0,720,5.0,164.146,164.2,163.985,164.115,12087.0,12.0,55.17,0.23,0.282,0.38,164.557,163.958,27.29,41.48,35.14,15.3,23.2,59.57,162.801,33.67,0.135,0,1,0,0,0,0,0,0,1
2025-05-02 12:00:00,-0.09999999999999964,0.09999999999999964,-0.030303030303030196,1.0,-1.0,-1.0,2.0,3.0,720,5.0,164.146,164.2,163.985,164.115,12087.0,12.0,55.17,0.23,0.282,0.38,164.557,163.958,27.29,41.48,35.14,15.3,23.2,59.57,162.801,33.67,0.135,0,1,0,0,0,0,0,0,1
2025-05-02 12:00:00,-0.29999999999999993,0.29999999999999993,-0.13636363636363633,1.0,-1.0,-1.0,2.0,1.0,720,5.0,164.146,164.2,163.985,164.115,12087.0,12.0,55.17,0.23,0.282,0.38,164.557,163.958,27.29,41.48,35.14,15.3,23.2,59.57,162.801,33.67,0.135,0,1,0,0,0,0,0,0,1
2025-05-02 12:00:00,0.20000000000000018,0.20000000000000018,0.0571428571428572,1.0,1.0,1.0,1.0,1.0,720,5.0,164.146,164.2,163.985,164.115,12087.0,12.0,55.17,0.23,0.282,0.38,164.557,163.958,27.29,41.48,35.14,15.3,23.2,59.57,162.801,33.67,0.135,0,1,0,0,0,0,0,0,1
2025-05-05 11:30:00,-12.600000000000001,12.600000000000001,-1.6363636363636365,1.0,-1.0,-1.0,2.0,1.0,690,1.0,163.324,163.342,163.07,163.163,10145.0,11.0,32.75,0.2,-0.141,-0.086,163.994,163.237,24.34,21.44,27.68,10.96,32.71,49.07,163.078,29.9,0.084,0,0,0,0,0,1,0,0,1
2025-05-06 11:00:00,0.3999999999999986,0.3999999999999986,0.007889546351084784,1.0,1.0,1.0,1.0,2.0,660,2.0,162.519,162.529,162.057,162.128,12618.0,11.0,23.61,0.213,-0.218,-0.225,163.122,162.29,21.42,47.94,31.69,15.85,27.3,36.32,163.211,27.86,0.12,1,0,0,0,0,0,0,0,1
2025-05-06 11:00:00,0.29999999999999716,0.29999999999999716,0.005870841487279788,1.0,1.0,1.0,1.0,2.0,660,2.0,162.519,162.529,162.057,162.128,12618.0,11.0,23.61,0.213,-0.218,-0.225,163.122,162.29,21.42,47.94,31.69,15.85,27.3,36.32,163.211,27.86,0.12,1,0,0,0,0,0,0,0,1
2025-05-06 12:00:00,-2.2,2.2,-1.375,1.0,-1.0,-1.0,2.0,1.0,720,2.0,162.13,162.154,162.004,162.099,9792.0,12.0,23.11,0.209,-0.243,-0.221,163.109,162.203,11.23,26.36,32.1,13.74,28.37,31.38,163.18,23.55,0.14,0,1,0,0,0,0,0,0,1
2025-05-06 12:00:00,-1.4,1.4,-0.3255813953488372,1.0,-1.0,-1.0,2.0,1.0,720,2.0,162.13,162.154,162.004,162.099,9792.0,12.0,23.11,0.209,-0.243,-0.221,163.109,162.203,11.23,26.36,32.1,13.74,28.37,31.38,163.18,23.55,0.14,0,1,0,0,0,0,0,0,1
2025-05-07 12:00:00,-0.3999999999999999,0.3999999999999999,-0.1379310344827586,1.0,-1.0,-1.0,2.0,1.0,720,3.0,162.775,162.84,162.694,162.76,8296.0,12.0,61.99,0.242,0.079,-0.026,162.851,161.671,65.85,73.02,31.13,27.07,9.33,51.63,163.125,60.68,0.136,0,0,0,0,0,0,1,0,1
2025-05-07 12:00:00,-0.1,0.1,-0.1,1.0,-1.0,-1.0,2.0,1.0,720,3.0,162.775,162.84,162.694,162.76,8296.0,12.0,61.99,0.242,0.079,-0.026,162.851,161.671,65.85,73.02,31.13,27.07,9.33,51.63,163.125,60.68,0.136,0,0,0,0,0,0,1,0,1
2025-05-13 12:05:00,10.9,10.9,6.411764705882353,1.0,1.0,1.0,1.0,2.0,725,2.0,164.366,164.416,164.293,164.362,7232.0,12.0,53.3,0.184,0.048,0.071,164.735,164.097,63.51,65.72,13.76,13.37,13.04,66.48,163.729,52.74,0.134,0,0,0,0,0,1,0,0,1
2025-05-15 12:00:00,0.19999999999999998,0.19999999999999998,0.1818181818181818,1.0,1.0,1.0,1.0,1.0,720,4.0,163.383,163.542,163.341,163.484,7598.0,12.0,36.37,0.206,-0.245,-0.228,164.312,163.22,39.75,28.26,47.24,9.67,20.6,39.9,164.183,50.68,0.124,0,0,1,0,0,0,0,0,1
2025-05-15 12:00:00,3.7,3.7,1.7619047619047619,1.0,1.0,1.0,1.0,2.0,720,4.0,163.383,163.542,163.341,163.484,7598.0,12.0,36.37,0.206,-0.245,-0.228,164.312,163.22,39.75,28.26,47.24,9.67,20.6,39.9,164.183,50.68,0.124,1,0,0,0,0,0,0,0,1
2025-05-15 12:00:00,3.6,3.6,3.6,1.0,1.0,1.0,1.0,1.0,720,4.0,163.383,163.542,163.341,163.484,7598.0,12.0,36.37,0.206,-0.245,-0.228,164.312,163.22,39.75,28.26,47.24,9.67,20.6,39.9,164.183,50.68,0.124,1,0,0,0,0,0,0,0,1
2025-05-15 12:00:00,-0.10000000000000003,0.10000000000000003,-0.07142857142857145,1.0,-1.0,-1.0,2.0,2.0,720,4.0,163.383,163.542,163.341,163.484,7598.0,12.0,36.37,0.206,-0.245,-0.228,164.312,163.22,39.75,28.26,47.24,9.67,20.6,39.9,164.183,50.68,0.124,1,0,0,0,0,0,0,0,1
2025-05-16 12:00:00,11.999999999999998,11.999999999999998,0.7100591715976331,1.0,1.0,1.0,1.0,2.0,720,5.0,162.72,163.022,162.688,162.947,7320.0,12.0,47.94,0.237,-0.177,-0.234,163.083,162.571,63.49,53.34,18.66,23.69,15.51,39.19,163.885,49.53,0.122,0,0,0,0,0,0,0,1,1
2025-05-16 12:00:00,25.0,25.0,1.937984496124031,1.0,1.0,1.0,1.0,2.0,720,5.0,162.72,163.022,162.688,162.947,7320.0,12.0,47.94,0.237,-0.177,-0.234,163.083,162.571,63.49,53.34,18.66,23.69,15.51,39.19,163.885,49.53,0.122,0,0,0,0,0,0,0,1,1
2025-05-19 12:00:00,-0.20000000000000007,0.20000000000000007,-0.11111111111111115,1.0,-1.0,-1.0,2.0,1.0,720,1.0,163.094,163.382,163.048,163.359,10634.0,12.0,67.13,0.247,0.01,-0.127,163.136,162.071,98.22,90.94,28.34,42.24,11.09,50.07,163.455,77.54,0.137,0,1,0,0,0,0,0,0,1
2025-05-19 12:00:00,-0.10000000000000009,0.10000000000000009,-0.03125000000000003,1.0,-1.0,-1.0,2.0,1.0,720,1.0,163.094,163.382,163.048,163.359,10634.0,12.0,67.13,0.247,0.01,-0.127,163.136,162.071,98.22,90.94,28.34,42.24,11.09,50.07,163.455,77.54,0.137,0,1,0,0,0,0,0,0,1
2025-05-20 11:00:00,8.799999999999997,8.799999999999997,0.20417633410672847,1.0,1.0,1.0,1.0,1.0,660,2.0,162.517,162.666,162.426,162.666,10153.0,11.0,45.84,0.227,-0.058,-0.005,163.169,162.515,34.12,24.24,31.75,8.63,21.73,42.42,163.065,36.27,0.132,0,0,0,0,0,0,0,1,1
2025-05-20 11:00:00,17.5,17.5,0.4013761467889908,1.0,1.0,1.0,1.0,1.0,660,2.0,162.517,162.666,162.426,162.666,10153.0,11.0,45.84,0.227,-0.058,-0.005,163.169,162.515,34.12,24.24,31.75,8.63,21.73,42.42,163.065,36.27,0.132,0,0,0,0,0,0,0,1,1
2025-05-20 12:00:00,-0.1,0.1,-0.08333333333333334,1.0,-1.0,-1.0,2.0,1.0,720,2.0,162.666,162.766,162.597,162.621,6845.0,12.0,44.62,0.232,-0.063,-0.016,163.128,162.505,39.05,31.45,28.87,15.37,18.83,42.77,163.006,51.53,0.135,1,0,0,0,0,0,0,0,1
2025-05-20 12:00:00,-0.6000000000000001,0.6000000000000001,-0.4000000000000001,1.0,-1.0,-1.0,2.0,1.0,720,2.0,162.666,162.766,162.597,162.621,6845.0,12.0,44.62,0.232,-0.063,-0.016,163.128,162.505,39.05,31.45,28.87,15.37,18.83,42.77,163.006,51.53,0.135,1,0,0,0,0,0,0,0,1
2025-05-20 17:00:00,1.8000000000000007,1.8000000000000007,0.10000000000000003,1.0,1.0,1.0,1.0,1.0,1020,2.0,162.895,162.966,162.796,162.9,14460.0,17.0,54.51,0.242,-0.027,-0.054,163.08,162.458,82.23,71.37,23.09,19.65,15.08,48.67,162.959,62.88,0.11,0,0,0,0,0,1,0,0,1
2025-05-22 11:00:00,0.8999999999999986,0.8999999999999986,0.018181818181818153,1.0,1.0,1.0,1.0,2.0,660,4.0,161.934,162.151,161.829,161.93,13654.0,11.0,30.1,0.289,-0.202,-0.116,163.239,161.981,19.32,25.55,25.66,8.58,21.42,33.07,162.771,29.63,0.15,1,0,0,0,0,0,0,0,1
2025-05-22 11:00:00,-2.1000000000000014,2.1000000000000014,-0.040384615384615415,1.0,-1.0,-1.0,2.0,2.0,660,4.0,161.934,162.151,161.829,161.93,13654.0,11.0,30.1,0.289,-0.202,-0.116,163.239,161.981,19.32,25.55,25.66,8.58,21.42,33.07,162.771,29.63,0.15,1,0,0,0,0,0,0,0,1
2025-05-22 11:00:00,-0.8999999999999986,0.8999999999999986,-0.017509727626459116,1.0,-1.0,-1.0,2.0,2.0,660,4.0,161.934,162.151,161.829,161.93,13654.0,11.0,30.1,0.289,-0.202,-0.116,163.239,161.981,19.32,25.55,25.66,8.58,21.42,33.07,162.771,29.63,0.15,1,0,0,0,0,0,0,0,1
2025-05-27 12:00:00,0.019999999999999907,0.019999999999999907,0.012738853503184655,1.0,1.0,1.0,1.0,1.0,720,2.0,163.27,163.438,163.234,163.322,9045.0,12.0,72.05,0.229,0.174,0.041,163.282,161.945,89.95,90.8,37.67,38.84,9.26,63.82,162.484,75.76,0.152,0,0,0,0,1,0,0,0,1
2025-05-27 12:00:00,0.5999999999999996,0.5999999999999996,0.05042016806722686,1.0,1.0,1.0,1.0,1.0,720,2.0,163.27,163.438,163.234,163.322,9045.0,12.0,72.05,0.229,0.174,0.041,163.282,161.945,89.95,90.8,37.67,38.84,9.26,63.82,162.484,75.76,0.152,0,0,0,0,0,1,0,0,1
2025-05-27 12:00:00,-0.8999999999999999,0.8999999999999999,-0.2647058823529412,1.0,-1.0,-1.0,2.0,1.0,720,2.0,163.27,163.438,163.234,163.322,9045.0,12.0,72.05,0.229,0.174,0.041,163.282,161.945,89.95,90.8,37.67,38.84,9.26,63.82,162.484,75.76,0.152,0,0,0,0,0,1,0,0,1
2025-05-27 12:00:00,0.3999999999999915,0.3999999999999915,0.004192872117400329,1.0,1.0,1.0,1.0,2.0,720,2.0,163.27,163.438,163.234,163.322,9045.0,12.0,72.05,0.229,0.174,0.041,163.282,161.945,89.95,90.8,37.67,38.84,9.26,63.82,162.484,75.76,0.152,0,0,0,0,0,1,0,0,1
2025-05-27 12:00:00,-10.600000000000001,10.600000000000001,-0.30113636363636365,1.0,-1.0,-1.0,2.0,3.0,720,2.0,163.27,163.438,163.234,163.322,9045.0,12.0,72.05,0.229,0.174,0.041,163.282,161.945,89.95,90.8,37.67,38.84,9.26,63.82,162.484,75.76,0.152,0,0,0,0,0,1,0,0,1
2025-05-27 12:00:00,-3.6999999999999993,3.6999999999999993,-0.2936507936507936,1.0,-1.0,-1.0,2.0,1.0,720,2.0,163.27,163.438,163.234,163.322,9045.0,12.0,72.05,0.229,0.174,0.041,163.282,161.945,89.95,90.8,37.67,38.84,9.26,63.82,162.484,75.76,0.152,0,0,0,0,0,1,0,0,1
2025-05-30 11:00:00,0.10000000000000009,0.10000000000000009,0.020833333333333353,1.0,1.0,1.0,1.0,1.0,660,5.0,163.314,163.4,163.105,163.124,9952.0,11.0,33.82,0.216,-0.15,-0.095,164.153,163.004,32.69,31.21,45.8,7.14,19.57,46.41,163.35,44.36,0.136,0,0,0,1,0,0,0,0,1
2025-05-30 11:00:00,0.09999999999999987,0.09999999999999987,0.03571428571428567,1.0,1.0,1.0,1.0,2.0,660,5.0,163.314,163.4,163.105,163.124,9952.0,11.0,33.82,0.216,-0.15,-0.095,164.153,163.004,32.69,31.21,45.8,7.14,19.57,46.41,163.35,44.36,0.136,0,0,0,1,0,0,0,0,1
2025-05-30 11:00:00,-0.10000000000000009,0.10000000000000009,-0.02702702702702705,1.0,-1.0,-1.0,2.0,1.0,660,5.0,163.314,163.4,163.105,163.124,9952.0,11.0,33.82,0.216,-0.15,-0.095,164.153,163.004,32.69,31.21,45.8,7.14,19.57,46.41,163.35,44.36,0.136,0,0,0,1,0,0,0,0,1
2025-06-03 12:00:00,-0.30000000000000027,0.30000000000000027,-0.08108108108108115,1.0,-1.0,-1.0,2.0,1.0,720,2.0,162.956,163.105,162.889,163.025,7715.0,12.0,41.66,0.214,-0.034,0.018,163.566,162.942,25.22,22.43,26.39,12.86,28.76,49.87,163.426,39.12,0.124,0,1,0,0,0,0,0,0,1
2025-06-03 12:00:00,-0.6,0.6,-0.35294117647058826,1.0,-1.0,-1.0,2.0,1.0,720,2.0,162.956,163.105,162.889,163.025,7715.0,12.0,41.66,0.214,-0.034,0.018,163.566,162.942,25.22,22.43,26.39,12.86,28.76,49.87,163.426,39.12,0.124,0,1,0,0,0,0,0,0,1
2025-06-03 12:00:00,-0.09999999999999964,0.09999999999999964,-0.013698630136986254,1.0,1.0,1.0,1.0,2.0,720,2.0,162.956,163.105,162.889,163.025,7715.0,12.0,41.66,0.214,-0.034,0.018,163.566,162.942,25.22,22.43,26.39,12.86,28.76,49.87,163.426,39.12,0.124,0,0,1,0,0,0,0,0,1
2025-06-03 12:00:00,-0.7,0.7,-0.4117647058823529,1.0,-1.0,-1.0,2.0,1.0,720,2.0,162.956,163.105,162.889,163.025,7715.0,12.0,41.66,0.214,-0.034,0.018,163.566,162.942,25.22,22.43,26.39,12.86,28.76,49.87,163.426,39.12,0.124,0,1,0,0,0,0,0,0,1
2025-06-03 12:00:00,-0.40000000000000036,0.40000000000000036,-0.1081081081081082,1.0,-1.0,-1.0,2.0,2.0,720,2.0,162.956,163.105,162.889,163.025,7715.0,12.0,41.66,0.214,-0.034,0.018,163.566,162.942,25.22,22.43,26.39,12.86,28.76,49.87,163.426,39.12,0.124,0,1,0,0,0,0,0,0,1
2025-06-03 12:00:00,-0.4,0.4,-0.28571428571428575,1.0,-1.0,-1.0,2.0,2.0,720,2.0,162.956,163.105,162.889,163.025,7715.0,12.0,41.66,0.214,-0.034,0.018,163.566,162.942,25.22,22.43,26.39,12.86,28.76,49.87,163.426,39.12,0.124,0,1,0,0,0,0,0,0,1
2025-06-03 12:00:00,-0.30000000000000027,0.30000000000000027,-0.09375000000000008,1.0,-1.0,-1.0,2.0,3.0,720,2.0,162.956,163.105,162.889,163.025,7715.0,12.0,41.66,0.214,-0.034,0.018,163.566,162.942,25.22,22.43,26.39,12.86,28.76,49.87,163.426,39.12,0.124,0,1,0,0,0,0,0,0,1
2025-06-04 11:00:00,0.8000000000000043,0.8000000000000043,0.0160320641282566,1.0,1.0,1.0,1.0,2.0,660,3.0,164.065,164.173,164.006,164.027,7756.0,11.0,62.53,0.213,0.154,0.14,164.044,163.515,70.15,61.35,41.69,29.46,10.36,63.45,163.44,64.48,0.12,1,0,0,0,0,0,0,0,1
2025-06-04 11:00:00,0.7000000000000028,0.7000000000000028,0.013861386138613917,1.0,1.0,1.0,1.0,2.0,660,3.0,164.065,164.173,164.006,164.027,7756.0,11.0,62.53,0.213,0.154,0.14,164.044,163.515,70.15,61.35,41.69,29.46,10.36,63.45,163.44,64.48,0.12,1,0,0,0,0,0,0,0,1
2025-06-05 12:00:00,-1.9000000000000001,1.9000000000000001,-1.4615384615384617,1.0,-1.0,-1.0,2.0,1.0,720,4.0,163.524,163.557,163.416,163.536,7134.0,12.0,57.24,0.177,-0.019,-0.109,163.63,162.803,79.31,85.15,35.57,24.56,15.44,58.18,163.397,61.99,0.096,0,1,0,0,0,0,0,0,1
2025-06-05 12:00:00,-0.8,0.8,-0.32,1.0,-1.0,-1.0,2.0,1.0,720,4.0,163.524,163.557,163.416,163.536,7134.0,12.0,57.24,0.177,-0.019,-0.109,163.63,162.803,79.31,85.15,35.57,24.56,15.44,58.18,163.397,61.99,0.096,0,1,0,0,0,0,0,0,1
2025-06-06 12:00:00,0.6999999999999997,0.6999999999999997,0.2692307692307691,1.0,1.0,1.0,1.0,1.0,720,5.0,164.434,164.656,164.4,164.624,6790.0,12.0,62.42,0.199,0.207,0.235,164.678,164.209,36.07,43.21,49.86,22.01,6.0,68.74,163.714,49.15,0.112,0,0,0,0,0,0,1,0,1
2025-06-06 12:00:00,0.1,0.1,0.1,1.0,1.0,1.0,1.0,1.0,720,5.0,164.434,164.656,164.4,164.624,6790.0,12.0,62.42,0.199,0.207,0.235,164.678,164.209,36.07,43.21,49.86,22.01,6.0,68.74,163.714,49.15,0.112,0,0,0,0,0,0,1,0,1
2025-06-10 11:30:00,0.8999999999999995,0.8999999999999995,0.11538461538461532,1.0,1.0,1.0,1.0,1.0,690,2.0,164.895,165.067,164.84,165.017,8079.0,11.0,50.9,0.197,0.022,0.073,165.329,164.79,35.37,22.3,22.58,16.39,22.21,62.22,164.401,42.83,0.14,0,0,0,0,0,1,0,0,1
2025-06-13 12:00:00,-13.4,13.4,-0.551440329218107,1.0,-1.0,-1.0,2.0,2.0,720,5.0,165.771,166.125,165.753,166.067,11494.0,12.0,54.86,0.36,-0.066,-0.108,166.681,165.164,75.36,77.55,27.68,24.93,8.66,60.61,165.682,57.45,0.167,0,0,0,0,0,0,0,1,1
2025-06-13 12:00:00,-7.899999999999999,7.899999999999999,-0.3449781659388646,1.0,-1.0,-1.0,2.0,2.0,720,5.0,165.771,166.125,165.753,166.067,11494.0,12.0,54.86,0.36,-0.066,-0.108,166.681,165.164,75.36,77.55,27.68,24.93,8.66,60.61,165.682,57.45,0.167,0,0,0,0,0,0,0,1,1
2025-06-13 12:00:00,-0.8,0.8,-0.3076923076923077,1.0,-1.0,-1.0,2.0,1.0,720,5.0,165.771,166.125,165.753,166.067,11494.0,12.0,54.86,0.36,-0.066,-0.108,166.681,165.164,75.36,77.55,27.68,24.93,8.66,60.61,165.682,57.45,0.167,1,0,0,0,0,0,0,0,1
2025-06-13 12:00:00,-3.7,3.7,-1.6086956521739133,1.0,-1.0,-1.0,2.0,2.0,720,5.0,165.771,166.125,165.753,166.067,11494.0,12.0,54.86,0.36,-0.066,-0.108,166.681,165.164,75.36,77.55,27.68,24.93,8.66,60.61,165.682,57.45,0.167,1,0,0,0,0,0,0,0,1
2025-06-16 12:00:00,-1.1999999999999997,1.1999999999999997,-0.21428571428571425,1.0,-1.0,-1.0,2.0,1.0,720,1.0,167.034,167.107,166.878,166.941,7853.0,12.0,63.79,0.288,0.216,0.173,167.048,166.08,71.82,76.73,24.31,20.94,10.47,67.3,166.055,59.98,0.174,0,0,0,0,1,0,0,0,1
2025-06-16 12:00:00,-1.5000000000000004,1.5000000000000004,-0.25423728813559326,1.0,-1.0,-1.0,2.0,2.0,720,1.0,167.034,167.107,166.878,166.941,7853.0,12.0,63.79,0.288,0.216,0.173,167.048,166.08,71.82,76.73,24.31,20.94,10.47,67.3,166.055,59.98,0.174,0,0,1,0,0,0,0,0,1
2025-06-17 12:05:00,18.699999999999996,18.699999999999996,1.0624999999999998,1.0,1.0,1.0,1.0,2.0,725,2.0,167.388,167.511,167.32,167.367,9620.0,12.0,55.33,0.286,0.149,0.19,167.637,166.886,45.76,47.42,18.42,23.26,13.6,65.72,166.466,57.33,0.164,0,0,0,0,0,1,0,0,1
2025-06-18 11:00:00,-20.099999999999998,20.099999999999998,-0.49144254278728605,1.0,-1.0,-1.0,2.0,1.0,660,3.0,166.891,167.006,166.724,166.743,7463.0,11.0,42.39,0.177,-0.08,-0.075,167.334,166.521,31.37,36.17,15.88,14.75,16.2,53.21,166.651,55.18,0.115,0,0,0,0,0,0,0,1,1
2025-06-18 11:00:00,-22.900000000000002,22.900000000000002,-0.5300925925925926,1.0,-1.0,-1.0,2.0,1.0,660,3.0,166.891,167.006,166.724,166.743,7463.0,11.0,42.39,0.177,-0.08,-0.075,167.334,166.521,31.37,36.17,15.88,14.75,16.2,53.21,166.651,55.18,0.115,0,0,0,0,0,0,0,1,1
2025-06-18 12:00:00,-0.4,0.4,-0.3076923076923077,1.0,-1.0,-1.0,2.0,1.0,720,3.0,166.741,166.86,166.648,166.726,6527.0,12.0,41.85,0.181,-0.085,-0.076,167.221,166.56,26.88,33.05,16.31,12.78,18.82,52.59,166.666,46.67,0.12,0,1,0,0,0,0,0,0,1
2025-06-18 12:00:00,-0.40000000000000013,0.40000000000000013,-0.12500000000000003,1.0,-1.0,-1.0,2.0,1.0,720,3.0,166.741,166.86,166.648,166.726,6527.0,12.0,41.85,0.181,-0.085,-0.076,167.221,166.56,26.88,33.05,16.31,12.78,18.82,52.59,166.666,46.67,0.12,0,1,0,0,0,0,0,0,1
2025-06-19 12:00:00,1.8,1.8,1.6363636363636362,1.0,1.0,1.0,1.0,1.0,720,4.0,166.737,166.926,166.715,166.897,7493.0,12.0,61.57,0.199,-0.02,-0.108,166.815,166.153,90.3,86.64,26.69,29.87,11.41,58.16,166.84,70.29,0.112,1,0,0,0,0,0,0,0,1
2025-06-19 12:00:00,2.7,2.7,2.076923076923077,1.0,1.0,1.0,1.0,1.0,720,4.0,166.737,166.926,166.715,166.897,7493.0,12.0,61.57,0.199,-0.02,-0.108,166.815,166.153,90.3,86.64,26.69,29.87,11.41,58.16,166.84,70.29,0.112,1,0,0,0,0,0,0,0,1
2025-06-20 17:00:00,-1.3000000000000007,1.3000000000000007,-0.08666666666666671,1.0,-1.0,-1.0,2.0,1.0,1020,5.0,167.872,168.064,167.683,167.998,12509.0,17.0,70.54,0.21,0.228,0.197,167.92,167.024,84.24,83.78,54.24,33.12,5.21,71.57,167.075,72.52,0.101,0,0,0,0,0,1,0,0,1
2025-06-23 11:00:00,-0.7000000000000028,0.7000000000000028,-0.013539651837524232,1.0,-1.0,-1.0,2.0,2.0,660,1.0,169.404,169.579,169.362,169.482,10171.0,11.0,83.91,0.289,0.469,0.352,169.504,167.519,78.1,80.32,57.9,40.6,11.57,80.68,167.304,72.05,0.194,1,0,0,0,0,0,0,0,1
2025-06-23 11:00:00,0.6000000000000014,0.6000000000000014,0.01185770750988145,1.0,1.0,1.0,1.0,2.0,660,1.0,169.404,169.579,169.362,169.482,10171.0,11.0,83.91,0.289,0.469,0.352,169.504,167.519,78.1,80.32,57.9,40.6,11.57,80.68,167.304,72.05,0.194,1,0,0,0,0,0,0,0,1
2025-06-23 11:00:00,-0.20000000000000284,0.20000000000000284,-0.00395256916996053,1.0,-1.0,-1.0,2.0,2.0,660,1.0,169.404,169.579,169.362,169.482,10171.0,11.0,83.91,0.289,0.469,0.352,169.504,167.519,78.1,80.32,57.9,40.6,11.57,80.68,167.304,72.05,0.194,1,0,0,0,0,0,0,0,1
2025-06-27 12:00:00,-0.32,0.32,-0.21917808219178084,1.0,-1.0,-1.0,2.0,1.0,720,5.0,169.109,169.188,168.984,169.185,6165.0,12.0,55.98,0.247,0.03,-0.002,169.279,168.759,77.91,77.11,14.48,19.48,17.76,65.03,168.864,48.7,0.127,0,0,0,0,1,0,0,0,1
2025-06-27 12:00:00,-1.3000000000000007,1.3000000000000007,-0.11111111111111117,1.0,-1.0,-1.0,2.0,1.0,720,5.0,169.109,169.188,168.984,169.185,6165.0,12.0,55.98,0.247,0.03,-0.002,169.279,168.759,77.91,77.11,14.48,19.48,17.76,65.03,168.864,48.7,0.127,0,0,0,0,0,1,0,0,1
2025-06-27 12:00:00,-1.1,1.1,-0.22000000000000003,1.0,-1.0,-1.0,2.0,1.0,720,5.0,169.109,169.188,168.984,169.185,6165.0,12.0,55.98,0.247,0.03,-0.002,169.279,168.759,77.91,77.11,14.48,19.48,17.76,65.03,168.864,48.7,0.127,0,0,0,0,0,1,0,0,1
2025-06-27 12:00:00,0.5,0.5,0.005291005291005291,1.0,1.0,1.0,1.0,2.0,720,5.0,169.109,169.188,168.984,169.185,6165.0,12.0,55.98,0.247,0.03,-0.002,169.279,168.759,77.91,77.11,14.48,19.48,17.76,65.03,168.864,48.7,0.127,0,0,0,0,0,1,0,0,1
2025-06-27 12:00:00,4.199999999999999,4.199999999999999,0.23333333333333328,1.0,1.0,1.0,1.0,3.0,720,5.0,169.109,169.188,168.984,169.185,6165.0,12.0,55.98,0.247,0.03,-0.002,169.279,168.759,77.91,77.11,14.48,19.48,17.76,65.03,168.864,48.7,0.127,0,0,0,0,0,1,0,0,1
2025-06-27 12:00:00,-1.1000000000000005,1.1000000000000005,-0.14285714285714293,1.0,-1.0,-1.0,2.0,1.0,720,5.0,169.109,169.188,168.984,169.185,6165.0,12.0,55.98,0.247,0.03,-0.002,169.279,168.759,77.91,77.11,14.48,19.48,17.76,65.03,168.864,48.7,0.127,0,0,0,0,0,1,0,0,1
2025-06-30 11:00:00,0.10000000000000009,0.10000000000000009,0.020833333333333353,1.0,1.0,1.0,1.0,1.0,660,1.0,168.972,169.05,168.806,169.034,9933.0,11.0,45.29,0.224,-0.078,-0.012,169.888,168.699,71.5,41.42,28.37,13.89,25.98,52.31,168.962,45.79,0.124,0,0,0,1,0,0,0,0,1
2025-06-30 11:00:00,-0.2999999999999998,0.2999999999999998,-0.07894736842105259,1.0,-1.0,-1.0,2.0,1.0,660,1.0,168.972,169.05,168.806,169.034,9933.0,11.0,45.29,0.224,-0.078,-0.012,169.888,168.699,71.5,41.42,28.37,13.89,25.98,52.31,168.962,45.79,0.124,0,0,0,1,0,0,0,0,1
2025-07-01 11:00:00,0.10000000000000142,0.10000000000000142,0.001984126984127012,1.0,1.0,1.0,1.0,2.0,660,2.0,168.613,168.88,168.457,168.847,11316.0,11.0,37.65,0.247,-0.08,0.035,170.034,168.859,18.45,15.9,35.87,9.15,35.03,46.76,169.211,15.46,0.143,1,0,0,0,0,0,0,0,1
2025-07-01 12:00:00,-0.30000000000000027,0.30000000000000027,-0.08333333333333341,1.0,-1.0,-1.0,2.0,2.0,720,2.0,168.846,168.967,168.777,168.865,10571.0,12.0,38.25,0.245,-0.104,0.012,170.062,168.796,25.33,17.07,35.99,14.04,30.36,47.2,169.202,37.98,0.155,0,1,0,0,0,0,0,0,1
2025-07-01 12:00:00,-0.09999999999999998,0.09999999999999998,-0.06666666666666665,1.0,-1.0,-1.0,2.0,1.0,720,2.0,168.846,168.967,168.777,168.865,10571.0,12.0,38.25,0.245,-0.104,0.012,170.062,168.796,25.33,17.07,35.99,14.04,30.36,47.2,169.202,37.98,0.155,0,1,0,0,0,0,0,0,1
2025-07-01 12:00:00,0.19999999999999998,0.19999999999999998,0.1818181818181818,1.0,1.0,1.0,1.0,2.0,720,2.0,168.846,168.967,168.777,168.865,10571.0,12.0,38.25,0.245,-0.104,0.012,170.062,168.796,25.33,17.07,35.99,14.04,30.36,47.2,169.202,37.98,0.155,0,1,0,0,0,0,0,0,1
2025-07-01 12:00:00,0.19999999999999996,0.19999999999999996,0.07142857142857141,1.0,1.0,1.0,1.0,3.0,720,2.0,168.846,168.967,168.777,168.865,10571.0,12.0,38.25,0.245,-0.104,0.012,170.062,168.796,25.33,17.07,35.99,14.04,30.36,47.2,169.202,37.98,0.155,0,1,0,0,0,0,0,0,1
2025-07-02 12:00:00,0.20000000000000018,0.20000000000000018,0.028169014084507067,1.0,-1.0,-1.0,2.0,2.0,720,3.0,169.534,169.789,169.508,169.667,7719.0,12.0,64.78,0.181,0.087,0.055,169.66,169.004,62.81,56.23,27.48,29.07,12.01,50.11,169.26,64.59,0.122,0,0,1,0,0,0,0,0,1
2025-07-03 11:00:00,0.5,0.5,0.00980392156862745,1.0,1.0,1.0,1.0,2.0,660,4.0,169.772,169.871,169.665,169.743,7708.0,11.0,61.22,0.157,0.092,0.059,169.764,169.285,72.2,79.24,33.97,22.34,5.52,59.52,169.364,66.82,0.101,1,0,0,0,0,0,0,0,1
2025-07-03 11:00:00,0.3999999999999986,0.3999999999999986,0.007812499999999972,1.0,1.0,1.0,1.0,2.0,660,4.0,169.772,169.871,169.665,169.743,7708.0,11.0,61.22,0.157,0.092,0.059,169.764,169.285,72.2,79.24,33.97,22.34,5.52,59.52,169.364,66.82,0.101,1,0,0,0,0,0,0,0,1
2025-07-04 12:00:00,1.1,1.1,0.40740740740740744,1.0,1.0,1.0,1.0,1.0,720,5.0,169.954,170.064,169.899,169.977,6162.0,12.0,46.16,0.145,0.024,0.099,170.642,169.849,36.9,30.62,50.61,8.17,20.18,56.61,169.61,40.25,0.095,0,1,0,0,0,0,0,0,1
2025-07-04 12:00:00,0.09999999999999998,0.09999999999999998,0.08333333333333331,1.0,1.0,1.0,1.0,1.0,720,5.0,169.954,170.064,169.899,169.977,6162.0,12.0,46.16,0.145,0.024,0.099,170.642,169.849,36.9,30.62,50.61,8.17,20.18,56.61,169.61,40.25,0.095,0,1,0,0,0,0,0,0,1
2025-07-07 11:30:00,11.4,11.4,1.4430379746835442,1.0,1.0,1.0,1.0,1.0,690,1.0,170.543,170.587,170.31,170.395,8213.0,11.0,55.05,0.219,0.114,0.08,170.64,169.925,44.6,66.8,20.91,21.58,19.4,61.58,169.785,50.42,0.106,0,0,0,0,0,1,0,0,1
2025-07-07 12:00:00,-0.6,0.6,-0.5454545454545454,1.0,-1.0,-1.0,2.0,1.0,720,1.0,170.395,170.677,170.368,170.654,7120.0,12.0,62.78,0.232,0.127,0.091,170.695,169.919,49.29,55.26,20.07,22.58,16.81,65.38,169.86,51.49,0.11,0,0,0,0,0,0,1,0,1
2025-07-15 12:00:00,4.2,4.2,1.2,1.0,1.0,1.0,1.0,2.0,720,2.0,172.584,172.608,172.473,172.592,5808.0,12.0,59.88,0.161,0.122,0.104,172.635,172.17,72.8,76.7,24.86,20.0,11.57,68.3,171.865,53.6,0.096,1,0,0,0,0,0,0,0,1
2025-07-15 12:00:00,4.4,4.4,2.588235294117647,1.0,1.0,1.0,1.0,1.0,720,2.0,172.584,172.608,172.473,172.592,5808.0,12.0,59.88,0.161,0.122,0.104,172.635,172.17,72.8,76.7,24.86,20.0,11.57,68.3,171.865,53.6,0.096,1,0,0,0,0,0,0,0,1
2025-07-15 12:05:00,19.700000000000003,19.700000000000003,1.1321839080459772,1.0,1.0,1.0,1.0,2.0,725,2.0,172.584,172.608,172.473,172.592,5808.0,12.0,59.88,0.161,0.122,0.104,172.635,172.17,72.8,76.7,24.86,20.0,11.57,68.3,171.865,53.6,0.096,0,0,0,0,0,1,0,0,1
2025-07-16 12:00:00,-4.800000000000001,4.800000000000001,-0.21818181818181823,1.0,-1.0,-1.0,2.0,2.0,720,3.0,173.029,173.088,172.674,172.746,6632.0,12.0,49.26,0.208,0.103,0.12,173.093,172.566,38.7,35.4,17.6,17.11,19.32,55.59,172.201,47.06,0.108,0,0,0,0,0,0,0,1,1
2025-07-16 12:00:00,-3.900000000000002,3.900000000000002,-0.1848341232227489,1.0,-1.0,-1.0,2.0,2.0,720,3.0,173.029,173.088,172.674,172.746,6632.0,12.0,49.26,0.208,0.103,0.12,173.093,172.566,38.7,35.4,17.6,17.11,19.32,55.59,172.201,47.06,0.108,0,0,0,0,0,0,0,1,1
2025-07-17 12:00:00,0.19999999999999998,0.19999999999999998,0.1818181818181818,1.0,1.0,1.0,1.0,1.0,720,4.0,172.391,172.52,172.336,172.426,5957.0,12.0,50.46,0.225,-0.026,-0.048,172.694,171.858,51.84,38.5,21.23,20.71,17.81,51.34,172.437,48.71,0.109,0,1,0,0,0,0,0,0,1
2025-07-17 12:00:00,0.09999999999999987,0.09999999999999987,0.03571428571428567,1.0,1.0,1.0,1.0,1.0,720,4.0,172.391,172.52,172.336,172.426,5957.0,12.0,50.46,0.225,-0.026,-0.048,172.694,171.858,51.84,38.5,21.23,20.71,17.81,51.34,172.437,48.71,0.109,0,1,0,0,0,0,0,0,1
2025-07-18 11:00:00,-19.6,19.6,-0.9074074074074074,1.0,-1.0,-1.0,2.0,1.0,660,5.0,173.026,173.075,172.877,172.901,8036.0,11.0,62.88,0.177,0.152,0.094,173.089,171.935,68.85,77.06,37.73,25.79,6.21,62.18,172.533,73.91,0.099,0,0,0,0,0,0,0,1,1
2025-07-18 11:00:00,1.7999999999999972,1.7999999999999972,0.05714285714285705,1.0,1.0,1.0,1.0,1.0,660,5.0,173.026,173.075,172.877,172.901,8036.0,11.0,62.88,0.177,0.152,0.094,173.089,171.935,68.85,77.06,37.73,25.79,6.21,62.18,172.533,73.91,0.099,0,0,0,0,0,0,0,1,1
2025-07-18 12:00:00,-2.5,2.5,-1.3888888888888888,1.0,-1.0,-1.0,2.0,1.0,720,5.0,172.9,173.091,172.865,173.01,6630.0,12.0,65.79,0.187,0.163,0.11,173.147,171.962,67.98,72.9,41.03,23.3,5.38,62.9,172.562,62.06,0.107,1,0,0,0,0,0,0,0,1
2025-07-18 12:00:00,-0.6000000000000001,0.6000000000000001,-0.13333333333333336,1.0,-1.0,-1.0,2.0,1.0,720,5.0,172.9,173.091,172.865,173.01,6630.0,12.0,65.79,0.187,0.163,0.11,173.147,171.962,67.98,72.9,41.03,23.3,5.38,62.9,172.562,62.06,0.107,1,0,0,0,0,0,0,0,1
2025-07-23 17:00:00,2.3000000000000007,2.3000000000000007,0.12777777777777782,1.0,1.0,1.0,1.0,1.0,1020,3.0,171.842,171.858,171.62,171.8,10425.0,17.0,42.75,0.338,-0.142,-0.056,172.77,171.513,48.75,29.73,32.29,15.01,24.11,49.45,172.404,46.96,0.154,0,0,0,0,0,1,0,0,1
2025-07-24 11:00:00,0.5,0.5,0.009940357852882704,1.0,1.0,1.0,1.0,2.0,660,4.0,172.208,172.318,172.168,172.307,8349.0,11.0,54.9,0.216,-0.024,-0.024,172.624,171.693,81.09,52.89,25.47,19.21,10.05,50.36,172.333,58.85,0.124,1,0,0,0,0,0,0,0,1
2025-07-24 11:00:00,1.0,1.0,0.01953125,1.0,1.0,1.0,1.0,2.0,660,4.0,172.208,172.318,172.168,172.307,8349.0,11.0,54.9,0.216,-0.024,-0.024,172.624,171.693,81.09,52.89,25.47,19.21,10.05,50.36,172.333,58.85,0.124,1,0,0,0,0,0,0,0,1
2025-07-24 11:00:00,1.2000000000000028,1.2000000000000028,0.023622047244094547,1.0,1.0,1.0,1.0,2.0,660,4.0,172.208,172.318,172.168,172.307,8349.0,11.0,54.9,0.216,-0.024,-0.024,172.624,171.693,81.09,52.89,25.47,19.21,10.05,50.36,172.333,58.85,0.124,1,0,0,0,0,0,0,0,1
2025-07-25 11:00:00,-0.5,0.5,-0.10416666666666667,1.0,-1.0,-1.0,2.0,1.0,660,5.0,173.216,173.61,173.206,173.511,11024.0,11.0,70.8,0.248,0.195,0.175,173.295,172.43,79.75,52.16,25.17,31.91,20.45,62.06,172.375,75.71,0.158,0,0,0,1,0,0,0,0,1
2025-07-25 11:00:00,0.10000000000000009,0.10000000000000009,0.03225806451612906,1.0,1.0,1.0,1.0,2.0,660,5.0,173.216,173.61,173.206,173.511,11024.0,11.0,70.8,0.248,0.195,0.175,173.295,172.43,79.75,52.16,25.17,31.91,20.45,62.06,172.375,75.71,0.158,0,0,0,1,0,0,0,0,1
2025-07-25 11:00:00,0.20000000000000018,0.20000000000000018,0.052631578947368474,1.0,1.0,1.0,1.0,1.0,660,5.0,173.216,173.61,173.206,173.511,11024.0,11.0,70.8,0.248,0.195,0.175,173.295,172.43,79.75,52.16,25.17,31.91,20.45,62.06,172.375,75.71,0.158,0,0,0,1,0,0,0,0,1
2025-07-30 12:00:00,0.2999999999999998,0.2999999999999998,0.14285714285714277,1.0,1.0,1.0,1.0,2.0,720,3.0,170.995,171.047,170.873,171.006,8093.0,12.0,37.03,0.165,-0.233,-0.233,171.633,170.864,52.5,38.16,38.6,8.75,25.06,29.36,172.352,35.38,0.118,1,0,0,0,0,0,0,0,1
2025-07-30 12:00:00,-0.19999999999999998,0.19999999999999998,-0.15384615384615383,1.0,-1.0,-1.0,2.0,2.0,720,3.0,170.995,171.047,170.873,171.006,8093.0,12.0,37.03,0.165,-0.233,-0.233,171.633,170.864,52.5,38.16,38.6,8.75,25.06,29.36,172.352,35.38,0.118,1,0,0,0,0,0,0,0,1
2025-07-30 12:00:00,5.6,5.6,1.2173913043478262,1.0,1.0,1.0,1.0,1.0,720,3.0,170.995,171.047,170.873,171.006,8093.0,12.0,37.03,0.165,-0.233,-0.233,171.633,170.864,52.5,38.16,38.6,8.75,25.06,29.36,172.352,35.38,0.118,0,0,0,0,0,1,0,0,1
2025-07-30 12:00:00,7.100000000000001,7.100000000000001,0.37368421052631584,1.0,1.0,1.0,1.0,3.0,720,3.0,170.995,171.047,170.873,171.006,8093.0,12.0,37.03,0.165,-0.233,-0.233,171.633,170.864,52.5,38.16,38.6,8.75,25.06,29.36,172.352,35.38,0.118,0,0,0,0,0,1,0,0,1
2025-07-30 12:00:00,-0.20000000000000284,0.20000000000000284,-0.002061855670103122,1.0,-1.0,-1.0,2.0,2.0,720,3.0,170.995,171.047,170.873,171.006,8093.0,12.0,37.03,0.165,-0.233,-0.233,171.633,170.864,52.5,38.16,38.6,8.75,25.06,29.36,172.352,35.38,0.118,0,0,0,0,0,1,0,0,1
2025-07-30 12:00:00,1.8999999999999995,1.8999999999999995,0.5937499999999998,1.0,1.0,1.0,1.0,1.0,720,3.0,170.995,171.047,170.873,171.006,8093.0,12.0,37.03,0.165,-0.233,-0.233,171.633,170.864,52.5,38.16,38.6,8.75,25.06,29.36,172.352,35.38,0.118,0,0,0,0,0,1,0,0,1
2025-07-30 12:00:00,0.6999999999999993,0.6999999999999993,0.057851239669421434,1.0,1.0,1.0,1.0,1.0,720,3.0,170.995,171.047,170.873,171.006,8093.0,12.0,37.03,0.165,-0.233,-0.233,171.633,170.864,52.5,38.16,38.6,8.75,25.06,29.36,172.352,35.38,0.118,0,0,0,0,0,1,0,0,1
2025-07-30 12:00:00,-0.09999999999999998,0.09999999999999998,-0.06172839506172838,1.0,-1.0,-1.0,2.0,1.0,720,3.0,170.995,171.047,170.873,171.006,8093.0,12.0,37.03,0.165,-0.233,-0.233,171.633,170.864,52.5,38.16,38.6,8.75,25.06,29.36,172.352,35.38,0.118,0,0,0,0,1,0,0,0,1
2025-08-01 12:00:00,0.2,0.2,0.14285714285714288,1.0,1.0,1.0,1.0,1.0,720,5.0,171.79,171.835,171.488,171.591,7969.0,12.0,44.11,0.2,0.121,0.23,172.37,171.74,12.99,24.29,22.17,16.05,27.74,48.13,171.496,33.84,0.125,0,1,0,0,0,0,0,0,1
2025-08-01 12:00:00,-0.2,0.2,-0.16666666666666669,1.0,-1.0,-1.0,2.0,2.0,720,5.0,171.79,171.835,171.488,171.591,7969.0,12.0,44.11,0.2,0.121,0.23,172.37,171.74,12.99,24.29,22.17,16.05,27.74,48.13,171.496,33.84,0.125,0,1,0,0,0,0,0,0,1
2025-08-01 12:00:00,0.10000000000000009,0.10000000000000009,0.03448275862068969,1.0,1.0,1.0,1.0,3.0,720,5.0,171.79,171.835,171.488,171.591,7969.0,12.0,44.11,0.2,0.121,0.23,172.37,171.74,12.99,24.29,22.17,16.05,27.74,48.13,171.496,33.84,0.125,0,1,0,0,0,0,0,0,1
2025-08-01 12:00:00,0.30000000000000004,0.30000000000000004,0.21428571428571433,1.0,1.0,1.0,1.0,1.0,720,5.0,171.79,171.835,171.488,171.591,7969.0,12.0,44.11,0.2,0.121,0.23,172.37,171.74,12.99,24.29,22.17,16.05,27.74,48.13,171.496,33.84,0.125,0,1,0,0,0,0,0,0,1
2025-08-01 12:00:00,0.10000000000000009,0.10000000000000009,0.03030303030303033,1.0,1.0,1.0,1.0,1.0,720,5.0,171.79,171.835,171.488,171.591,7969.0,12.0,44.11,0.2,0.121,0.23,172.37,171.74,12.99,24.29,22.17,16.05,27.74,48.13,171.496,33.84,0.125,0,1,0,0,0,0,0,0,1
2025-08-04 11:30:00,4.0,4.0,0.4597701149425288,1.0,1.0,1.0,1.0,1.0,690,1.0,171.004,171.163,170.914,170.935,10334.0,11.0,46.22,0.255,-0.123,-0.191,171.308,170.353,47.07,54.0,19.97,17.13,11.84,42.88,171.224,57.92,0.126,0,0,0,0,0,1,0,0,1
2025-08-05 11:00:00,-0.20000000000000284,0.20000000000000284,-0.0038314176245211272,1.0,-1.0,-1.0,2.0,2.0,660,2.0,170.174,170.276,170.092,170.262,9846.0,11.0,48.16,0.186,-0.145,-0.206,170.304,169.934,89.8,70.96,20.84,16.89,12.87,38.92,170.949,57.6,0.117,1,0,0,0,0,0,0,0,1
2025-08-05 11:00:00,-0.10000000000000142,0.10000000000000142,-0.0019230769230769505,1.0,-1.0,-1.0,2.0,2.0,660,2.0,170.174,170.276,170.092,170.262,9846.0,11.0,48.16,0.186,-0.145,-0.206,170.304,169.934,89.8,70.96,20.84,16.89,12.87,38.92,170.949,57.6,0.117,1,0,0,0,0,0,0,0,1
2025-08-05 12:00:00,0.19999999999999996,0.19999999999999996,0.14285714285714282,1.0,1.0,1.0,1.0,1.0,720,2.0,170.262,170.41,170.132,170.392,7961.0,12.0,53.36,0.196,-0.115,-0.191,170.337,169.914,90.96,83.21,22.16,21.07,11.15,40.8,170.932,55.97,0.122,0,1,0,0,0,0,0,0,1
2025-08-05 12:00:00,0.5,0.5,0.3846153846153846,1.0,1.0,1.0,1.0,1.0,720,2.0,170.262,170.41,170.132,170.392,7961.0,12.0,53.36,0.196,-0.115,-0.191,170.337,169.914,90.96,83.21,22.16,21.07,11.15,40.8,170.932,55.97,0.122,0,1,0,0,0,0,0,0,1
2025-08-06 12:00:00,0.6,0.6,0.4615384615384615,1.0,1.0,1.0,1.0,1.0,720,3.0,171.088,171.269,171.079,171.251,7126.0,12.0,75.59,0.15,0.137,0.105,171.119,170.535,93.52,83.25,25.91,38.6,11.36,56.85,170.946,77.59,0.092,0,0,0,0,0,0,1,0,1
2025-08-06 12:00:00,0.8999999999999999,0.8999999999999999,0.28124999999999994,1.0,1.0,1.0,1.0,1.0,720,3.0,171.088,171.269,171.079,171.251,7126.0,12.0,75.59,0.15,0.137,0.105,171.119,170.535,93.52,83.25,25.91,38.6,11.36,56.85,170.946,77.59,0.092,0,0,0,0,0,0,1,0,1
2025-08-12 12:05:00,6.800000000000001,6.800000000000001,0.3523316062176166,1.0,1.0,1.0,1.0,2.0,725,2.0,172.384,172.419,172.192,172.321,7265.0,12.0,56.02,0.182,0.102,0.102,172.617,171.664,57.64,43.33,37.32,24.61,15.0,60.91,171.942,56.66,0.101,0,0,0,0,0,1,0,0,1
2025-08-14 12:00:00,-0.19999999999999998,0.19999999999999998,-0.15384615384615383,1.0,-1.0,-1.0,2.0,1.0,720,4.0,171.004,171.308,170.979,171.291,7569.0,12.0,32.23,0.231,-0.362,-0.274,173.043,170.808,31.19,21.59,68.83,5.78,32.78,40.42,172.147,40.75,0.142,0,0,1,0,0,0,0,0,1
2025-08-14 12:00:00,-1.7000000000000002,1.7000000000000002,-1.2142857142857144,1.0,-1.0,-1.0,2.0,2.0,720,4.0,171.004,171.308,170.979,171.291,7569.0,12.0,32.23,0.231,-0.362,-0.274,173.043,170.808,31.19,21.59,68.83,5.78,32.78,40.42,172.147,40.75,0.142,1,0,0,0,0,0,0,0,1
2025-08-14 12:00:00,0.5,0.5,0.3846153846153846,1.0,1.0,1.0,1.0,1.0,720,4.0,171.004,171.308,170.979,171.291,7569.0,12.0,32.23,0.231,-0.362,-0.274,173.043,170.808,31.19,21.59,68.83,5.78,32.78,40.42,172.147,40.75,0.142,1,0,0,0,0,0,0,0,1
2025-08-18 12:00:00,-13.8,13.8,-0.7840909090909091,1.0,-1.0,-1.0,2.0,2.0,720,1.0,172.12,172.222,172.051,172.18,6889.0,12.0,48.22,0.179,0.084,0.148,172.645,172.017,16.71,17.29,32.94,11.78,24.6,56.5,172.131,41.42,0.126,0,0,0,0,0,0,0,1,1
2025-08-18 12:00:00,-25.200000000000003,25.200000000000003,-0.7590361445783133,1.0,-1.0,-1.0,2.0,2.0,720,1.0,172.12,172.222,172.051,172.18,6889.0,12.0,48.22,0.179,0.084,0.148,172.645,172.017,16.71,17.29,32.94,11.78,24.6,56.5,172.131,41.42,0.126,0,0,0,0,0,0,0,1,1
2025-08-19 11:00:00,1.2999999999999972,1.2999999999999972,0.03661971830985907,1.0,1.0,1.0,1.0,1.0,660,2.0,172.573,172.623,172.357,172.396,6607.0,11.0,51.78,0.23,0.013,0.013,172.677,172.09,80.98,66.06,13.97,25.56,19.96,54.51,172.072,59.07,0.104,0,0,0,0,0,0,0,1,1
2025-08-19 11:00:00,19.299999999999997,19.299999999999997,0.936893203883495,1.0,1.0,1.0,1.0,1.0,660,2.0,172.573,172.623,172.357,172.396,6607.0,11.0,51.78,0.23,0.013,0.013,172.677,172.09,80.98,66.06,13.97,25.56,19.96,54.51,172.072,59.07,0.104,0,0,0,0,0,0,0,1,1
2025-08-20 12:00:00,0.19999999999999996,0.19999999999999996,0.07142857142857141,1.0,1.0,1.0,1.0,1.0,720,3.0,171.758,171.77,171.623,171.739,5303.0,12.0,44.66,0.217,-0.15,-0.178,172.301,171.373,83.43,78.12,23.18,16.19,25.53,46.38,172.101,49.18,0.166,0,1,0,0,0,0,0,0,1
2025-08-20 12:00:00,-0.1,0.1,-0.09090909090909091,1.0,-1.0,-1.0,2.0,1.0,720,3.0,171.758,171.77,171.623,171.739,5303.0,12.0,44.66,0.217,-0.15,-0.178,172.301,171.373,83.43,78.12,23.18,16.19,25.53,46.38,172.101,49.18,0.166,0,1,0,0,0,0,0,0,1
2025-08-21 11:00:00,0.20000000000000284,0.20000000000000284,0.0038535645472062207,1.0,1.0,1.0,1.0,2.0,660,4.0,172.065,172.073,171.937,172.009,7694.0,11.0,58.97,0.18,0.017,-0.044,171.953,171.362,81.18,70.41,16.17,19.44,10.97,51.22,172.073,64.11,0.128,1,0,0,0,0,0,0,0,1
2025-08-21 11:00:00,-0.3999999999999986,0.3999999999999986,-0.007677543186180395,1.0,-1.0,-1.0,2.0,2.0,660,4.0,172.065,172.073,171.937,172.009,7694.0,11.0,58.97,0.18,0.017,-0.044,171.953,171.362,81.18,70.41,16.17,19.44,10.97,51.22,172.073,64.11,0.128,1,0,0,0,0,0,0,0,1
2025-08-21 11:00:00,0.6000000000000014,0.6000000000000014,0.011787819253438142,1.0,1.0,1.0,1.0,2.0,660,4.0,172.065,172.073,171.937,172.009,7694.0,11.0,58.97,0.18,0.017,-0.044,171.953,171.362,81.18,70.41,16.17,19.44,10.97,51.22,172.073,64.11,0.128,1,0,0,0,0,0,0,0,1
2025-08-21 12:00:00,1.1,1.1,0.6875,1.0,1.0,1.0,1.0,1.0,720,4.0,172.009,172.212,171.952,172.103,6731.0,12.0,61.47,0.192,0.043,-0.031,172.034,171.334,89.96,82.76,19.78,23.98,9.5,52.65,172.086,62.42,0.128,1,0,0,0,0,0,0,0,1
2025-08-21 17:00:00,-2.0,2.0,-0.13793103448275862,1.0,-1.0,-1.0,2.0,1.0,1020,4.0,171.759,172.125,171.752,172.093,12463.0,17.0,56.47,0.238,0.084,0.048,172.264,171.372,31.04,49.18,21.41,18.13,20.27,54.51,172.082,50.9,0.141,0,0,0,0,0,1,0,0,1
2025-08-28 11:00:00,0.10000000000000009,0.10000000000000009,0.03030303030303033,1.0,1.0,1.0,1.0,2.0,660,4.0,171.359,171.447,171.309,171.36,8040.0,11.0,44.71,0.209,-0.073,-0.059,171.728,171.224,53.98,41.52,12.57,16.49,19.58,42.11,171.813,48.99,0.11,0,0,0,1,0,0,0,0,1
2025-08-28 11:00:00,0.09999999999999964,0.09999999999999964,0.02702702702702693,1.0,1.0,1.0,1.0,1.0,660,4.0,171.359,171.447,171.309,171.36,8040.0,11.0,44.71,0.209,-0.073,-0.059,171.728,171.224,53.98,41.52,12.57,16.49,19.58,42.11,171.813,48.99,0.11,0,0,0,1,0,0,0,0,1
2025-08-28 11:00:00,-0.30000000000000027,0.30000000000000027,-0.07317073170731714,1.0,-1.0,-1.0,2.0,1.0,660,4.0,171.359,171.447,171.309,171.36,8040.0,11.0,44.71,0.209,-0.073,-0.059,171.728,171.224,53.98,41.52,12.57,16.49,19.58,42.11,171.813,48.99,0.11,0,0,0,1,0,0,0,0,1
2025-08-28 12:00:00,-0.039999999999999925,0.039999999999999925,-0.023809523809523763,1.0,-1.0,-1.0,2.0,1.0,720,4.0,171.36,171.42,171.308,171.399,6164.0,12.0,46.32,0.207,-0.069,-0.061,171.68,171.238,50.77,48.56,12.08,14.29,17.09,48.64,171.773,44.7,0.108,0,0,0,0,1,0,0,0,1
2025-08-28 12:00:00,0.6999999999999993,0.6999999999999993,0.05833333333333327,1.0,1.0,1.0,1.0,1.0,720,4.0,171.36,171.42,171.308,171.399,6164.0,12.0,46.32,0.207,-0.069,-0.061,171.68,171.238,50.77,48.56,12.08,14.29,17.09,48.64,171.773,44.7,0.108,0,0,0,0,0,1,0,0,1
2025-08-28 12:00:00,-0.6999999999999997,0.6999999999999997,-0.13207547169811315,1.0,-1.0,-1.0,2.0,1.0,720,4.0,171.36,171.42,171.308,171.399,6164.0,12.0,46.32,0.207,-0.069,-0.061,171.68,171.238,50.77,48.56,12.08,14.29,17.09,48.64,171.773,44.7,0.108,0,0,0,0,0,1,0,0,1
2025-08-28 12:00:00,0.7000000000000028,0.7000000000000028,0.007329842931937202,1.0,1.0,1.0,1.0,2.0,720,4.0,171.36,171.42,171.308,171.399,6164.0,12.0,46.32,0.207,-0.069,-0.061,171.68,171.238,50.77,48.56,12.08,14.29,17.09,48.64,171.773,44.7,0.108,0,0,0,0,0,1,0,0,1
2025-08-28 12:00:00,-7.200000000000003,7.200000000000003,-0.21114369501466282,1.0,-1.0,-1.0,2.0,3.0,720,4.0,171.36,171.42,171.308,171.399,6164.0,12.0,46.32,0.207,-0.069,-0.061,171.68,171.238,50.77,48.56,12.08,14.29,17.09,48.64,171.773,44.7,0.108,0,0,0,0,0,1,0,0,1
2025-08-28 12:00:00,-3.1000000000000005,3.1000000000000005,-0.2870370370370371,1.0,-1.0,-1.0,2.0,1.0,720,4.0,171.36,171.42,171.308,171.399,6164.0,12.0,46.32,0.207,-0.069,-0.061,171.68,171.238,50.77,48.56,12.08,14.29,17.09,48.64,171.773,44.7,0.108,0,0,0,0,0,1,0,0,1
2025-09-01 11:00:00,0.20000000000000284,0.20000000000000284,0.0038834951456311233,1.0,1.0,1.0,1.0,2.0,660,1.0,172.442,172.502,172.383,172.494,7647.0,11.0,69.18,0.181,0.179,0.141,172.462,171.597,93.74,80.31,39.54,27.03,7.45,64.28,171.687,72.57,0.096,1,0,0,0,0,0,0,0,1
2025-09-02 12:00:00,0.3,0.3,0.3,1.0,1.0,1.0,1.0,1.0,720,2.0,172.852,172.894,172.73,172.889,10971.0,12.0,63.03,0.216,0.211,0.175,173.161,172.02,40.22,59.79,40.57,30.22,14.28,69.39,171.95,48.92,0.165,0,1,0,0,0,0,0,0,1
2025-09-02 12:00:00,0.10000000000000009,0.10000000000000009,0.03333333333333336,1.0,1.0,1.0,1.0,3.0,720,2.0,172.852,172.894,172.73,172.889,10971.0,12.0,63.03,0.216,0.211,0.175,173.161,172.02,40.22,59.79,40.57,30.22,14.28,69.39,171.95,48.92,0.165,0,1,0,0,0,0,0,0,1
2025-09-02 12:00:00,0.19999999999999998,0.19999999999999998,0.1818181818181818,1.0,1.0,1.0,1.0,1.0,720,2.0,172.852,172.894,172.73,172.889,10971.0,12.0,63.03,0.216,0.211,0.175,173.161,172.02,40.22,59.79,40.57,30.22,14.28,69.39,171.95,48.92,0.165,0,1,0,0,0,0,0,0,1
2025-09-02 12:00:00,0.09999999999999964,0.09999999999999964,0.03124999999999989,1.0,1.0,1.0,1.0,2.0,720,2.0,172.852,172.894,172.73,172.889,10971.0,12.0,63.03,0.216,0.211,0.175,173.161,172.02,40.22,59.79,40.57,30.22,14.28,69.39,171.95,48.92,0.165,0,1,0,0,0,0,0,0,1
2025-09-03 11:00:00,-0.20000000000000284,0.20000000000000284,-0.0038684719535783912,1.0,-1.0,-1.0,2.0,2.0,660,3.0,173.064,173.275,173.04,173.196,9255.0,11.0,64.04,0.181,0.102,0.095,173.198,172.532,68.1,44.75,23.37,29.77,12.34,67.79,172.25,64.89,0.118,1,0,0,0,0,0,0,0,1
2025-09-03 11:00:00,-0.10000000000000142,0.10000000000000142,-0.0019193857965451328,1.0,-1.0,-1.0,2.0,2.0,660,3.0,173.064,173.275,173.04,173.196,9255.0,11.0,64.04,0.181,0.102,0.095,173.198,172.532,68.1,44.75,23.37,29.77,12.34,67.79,172.25,64.89,0.118,1,0,0,0,0,0,0,0,1
2025-09-03 12:00:00,0.6000000000000001,0.6000000000000001,0.5000000000000001,1.0,1.0,1.0,1.0,1.0,720,3.0,173.196,173.289,173.097,173.16,8038.0,12.0,62.21,0.186,0.11,0.098,173.236,172.522,80.69,63.94,25.98,26.78,10.69,68.39,172.315,64.87,0.117,0,1,0,0,0,0,0,0,1
2025-09-03 12:00:00,-1.7,1.7,-0.5862068965517241,1.0,-1.0,-1.0,2.0,1.0,720,3.0,173.196,173.289,173.097,173.16,8038.0,12.0,62.21,0.186,0.11,0.098,173.236,172.522,80.69,63.94,25.98,26.78,10.69,68.39,172.315,64.87,0.117,0,1,0,0,0,0,0,0,1
2025-09-04 12:00:00,-0.5,0.5,-0.5,1.0,-1.0,-1.0,2.0,1.0,720,4.0,172.781,172.793,172.627,172.689,6760.0,12.0,46.95,0.165,-0.027,-0.054,172.857,172.512,53.3,64.57,23.19,19.03,12.32,57.51,172.605,45.95,0.108,0,0,0,0,0,0,1,0,1
2025-09-04 12:00:00,-0.7999999999999998,0.7999999999999998,-0.19999999999999996,1.0,-1.0,-1.0,2.0,1.0,720,4.0,172.781,172.793,172.627,172.689,6760.0,12.0,46.95,0.165,-0.027,-0.054,172.857,172.512,53.3,64.57,23.19,19.03,12.32,57.51,172.605,45.95,0.108,0,0,0,0,0,0,1,0,1
2025-09-08 11:30:00,-1.8999999999999995,1.8999999999999995,-0.22891566265060231,1.0,-1.0,-1.0,2.0,1.0,690,1.0,173.094,173.281,173.066,173.252,8040.0,11.0,51.29,0.275,0.112,0.16,173.996,172.367,19.14,23.5,22.27,12.63,24.53,57.13,172.937,33.78,0.102,0,0,0,0,0,1,0,0,1
2025-09-15 12:00:00,10.0,10.0,2.9411764705882355,1.0,1.0,1.0,1.0,2.0,720,1.0,173.017,173.155,172.986,173.1,6035.0,12.0,52.99,0.137,-0.0,0.013,173.289,172.906,66.13,57.34,15.94,19.68,14.23,60.18,172.809,50.75,0.079,0,0,0,0,0,0,0,1,1
2025-09-15 12:00:00,-2.7,2.7,-0.30000000000000004,1.0,-1.0,-1.0,2.0,2.0,720,1.0,173.017,173.155,172.986,173.1,6035.0,12.0,52.99,0.137,-0.0,0.013,173.289,172.906,66.13,57.34,15.94,19.68,14.23,60.18,172.809,50.75,0.079,0,0,0,0,0,0,0,1,1
2025-09-16 12:00:00,-1.0,1.0,-0.17543859649122806,1.0,-1.0,-1.0,2.0,2.0,720,2.0,173.384,173.65,173.373,173.62,8798.0,12.0,67.08,0.158,0.046,0.04,173.551,173.107,85.57,62.59,22.83,29.12,15.97,63.03,173.007,66.15,0.104,0,0,1,0,0,0,0,0,1
2025-09-16 12:00:00,0.20000000000000018,0.20000000000000018,0.04545454545454549,1.0,1.0,1.0,1.0,1.0,720,2.0,173.384,173.65,173.373,173.62,8798.0,12.0,67.08,0.158,0.046,0.04,173.551,173.107,85.57,62.59,22.83,29.12,15.97,63.03,173.007,66.15,0.104,0,0,0,0,1,0,0,0,1
2025-09-16 12:00:00,0.8,0.8,0.4,1.0,1.0,1.0,1.0,1.0,720,2.0,173.384,173.65,173.373,173.62,8798.0,12.0,67.08,0.158,0.046,0.04,173.551,173.107,85.57,62.59,22.83,29.12,15.97,63.03,173.007,66.15,0.104,1,0,0,0,0,0,0,0,1
2025-09-16 12:00:00,-0.10000000000000003,0.10000000000000003,-0.07142857142857145,1.0,-1.0,-1.0,2.0,2.0,720,2.0,173.384,173.65,173.373,173.62,8798.0,12.0,67.08,0.158,0.046,0.04,173.551,173.107,85.57,62.59,22.83,29.12,15.97,63.03,173.007,66.15,0.104,1,0,0,0,0,0,0,0,1
2025-09-16 12:05:00,8.5,8.5,0.45698924731182794,1.0,1.0,1.0,1.0,2.0,725,2.0,173.384,173.65,173.373,173.62,8798.0,12.0,67.08,0.158,0.046,0.04,173.551,173.107,85.57,62.59,22.83,29.12,15.97,63.03,173.007,66.15,0.104,0,0,0,0,0,1,0,0,1
2025-09-17 12:00:00,-0.1,0.1,-0.08333333333333334,1.0,-1.0,-1.0,2.0,2.0,720,3.0,173.521,173.528,173.289,173.324,5988.0,12.0,37.06,0.156,0.018,0.077,173.889,173.462,19.9,41.11,25.55,8.16,29.24,52.5,173.259,29.04,0.085,0,1,0,0,0,0,0,0,1
2025-09-17 12:00:00,-0.10000000000000009,0.10000000000000009,-0.03225806451612906,1.0,-1.0,-1.0,2.0,3.0,720,3.0,173.521,173.528,173.289,173.324,5988.0,12.0,37.06,0.156,0.018,0.077,173.889,173.462,19.9,41.11,25.55,8.16,29.24,52.5,173.259,29.04,0.085,0,1,0,0,0,0,0,0,1
2025-09-17 12:00:00,0.1,0.1,0.1,1.0,1.0,1.0,1.0,1.0,720,3.0,173.521,173.528,173.289,173.324,5988.0,12.0,37.06,0.156,0.018,0.077,173.889,173.462,19.9,41.11,25.55,8.16,29.24,52.5,173.259,29.04,0.085,0,1,0,0,0,0,0,0,1
2025-09-18 11:00:00,-8.8,8.8,-0.2346666666666667,1.0,-1.0,-1.0,2.0,1.0,660,4.0,174.067,174.471,174.033,174.383,10316.0,11.0,74.81,0.188,0.136,0.059,174.133,173.165,89.04,77.4,33.63,36.47,6.99,70.59,173.441,80.24,0.098,0,0,0,0,0,0,0,1,1
2025-09-18 11:00:00,7.100000000000001,7.100000000000001,0.24567474048442914,1.0,1.0,1.0,1.0,1.0,660,4.0,174.067,174.471,174.033,174.383,10316.0,11.0,74.81,0.188,0.136,0.059,174.133,173.165,89.04,77.4,33.63,36.47,6.99,70.59,173.441,80.24,0.098,0,0,0,0,0,0,0,1,1
2025-09-18 12:00:00,-0.5,0.5,-0.25,1.0,-1.0,-1.0,2.0,1.0,720,4.0,174.382,174.438,174.3,174.344,8593.0,12.0,72.78,0.177,0.167,0.074,174.253,173.139,88.85,87.49,38.18,31.6,6.06,68.89,173.489,77.78,0.111,1,0,0,0,0,0,0,0,1
2025-09-18 12:00:00,1.7000000000000002,1.7000000000000002,0.68,1.0,1.0,1.0,1.0,1.0,720,4.0,174.382,174.438,174.3,174.344,8593.0,12.0,72.78,0.177,0.167,0.074,174.253,173.139,88.85,87.49,38.18,31.6,6.06,68.89,173.489,77.78,0.111,1,0,0,0,0,0,0,0,1
2025-09-22 17:00:00,-0.09999999999999964,0.09999999999999964,-0.00632911392405061,1.0,-1.0,-1.0,2.0,1.0,1020,1.0,174.093,174.124,174.012,174.056,9150.0,17.0,52.54,0.154,0.047,0.024,174.24,173.688,55.9,66.49,22.92,21.42,18.46,59.16,173.895,47.9,0.09,0,0,0,0,0,1,0,0,1
2025-09-23 11:00:00,0.20000000000000284,0.20000000000000284,0.003846153846153901,1.0,1.0,1.0,1.0,2.0,660,2.0,174.178,174.261,174.123,174.166,9488.0,11.0,46.36,0.125,0.054,0.094,174.512,174.034,23.77,25.57,29.87,14.16,23.4,56.27,174.001,29.83,0.085,1,0,0,0,0,0,0,0,1
2025-09-23 11:00:00,0.5,0.5,0.009633911368015415,1.0,1.0,1.0,1.0,2.0,660,2.0,174.178,174.261,174.123,174.166,9488.0,11.0,46.36,0.125,0.054,0.094,174.512,174.034,23.77,25.57,29.87,14.16,23.4,56.27,174.001,29.83,0.085,1,0,0,0,0,0,0,0,1
2025-09-23 11:00:00,-1.3999999999999986,1.3999999999999986,-0.026974951830443135,1.0,-1.0,-1.0,2.0,2.0,660,2.0,174.178,174.261,174.123,174.166,9488.0,11.0,46.36,0.125,0.054,0.094,174.512,174.034,23.77,25.57,29.87,14.16,23.4,56.27,174.001,29.83,0.085,1,0,0,0,0,0,0,0,1
2025-09-25 11:00:00,-0.30000000000000027,0.30000000000000027,-0.0714285714285715,1.0,-1.0,-1.0,2.0,1.0,660,4.0,174.617,174.674,174.506,174.664,7328.0,11.0,52.17,0.155,0.053,0.069,174.822,174.514,41.47,52.1,16.02,16.27,20.94,62.07,174.303,40.2,0.088,0,0,0,1,0,0,0,0,1
2025-09-25 11:00:00,0.10000000000000009,0.10000000000000009,0.02941176470588238,1.0,1.0,1.0,1.0,2.0,660,4.0,174.617,174.674,174.506,174.664,7328.0,11.0,52.17,0.155,0.053,0.069,174.822,174.514,41.47,52.1,16.02,16.27,20.94,62.07,174.303,40.2,0.088,0,0,0,1,0,0,0,0,1
2025-09-25 11:00:00,0.20000000000000018,0.20000000000000018,0.052631578947368474,1.0,1.0,1.0,1.0,1.0,660,4.0,174.617,174.674,174.506,174.664,7328.0,11.0,52.17,0.155,0.053,0.069,174.822,174.514,41.47,52.1,16.02,16.27,20.94,62.07,174.303,40.2,0.088,0,0,0,1,0,0,0,0,1
2025-09-25 11:00:00,0.19999999999999973,0.19999999999999973,0.05555555555555548,1.0,1.0,1.0,1.0,1.0,660,4.0,174.617,174.674,174.506,174.664,7328.0,11.0,52.17,0.155,0.053,0.069,174.822,174.514,41.47,52.1,16.02,16.27,20.94,62.07,174.303,40.2,0.088,0,0,0,1,0,0,0,0,1
2025-09-29 12:00:00,-0.050000000000000044,0.050000000000000044,-0.02923976608187137,1.0,-1.0,-1.0,2.0,1.0,720,1.0,174.128,174.219,174.053,174.126,6228.0,12.0,25.1,0.172,-0.152,-0.053,175.23,174.158,15.51,13.26,42.11,6.27,33.47,51.46,174.645,26.54,0.109,0,0,0,0,1,0,0,0,1
2025-09-29 12:00:00,-0.7000000000000011,0.7000000000000011,-0.0660377358490567,1.0,-1.0,-1.0,2.0,1.0,720,1.0,174.128,174.219,174.053,174.126,6228.0,12.0,25.1,0.172,-0.152,-0.053,175.23,174.158,15.51,13.26,42.11,6.27,33.47,51.46,174.645,26.54,0.109,0,0,0,0,0,1,0,0,1
2025-09-29 12:00:00,0.7000000000000028,0.7000000000000028,0.007306889352818402,1.0,1.0,1.0,1.0,2.0,720,1.0,174.128,174.219,174.053,174.126,6228.0,12.0,25.1,0.172,-0.152,-0.053,175.23,174.158,15.51,13.26,42.11,6.27,33.47,51.46,174.645,26.54,0.109,0,0,0,0,0,1,0,0,1
2025-09-29 12:00:00,5.100000000000001,5.100000000000001,0.256281407035176,1.0,1.0,1.0,1.0,3.0,720,1.0,174.128,174.219,174.053,174.126,6228.0,12.0,25.1,0.172,-0.152,-0.053,175.23,174.158,15.51,13.26,42.11,6.27,33.47,51.46,174.645,26.54,0.109,0,0,0,0,0,1,0,0,1
2025-09-29 12:00:00,-0.6999999999999993,0.6999999999999993,-0.08139534883720922,1.0,-1.0,-1.0,2.0,1.0,720,1.0,174.128,174.219,174.053,174.126,6228.0,12.0,25.1,0.172,-0.152,-0.053,175.23,174.158,15.51,13.26,42.11,6.27,33.47,51.46,174.645,26.54,0.109,0,0,0,0,0,1,0,0,1
2025-10-01 12:00:00,-0.1,0.1,-0.08333333333333334,1.0,-1.0,-1.0,2.0,1.0,720,3.0,172.89,172.919,172.671,172.717,9058.0,12.0,20.96,0.191,-0.257,-0.16,174.06,172.878,6.2,6.53,38.87,9.24,41.28,24.24,174.215,24.89,0.137,0,1,0,0,0,0,0,0,1
2025-10-01 12:00:00,0.10000000000000009,0.10000000000000009,0.03225806451612906,1.0,1.0,1.0,1.0,3.0,720,3.0,172.89,172.919,172.671,172.717,9058.0,12.0,20.96,0.191,-0.257,-0.16,174.06,172.878,6.2,6.53,38.87,9.24,41.28,24.24,174.215,24.89,0.137,0,1,0,0,0,0,0,0,1
2025-10-01 12:00:00,0.19999999999999973,0.19999999999999973,0.06249999999999992,1.0,1.0,1.0,1.0,1.0,720,3.0,172.89,172.919,172.671,172.717,9058.0,12.0,20.96,0.191,-0.257,-0.16,174.06,172.878,6.2,6.53,38.87,9.24,41.28,24.24,174.215,24.89,0.137,0,1,0,0,0,0,0,0,1
2025-10-01 12:00:00,-0.19999999999999998,0.19999999999999998,-0.15384615384615383,1.0,-1.0,-1.0,2.0,2.0,720,3.0,172.89,172.919,172.671,172.717,9058.0,12.0,20.96,0.191,-0.257,-0.16,174.06,172.878,6.2,6.53,38.87,9.24,41.28,24.24,174.215,24.89,0.137,0,1,0,0,0,0,0,0,1
2025-10-01 12:00:00,-0.19999999999999998,0.19999999999999998,-0.15384615384615383,1.0,-1.0,-1.0,2.0,1.0,720,3.0,172.89,172.919,172.671,172.717,9058.0,12.0,20.96,0.191,-0.257,-0.16,174.06,172.878,6.2,6.53,38.87,9.24,41.28,24.24,174.215,24.89,0.137,0,1,0,0,0,0,0,0,1
2025-10-01 12:00:00,0.09999999999999964,0.09999999999999964,0.03124999999999989,1.0,1.0,1.0,1.0,2.0,720,3.0,172.89,172.919,172.671,172.717,9058.0,12.0,20.96,0.191,-0.257,-0.16,174.06,172.878,6.2,6.53,38.87,9.24,41.28,24.24,174.215,24.89,0.137,0,1,0,0,0,0,0,0,1
2025-10-03 12:00:00,-0.4,0.4,-0.36363636363636365,1.0,-1.0,-1.0,2.0,1.0,720,5.0,172.966,173.01,172.897,172.97,5247.0,12.0,57.93,0.168,0.103,0.08,173.306,172.191,17.64,29.22,26.12,15.67,13.32,42.74,173.195,48.45,0.101,0,1,0,0,0,0,0,0,1
2025-10-03 12:00:00,-1.2,1.2,-0.7499999999999999,1.0,-1.0,-1.0,2.0,1.0,720,5.0,172.966,173.01,172.897,172.97,5247.0,12.0,57.93,0.168,0.103,0.08,173.306,172.191,17.64,29.22,26.12,15.67,13.32,42.74,173.195,48.45,0.101,0,1,0,0,0,0,0,0,1
2025-10-06 12:00:00,0.1,0.1,0.1,1.0,1.0,1.0,1.0,1.0,720,1.0,175.44,175.516,175.314,175.433,8863.0,12.0,64.88,0.519,0.664,0.735,176.993,172.314,27.14,22.9,32.08,20.49,17.6,62.61,173.36,47.02,0.262,0,0,0,0,0,0,1,0,1
2025-10-06 12:00:00,-0.6000000000000001,0.6000000000000001,-0.23076923076923078,1.0,-1.0,-1.0,2.0,1.0,720,1.0,175.44,175.516,175.314,175.433,8863.0,12.0,64.88,0.519,0.664,0.735,176.993,172.314,27.14,22.9,32.08,20.49,17.6,62.61,173.36,47.02,0.262,0,0,0,0,0,0,1,0,1
2025-10-14 12:05:00,6.199999999999999,6.199999999999999,0.35428571428571426,1.0,1.0,1.0,1.0,2.0,725,2.0,175.669,175.872,175.609,175.764,8023.0,12.0,39.0,0.24,-0.171,-0.097,176.59,175.587,34.96,24.18,32.49,13.16,25.73,41.04,176.645,50.51,0.2,0,0,0,0,0,1,0,0,1
2025-10-15 12:00:00,2.4000000000000004,2.4000000000000004,0.5217391304347827,1.0,1.0,1.0,1.0,2.0,720,3.0,175.906,176.203,175.898,176.084,8136.0,12.0,54.93,0.229,-0.043,-0.07,176.346,175.577,80.7,76.07,18.89,28.41,19.48,50.14,176.277,58.43,0.133,1,0,0,0,0,0,0,0,1
2025-10-15 12:00:00,-1.4,1.4,-0.39999999999999997,1.0,-1.0,-1.0,2.0,1.0,720,3.0,175.906,176.203,175.898,176.084,8136.0,12.0,54.93,0.229,-0.043,-0.07,176.346,175.577,80.7,76.07,18.89,28.41,19.48,50.14,176.277,58.43,0.133,1,0,0,0,0,0,0,0,1
2025-10-16 12:00:00,-4.0,4.0,-0.272108843537415,1.0,-1.0,-1.0,2.0,2.0,720,4.0,176.33,176.457,176.304,176.377,6821.0,12.0,66.05,0.233,0.081,0.009,176.363,175.658,84.89,81.58,28.7,33.52,12.76,51.19,176.083,64.69,0.15,0,0,0,0,0,0,0,1,1
2025-10-16 12:00:00,6.7,6.7,1.0,1.0,1.0,1.0,1.0,2.0,720,4.0,176.33,176.457,176.304,176.377,6821.0,12.0,66.05,0.233,0.081,0.009,176.363,175.658,84.89,81.58,28.7,33.52,12.76,51.19,176.083,64.69,0.15,0,0,0,0,0,0,0,1,1
2025-10-17 12:00:00,0.10000000000000009,0.10000000000000009,0.03030303030303033,1.0,1.0,1.0,1.0,2.0,720,5.0,175.199,175.366,175.054,175.133,9828.0,12.0,29.06,0.249,-0.189,-0.113,176.13,175.162,43.38,34.67,44.83,6.59,31.0,44.74,175.927,43.23,0.197,0,1,0,0,0,0,0,0,1
2025-10-17 12:00:00,0.2,0.2,0.18181818181818182,1.0,1.0,1.0,1.0,1.0,720,5.0,175.199,175.366,175.054,175.133,9828.0,12.0,29.06,0.249,-0.189,-0.113,176.13,175.162,43.38,34.67,44.83,6.59,31.0,44.74,175.927,43.23,0.197,0,1,0,0,0,0,0,0,1
2025-10-20 11:00:00,-8.7,8.7,-0.3832599118942731,1.0,-1.0,-1.0,2.0,1.0,660,1.0,175.808,175.893,175.622,175.635,6980.0,11.0,47.25,0.253,0.038,0.057,176.115,175.288,25.0,25.88,16.1,15.86,20.2,46.4,175.845,50.16,0.119,0,0,0,0,0,0,0,1,1
2025-10-20 11:00:00,-24.800000000000004,24.800000000000004,-0.6578249336870027,1.0,-1.0,-1.0,2.0,1.0,660,1.0,175.808,175.893,175.622,175.635,6980.0,11.0,47.25,0.253,0.038,0.057,176.115,175.288,25.0,25.88,16.1,15.86,20.2,46.4,175.845,50.16,0.119,0,0,0,0,0,0,0,1,1
2025-10-20 12:00:00,-0.1,0.1,-0.1,1.0,-1.0,-1.0,2.0,1.0,720,1.0,175.632,175.812,175.239,175.779,8583.0,12.0,51.75,0.288,0.036,0.058,176.118,175.315,54.44,36.59,18.16,13.74,26.42,45.66,175.84,30.55,0.148,1,0,0,0,0,0,0,0,1
2025-10-20 12:00:00,-4.300000000000001,4.300000000000001,-0.7962962962962964,1.0,-1.0,-1.0,2.0,1.0,720,1.0,175.632,175.812,175.239,175.779,8583.0,12.0,51.75,0.288,0.036,0.058,176.118,175.315,54.44,36.59,18.16,13.74,26.42,45.66,175.84,30.55,0.148,1,0,0,0,0,0,0,0,1
2025-10-24 11:00:00,2.0,2.0,0.03875968992248062,1.0,1.0,1.0,1.0,2.0,660,5.0,177.562,177.643,177.515,177.578,6440.0,11.0,68.63,0.155,0.199,0.2,177.628,177.081,73.18,76.34,38.08,19.24,10.47,72.84,176.421,53.0,0.127,1,0,0,0,0,0,0,0,1
2025-10-24 11:00:00,1.1000000000000014,1.1000000000000014,0.02111324376199619,1.0,1.0,1.0,1.0,2.0,660,5.0,177.562,177.643,177.515,177.578,6440.0,11.0,68.63,0.155,0.199,0.2,177.628,177.081,73.18,76.34,38.08,19.24,10.47,72.84,176.421,53.0,0.127,1,0,0,0,0,0,0,0,1
2025-10-27 12:00:00,-0.10000000000000009,0.10000000000000009,-0.025641025641025664,1.0,-1.0,-1.0,2.0,1.0,720,1.0,177.772,177.926,177.756,177.849,4634.0,12.0,56.38,0.188,0.093,0.142,178.089,177.564,30.56,25.3,17.79,23.25,16.71,73.9,177.013,50.78,0.111,0,0,0,1,0,0,0,0,1
2025-10-27 12:00:00,0.19999999999999973,0.19999999999999973,0.05555555555555548,1.0,1.0,1.0,1.0,1.0,720,1.0,177.772,177.926,177.756,177.849,4634.0,12.0,56.38,0.188,0.093,0.142,178.089,177.564,30.56,25.3,17.79,23.25,16.71,73.9,177.013,50.78,0.111,0,0,0,1,0,0,0,0,1
2025-10-30 13:00:00,0.23999999999999994,0.23999999999999994,0.14117647058823526,1.0,1.0,1.0,1.0,1.0,780,4.0,178.703,178.801,178.627,178.751,6710.0,13.0,77.55,0.34,0.388,0.211,178.886,176.487,90.67,90.91,40.85,24.12,4.93,66.17,177.588,65.9,0.149,0,0,0,0,1,0,0,0,1
2025-10-30 13:00:00,0.5,0.5,0.051546391752577324,1.0,1.0,1.0,1.0,1.0,780,4.0,178.703,178.801,178.627,178.751,6710.0,13.0,77.55,0.34,0.388,0.211,178.886,176.487,90.67,90.91,40.85,24.12,4.93,66.17,177.588,65.9,0.149,0,0,0,0,0,1,0,0,1
2025-10-30 13:00:00,1.2000000000000002,1.2000000000000002,0.31578947368421056,1.0,1.0,1.0,1.0,1.0,780,4.0,178.703,178.801,178.627,178.751,6710.0,13.0,77.55,0.34,0.388,0.211,178.886,176.487,90.67,90.91,40.85,24.12,4.93,66.17,177.588,65.9,0.149,0,0,0,0,0,1,0,0,1
2025-10-30 13:00:00,1.7000000000000028,1.7000000000000028,0.01768990634755466,1.0,1.0,1.0,1.0,2.0,780,4.0,178.703,178.801,178.627,178.751,6710.0,13.0,77.55,0.34,0.388,0.211,178.886,176.487,90.67,90.91,40.85,24.12,4.93,66.17,177.588,65.9,0.149,0,0,0,0,0,1,0,0,1
2025-10-30 13:00:00,-3.5,3.5,-0.13257575757575757,1.0,-1.0,-1.0,2.0,3.0,780,4.0,178.703,178.801,178.627,178.751,6710.0,13.0,77.55,0.34,0.388,0.211,178.886,176.487,90.67,90.91,40.85,24.12,4.93,66.17,177.588,65.9,0.149,0,0,0,0,0,1,0,0,1
2025-10-30 13:00:00,3.2,3.2,0.6037735849056605,1.0,1.0,1.0,1.0,1.0,780,4.0,178.703,178.801,178.627,178.751,6710.0,13.0,77.55,0.34,0.388,0.211,178.886,176.487,90.67,90.91,40.85,24.12,4.93,66.17,177.588,65.9,0.149,0,0,0,0,0,1,0,0,1
2025-10-31 13:00:00,-0.09999999999999998,0.09999999999999998,-0.0769230769230769,1.0,-1.0,-1.0,2.0,1.0,780,5.0,178.354,178.384,178.2,178.257,4890.0,13.0,52.74,0.213,0.1,0.093,178.51,177.958,56.91,73.56,22.02,15.48,17.35,51.58,177.649,49.18,0.101,0,1,0,0,0,0,0,0,1
2025-10-31 13:00:00,0.10000000000000009,0.10000000000000009,0.03030303030303033,1.0,1.0,1.0,1.0,1.0,780,5.0,178.354,178.384,178.2,178.257,4890.0,13.0,52.74,0.213,0.1,0.093,178.51,177.958,56.91,73.56,22.02,15.48,17.35,51.58,177.649,49.18,0.101,0,1,0,0,0,0,0,0,1
2025-10-31 13:00:00,0.19999999999999973,0.19999999999999973,0.06249999999999992,1.0,1.0,1.0,1.0,2.0,780,5.0,178.354,178.384,178.2,178.257,4890.0,13.0,52.74,0.213,0.1,0.093,178.51,177.958,56.91,73.56,22.02,15.48,17.35,51.58,177.649,49.18,0.101,0,1,0,0,0,0,0,0,1
2025-10-31 13:00:00,0.4,0.4,0.36363636363636365,1.0,1.0,1.0,1.0,1.0,780,5.0,178.354,178.384,178.2,178.257,4890.0,13.0,52.74,0.213,0.1,0.093,178.51,177.958,56.91,73.56,22.02,15.48,17.35,51.58,177.649,49.18,0.101,0,1,0,0,0,0,0,0,1
2025-10-31 13:00:00,-0.09999999999999998,0.09999999999999998,-0.0769230769230769,1.0,-1.0,-1.0,2.0,2.0,780,5.0,178.354,178.384,178.2,178.257,4890.0,13.0,52.74,0.213,0.1,0.093,178.51,177.958,56.91,73.56,22.02,15.48,17.35,51.58,177.649,49.18,0.101,0,1,0,0,0,0,0,0,1
2025-10-31 13:00:00,-0.10000000000000009,0.10000000000000009,-0.03125000000000003,1.0,-1.0,-1.0,2.0,3.0,780,5.0,178.354,178.384,178.2,178.257,4890.0,13.0,52.74,0.213,0.1,0.093,178.51,177.958,56.91,73.56,22.02,15.48,17.35,51.58,177.649,49.18,0.101,0,1,0,0,0,0,0,0,1
2025-11-05 12:00:00,0.3999999999999986,0.3999999999999986,0.007462686567164152,1.0,1.0,1.0,1.0,2.0,720,3.0,176.505,176.613,176.406,176.411,5289.0,12.0,45.98,0.238,-0.117,-0.192,176.629,176.049,39.75,50.08,31.46,25.31,9.64,43.44,177.318,54.15,0.14,1,0,0,0,0,0,0,0,1
2025-11-05 12:00:00,0.29999999999999716,0.29999999999999716,0.005639097744360848,1.0,1.0,1.0,1.0,2.0,720,3.0,176.505,176.613,176.406,176.411,5289.0,12.0,45.98,0.238,-0.117,-0.192,176.629,176.049,39.75,50.08,31.46,25.31,9.64,43.44,177.318,54.15,0.14,1,0,0,0,0,0,0,0,1
2025-11-05 13:00:00,-0.2,0.2,-0.18181818181818182,1.0,-1.0,-1.0,2.0,1.0,780,3.0,176.409,176.527,176.395,176.474,4456.0,13.0,48.47,0.241,-0.101,-0.171,176.643,176.056,49.67,45.5,32.56,21.93,9.46,43.44,177.318,52.63,0.124,0,1,0,0,0,0,0,0,1
2025-11-05 13:00:00,1.7,1.7,0.5862068965517241,1.0,1.0,1.0,1.0,1.0,780,3.0,176.409,176.527,176.395,176.474,4456.0,13.0,48.47,0.241,-0.101,-0.171,176.643,176.056,49.67,45.5,32.56,21.93,9.46,43.44,177.318,52.63,0.124,0,1,0,0,0,0,0,0,1
2025-11-06 13:00:00,1.1,1.1,1.0,1.0,1.0,1.0,1.0,1.0,780,4.0,176.968,177.016,176.932,177.005,3976.0,13.0,53.01,0.163,0.074,0.113,177.198,176.884,34.39,29.02,25.47,11.32,16.7,50.3,177.047,44.15,0.078,0,0,0,0,0,0,1,0,1
2025-11-10 12:30:00,-0.7000000000000002,0.7000000000000002,-0.09090909090909093,1.0,-1.0,-1.0,2.0,1.0,750,1.0,178.342,178.344,178.205,178.25,4203.0,12.0,71.68,0.193,0.313,0.268,178.48,177.004,79.59,85.81,62.09,30.15,13.21,66.11,177.044,62.17,0.107,0,0,0,0,0,1,0,0,1
2025-11-11 13:00:00,8.8,8.8,0.5116279069767442,1.0,1.0,1.0,1.0,2.0,780,2.0,178.502,178.567,178.443,178.5,3851.0,13.0,65.41,0.154,0.148,0.136,178.579,177.848,87.64,81.86,33.2,26.75,9.75,64.08,177.507,66.91,0.071,0,0,0,0,0,1,0,0,1
2025-11-13 13:00:00,0.30000000000000004,0.30000000000000004,0.27272727272727276,1.0,1.0,1.0,1.0,2.0,780,4.0,179.644,179.738,179.578,179.596,5763.0,13.0,61.94,0.194,0.157,0.15,179.691,179.127,50.39,58.59,42.56,26.79,8.6,74.58,178.604,59.27,0.145,1,0,0,0,0,0,0,0,1
2025-11-13 13:00:00,-0.5,0.5,-0.18518518518518517,1.0,-1.0,-1.0,2.0,1.0,780,4.0,179.644,179.738,179.578,179.596,5763.0,13.0,61.94,0.194,0.157,0.15,179.691,179.127,50.39,58.59,42.56,26.79,8.6,74.58,178.604,59.27,0.145,1,0,0,0,0,0,0,0,1
2025-11-14 13:00:00,19.099999999999998,19.099999999999998,14.69230769230769,1.0,1.0,1.0,1.0,2.0,780,5.0,179.713,179.717,179.534,179.703,5917.0,13.0,49.86,0.18,0.066,0.103,179.942,179.652,34.9,39.71,24.57,6.13,23.73,57.14,179.074,39.27,0.111,0,0,0,0,0,0,0,1,1
2025-11-14 13:00:00,5.399999999999999,5.399999999999999,0.3776223776223775,1.0,1.0,1.0,1.0,2.0,780,5.0,179.713,179.717,179.534,179.703,5917.0,13.0,49.86,0.18,0.066,0.103,179.942,179.652,34.9,39.71,24.57,6.13,23.73,57.14,179.074,39.27,0.111,0,0,0,0,0,0,0,1,1
2025-11-14 13:00:00,-0.1,0.1,-0.08333333333333334,1.0,-1.0,-1.0,2.0,1.0,780,5.0,179.713,179.717,179.534,179.703,5917.0,13.0,49.86,0.18,0.066,0.103,179.942,179.652,34.9,39.71,24.57,6.13,23.73,57.14,179.074,39.27,0.111,0,0,1,0,0,0,0,0,1
2025-11-14 13:00:00,-0.19999999999999996,0.19999999999999996,-0.11764705882352938,1.0,-1.0,-1.0,2.0,1.0,780,5.0,179.713,179.717,179.534,179.703,5917.0,13.0,49.86,0.18,0.066,0.103,179.942,179.652,34.9,39.71,24.57,6.13,23.73,57.14,179.074,39.27,0.111,0,0,1,0,0,0,0,0,1
2025-11-14 13:00:00,0.09999999999999987,0.09999999999999987,0.04347826086956516,1.0,1.0,1.0,1.0,2.0,780,5.0,179.713,179.717,179.534,179.703,5917.0,13.0,49.86,0.18,0.066,0.103,179.942,179.652,34.9,39.71,24.57,6.13,23.73,57.14,179.074,39.27,0.111,1,0,0,0,0,0,0,0,1
2025-11-19 12:00:00,-8.799999999999997,8.799999999999997,-0.26747720364741634,1.0,-1.0,-1.0,2.0,1.0,720,3.0,180.486,180.831,180.424,180.762,6820.0,12.0,74.6,0.199,0.122,0.051,180.521,179.698,86.34,78.65,25.78,37.38,14.33,76.06,179.857,67.31,0.14,0,0,0,0,0,0,0,1,1
2025-11-19 12:00:00,6.900000000000002,6.900000000000002,0.21428571428571433,1.0,1.0,1.0,1.0,1.0,720,3.0,180.486,180.831,180.424,180.762,6820.0,12.0,74.6,0.199,0.122,0.051,180.521,179.698,86.34,78.65,25.78,37.38,14.33,76.06,179.857,67.31,0.14,0,0,0,0,0,0,0,1,1
2025-11-19 13:00:00,-0.09999999999999998,0.09999999999999998,-0.0769230769230769,1.0,-1.0,-1.0,2.0,1.0,780,3.0,180.76,180.916,180.758,180.871,6248.0,13.0,76.47,0.205,0.166,0.064,180.671,179.652,94.43,86.11,29.31,39.57,12.42,76.06,179.857,77.34,0.158,0,1,0,0,0,0,0,0,1
2025-11-19 13:00:00,0.10000000000000009,0.10000000000000009,0.03333333333333336,1.0,1.0,1.0,1.0,1.0,780,3.0,180.76,180.916,180.758,180.871,6248.0,13.0,76.47,0.205,0.166,0.064,180.671,179.652,94.43,86.11,29.31,39.57,12.42,76.06,179.857,77.34,0.158,0,1,0,0,0,0,0,0,1
2025-11-20 13:00:00,-0.09999999999999998,0.09999999999999998,-0.07142857142857141,1.0,-1.0,-1.0,2.0,1.0,780,4.0,181.43,181.454,181.286,181.371,4993.0,13.0,58.56,0.252,0.22,0.264,181.697,180.695,44.73,33.34,29.79,26.24,13.52,76.55,180.252,54.68,0.126,1,0,0,0,0,0,0,0,1
2025-11-20 13:00:00,-0.3,0.3,-0.3,1.0,-1.0,-1.0,2.0,1.0,780,4.0,181.43,181.454,181.286,181.371,4993.0,13.0,58.56,0.252,0.22,0.264,181.697,180.695,44.73,33.34,29.79,26.24,13.52,76.55,180.252,54.68,0.126,1,0,0,0,0,0,0,0,1
2025-11-20 18:00:00,0.3000000000000007,0.3000000000000007,0.019354838709677465,1.0,1.0,1.0,1.0,1.0,1080,4.0,181.777,181.809,181.51,181.574,12749.0,18.0,58.81,0.278,0.247,0.239,181.826,180.988,62.48,73.7,38.43,27.05,17.71,75.23,180.335,48.33,0.169,0,0,0,0,0,1,0,0,1
2025-11-21 12:00:00,1.1000000000000014,1.1000000000000014,0.020754716981132102,1.0,1.0,1.0,1.0,2.0,720,5.0,180.68,180.68,180.3,180.621,9601.0,12.0,32.72,0.28,-0.113,0.031,182.059,180.768,25.48,26.21,48.26,5.09,37.02,50.61,180.686,21.23,0.215,1,0,0,0,0,0,0,0,1
2025-11-21 12:00:00,0.10000000000000142,0.10000000000000142,0.0018761726078799516,1.0,1.0,1.0,1.0,2.0,720,5.0,180.68,180.68,180.3,180.621,9601.0,12.0,32.72,0.28,-0.113,0.031,182.059,180.768,25.48,26.21,48.26,5.09,37.02,50.61,180.686,21.23,0.215,1,0,0,0,0,0,0,0,1
2025-11-21 12:00:00,-0.3999999999999986,0.3999999999999986,-0.00782778864970643,1.0,-1.0,-1.0,2.0,2.0,720,5.0,180.68,180.68,180.3,180.621,9601.0,12.0,32.72,0.28,-0.113,0.031,182.059,180.768,25.48,26.21,48.26,5.09,37.02,50.61,180.686,21.23,0.215,1,0,0,0,0,0,0,0,1
2025-11-27 12:00:00,0.19999999999999973,0.19999999999999973,0.05555555555555548,1.0,1.0,1.0,1.0,1.0,720,4.0,181.023,181.065,180.969,181.038,3689.0,12.0,48.66,0.213,0.014,0.048,181.498,180.868,58.73,57.29,26.5,14.94,21.37,57.68,180.743,46.36,0.102,0,0,0,1,0,0,0,0,1
2025-11-27 12:00:00,0.19999999999999973,0.19999999999999973,0.05555555555555548,1.0,1.0,1.0,1.0,2.0,720,4.0,181.023,181.065,180.969,181.038,3689.0,12.0,48.66,0.213,0.014,0.048,181.498,180.868,58.73,57.29,26.5,14.94,21.37,57.68,180.743,46.36,0.102,0,0,0,1,0,0,0,0,1
2025-11-27 12:00:00,-0.10000000000000009,0.10000000000000009,-0.025000000000000022,1.0,-1.0,-1.0,2.0,1.0,720,4.0,181.023,181.065,180.969,181.038,3689.0,12.0,48.66,0.213,0.014,0.048,181.498,180.868,58.73,57.29,26.5,14.94,21.37,57.68,180.743,46.36,0.102,0,0,0,1,0,0,0,0,1
2025-11-27 12:00:00,-0.10000000000000009,0.10000000000000009,-0.02439024390243905,1.0,-1.0,-1.0,2.0,1.0,720,4.0,181.023,181.065,180.969,181.038,3689.0,12.0,48.66,0.213,0.014,0.048,181.498,180.868,58.73,57.29,26.5,14.94,21.37,57.68,180.743,46.36,0.102,0,0,0,1,0,0,0,0,1
2025-11-27 13:00:00,-0.23000000000000004,0.23000000000000004,-0.16083916083916086,1.0,-1.0,-1.0,2.0,1.0,780,4.0,181.039,181.116,180.965,181.102,4145.0,13.0,51.47,0.22,0.014,0.038,181.488,180.861,42.77,53.42,23.36,17.45,18.52,57.68,180.743,47.57,0.099,0,0,0,0,1,0,0,0,1
2025-11-27 13:00:00,-1.8000000000000007,1.8000000000000007,-0.21176470588235302,1.0,-1.0,-1.0,2.0,1.0,780,4.0,181.039,181.116,180.965,181.102,4145.0,13.0,51.47,0.22,0.014,0.038,181.488,180.861,42.77,53.42,23.36,17.45,18.52,57.68,180.743,47.57,0.099,0,0,0,0,0,1,0,0,1
2025-11-27 13:00:00,2.4000000000000004,2.4000000000000004,0.558139534883721,1.0,1.0,1.0,1.0,1.0,780,4.0,181.039,181.116,180.965,181.102,4145.0,13.0,51.47,0.22,0.014,0.038,181.488,180.861,42.77,53.42,23.36,17.45,18.52,57.68,180.743,47.57,0.099,0,0,0,0,0,1,0,0,1
2025-11-27 13:00:00,1.2000000000000028,1.2000000000000028,0.012396694214876063,1.0,1.0,1.0,1.0,2.0,780,4.0,181.039,181.116,180.965,181.102,4145.0,13.0,51.47,0.22,0.014,0.038,181.488,180.861,42.77,53.42,23.36,17.45,18.52,57.68,180.743,47.57,0.099,0,0,0,0,0,1,0,0,1
2025-11-27 13:00:00,1.2000000000000028,1.2000000000000028,0.05240174672489096,1.0,1.0,1.0,1.0,3.0,780,4.0,181.039,181.116,180.965,181.102,4145.0,13.0,51.47,0.22,0.014,0.038,181.488,180.861,42.77,53.42,23.36,17.45,18.52,57.68,180.743,47.57,0.099,0,0,0,0,0,1,0,0,1
2025-11-27 13:00:00,-0.5999999999999996,0.5999999999999996,-0.05217391304347823,1.0,-1.0,-1.0,2.0,1.0,780,4.0,181.039,181.116,180.965,181.102,4145.0,13.0,51.47,0.22,0.014,0.038,181.488,180.861,42.77,53.42,23.36,17.45,18.52,57.68,180.743,47.57,0.099,0,0,0,0,0,1,0,0,1
2025-12-01 12:00:00,-0.10000000000000142,0.10000000000000142,-0.001972386587771231,1.0,-1.0,-1.0,2.0,2.0,720,1.0,180.476,180.531,180.375,180.522,6417.0,12.0,42.65,0.243,-0.153,-0.154,181.424,180.078,68.19,61.26,19.94,13.43,19.45,40.28,180.921,48.73,0.106,1,0,0,0,0,0,0,0,1
2025-12-02 13:00:00,-0.6000000000000001,0.6000000000000001,-0.5000000000000001,1.0,-1.0,-1.0,2.0,1.0,780,2.0,181.105,181.107,180.976,181.056,4937.0,13.0,66.07,0.148,0.124,0.059,181.159,180.262,76.78,81.95,43.14,24.86,10.71,58.16,180.922,58.73,0.096,0,1,0,0,0,0,0,0,1
2025-12-02 13:00:00,0.10000000000000053,0.10000000000000053,0.013698630136986375,1.0,-1.0,-1.0,2.0,2.0,780,2.0,181.105,181.107,180.976,181.056,4937.0,13.0,66.07,0.148,0.124,0.059,181.159,180.262,76.78,81.95,43.14,24.86,10.71,58.16,180.922,58.73,0.096,0,0,1,0,0,0,0,0,1
2025-12-02 13:00:00,-0.4,0.4,-0.36363636363636365,1.0,-1.0,-1.0,2.0,2.0,780,2.0,181.105,181.107,180.976,181.056,4937.0,13.0,66.07,0.148,0.124,0.059,181.159,180.262,76.78,81.95,43.14,24.86,10.71,58.16,180.922,58.73,0.096,0,1,0,0,0,0,0,0,1
2025-12-02 13:00:00,-0.8,0.8,-0.6153846153846154,1.0,-1.0,-1.0,2.0,1.0,780,2.0,181.105,181.107,180.976,181.056,4937.0,13.0,66.07,0.148,0.124,0.059,181.159,180.262,76.78,81.95,43.14,24.86,10.71,58.16,180.922,58.73,0.096,0,1,0,0,0,0,0,0,1
2025-12-02 13:00:00,0.10000000000000009,0.10000000000000009,0.03225806451612906,1.0,1.0,1.0,1.0,3.0,780,2.0,181.105,181.107,180.976,181.056,4937.0,13.0,66.07,0.148,0.124,0.059,181.159,180.262,76.78,81.95,43.14,24.86,10.71,58.16,180.922,58.73,0.096,0,1,0,0,0,0,0,0,1
2025-12-03 12:00:00,0.5,0.5,0.009242144177449167,1.0,1.0,1.0,1.0,2.0,720,3.0,181.23,181.406,181.215,181.352,6274.0,12.0,62.81,0.139,0.1,0.102,181.396,180.904,72.63,67.02,20.19,23.43,14.08,60.3,180.929,60.16,0.091,1,0,0,0,0,0,0,0,1
2025-12-03 12:00:00,0.3999999999999986,0.3999999999999986,0.007490636704119823,1.0,1.0,1.0,1.0,2.0,720,3.0,181.23,181.406,181.215,181.352,6274.0,12.0,62.81,0.139,0.1,0.102,181.396,180.904,72.63,67.02,20.19,23.43,14.08,60.3,180.929,60.16,0.091,1,0,0,0,0,0,0,0,1
2025-12-03 13:00:00,-0.6,0.6,-0.5454545454545454,1.0,-1.0,-1.0,2.0,1.0,780,3.0,181.353,181.353,181.202,181.303,4781.0,13.0,59.7,0.145,0.1,0.1,181.398,180.943,68.65,69.51,20.25,20.31,13.35,60.3,180.929,51.39,0.096,0,1,0,0,0,0,0,0,1
2025-12-04 13:00:00,0.7,0.7,0.38888888888888884,1.0,1.0,1.0,1.0,1.0,780,4.0,180.541,180.569,180.4,180.491,5283.0,13.0,32.4,0.231,-0.105,-0.028,181.372,180.615,9.83,21.48,29.35,6.42,33.42,41.82,180.904,26.9,0.147,0,0,0,0,0,0,1,0,1
2025-12-08 12:30:00,0.09999999999999964,0.09999999999999964,0.013698630136986254,1.0,1.0,1.0,1.0,1.0,750,1.0,181.108,181.202,181.071,181.184,5029.0,12.0,66.77,0.165,0.108,0.044,181.197,180.485,86.22,87.93,38.85,29.5,9.14,58.69,180.908,66.54,0.09,0,0,0,0,0,1,0,0,1
2025-12-15 13:00:00,0.7000000000000001,0.7000000000000001,0.6363636363636364,1.0,1.0,1.0,1.0,2.0,780,1.0,182.111,182.142,181.946,182.015,3571.0,13.0,34.89,0.196,-0.204,-0.142,183.348,181.678,53.16,47.88,44.61,14.29,29.23,50.28,182.46,47.94,0.101,1,0,0,0,0,0,0,0,1
2025-12-15 13:00:00,1.1,1.1,0.5789473684210527,1.0,1.0,1.0,1.0,1.0,780,1.0,182.111,182.142,181.946,182.015,3571.0,13.0,34.89,0.196,-0.204,-0.142,183.348,181.678,53.16,47.88,44.61,14.29,29.23,50.28,182.46,47.94,0.101,1,0,0,0,0,0,0,0,1
2025-12-16 12:00:00,-0.6999999999999957,0.6999999999999957,-0.012891344383057012,1.0,-1.0,-1.0,2.0,2.0,720,2.0,182.029,182.135,182.01,182.086,5338.0,12.0,44.4,0.181,-0.107,-0.118,182.624,181.766,65.65,67.67,30.9,12.19,14.7,49.3,182.422,53.53,0.108,1,0,0,0,0,0,0,0,1
2025-12-16 12:00:00,-0.5999999999999943,0.5999999999999943,-0.011811023622047133,1.0,-1.0,-1.0,2.0,2.0,720,2.0,182.029,182.135,182.01,182.086,5338.0,12.0,44.4,0.181,-0.107,-0.118,182.624,181.766,65.65,67.67,30.9,12.19,14.7,49.3,182.422,53.53,0.108,1,0,0,0,0,0,0,0,1
2025-12-16 12:00:00,-0.6000000000000014,0.6000000000000014,-0.011214953271028064,1.0,-1.0,-1.0,2.0,2.0,720,2.0,182.029,182.135,182.01,182.086,5338.0,12.0,44.4,0.181,-0.107,-0.118,182.624,181.766,65.65,67.67,30.9,12.19,14.7,49.3,182.422,53.53,0.108,1,0,0,0,0,0,0,0,1
2025-12-16 13:00:00,9.999999999999998,9.999999999999998,1.0638297872340423,1.0,1.0,1.0,1.0,2.0,780,2.0,182.086,182.115,182.029,182.111,4264.0,13.0,45.91,0.181,-0.096,-0.117,182.58,181.769,68.93,67.51,28.03,10.57,12.74,49.3,182.422,51.5,0.103,0,0,0,0,0,0,0,1,1
2025-12-16 13:00:00,0.8000000000000007,0.8000000000000007,0.056338028169014134,1.0,1.0,1.0,1.0,2.0,780,2.0,182.086,182.115,182.029,182.111,4264.0,13.0,45.91,0.181,-0.096,-0.117,182.58,181.769,68.93,67.51,28.03,10.57,12.74,49.3,182.422,51.5,0.103,0,0,0,0,0,0,0,1,1
2025-12-17 13:00:00,-0.19999999999999998,0.19999999999999998,-0.1818181818181818,1.0,-1.0,-1.0,2.0,1.0,780,3.0,182.281,182.331,182.124,182.131,4990.0,13.0,53.25,0.192,0.027,-0.04,182.326,181.587,80.36,89.69,32.64,21.07,6.93,54.38,182.343,60.95,0.093,0,1,0,0,0,0,0,0,1
2025-12-17 13:00:00,0.10000000000000009,0.10000000000000009,0.03333333333333336,1.0,1.0,1.0,1.0,1.0,780,3.0,182.281,182.331,182.124,182.131,4990.0,13.0,53.25,0.192,0.027,-0.04,182.326,181.587,80.36,89.69,32.64,21.07,6.93,54.38,182.343,60.95,0.093,0,1,0,0,0,0,0,0,1
2025-12-17 13:00:00,-0.10000000000000009,0.10000000000000009,-0.03125000000000003,1.0,-1.0,-1.0,2.0,3.0,780,3.0,182.281,182.331,182.124,182.131,4990.0,13.0,53.25,0.192,0.027,-0.04,182.326,181.587,80.36,89.69,32.64,21.07,6.93,54.38,182.343,60.95,0.093,0,1,0,0,0,0,0,0,1
2025-12-17 13:00:00,-1.5999999999999996,1.5999999999999996,-0.28571428571428564,1.0,-1.0,-1.0,2.0,2.0,780,3.0,182.281,182.331,182.124,182.131,4990.0,13.0,53.25,0.192,0.027,-0.04,182.326,181.587,80.36,89.69,32.64,21.07,6.93,54.38,182.343,60.95,0.093,0,0,1,0,0,0,0,0,1
2025-12-18 13:00:00,2.8,2.8,0.8484848484848485,1.0,1.0,1.0,1.0,1.0,780,4.0,182.742,182.756,182.555,182.597,4042.0,13.0,47.23,0.182,0.116,0.174,183.064,182.539,16.64,22.95,28.0,12.75,28.81,58.82,182.362,35.9,0.11,1,0,0,0,0,0,0,0,1
2025-12-18 13:00:00,0.4,0.4,0.26666666666666666,1.0,1.0,1.0,1.0,1.0,780,4.0,182.742,182.756,182.555,182.597,4042.0,13.0,47.23,0.182,0.116,0.174,183.064,182.539,16.64,22.95,28.0,12.75,28.81,58.82,182.362,35.9,0.11,1,0,0,0,0,0,0,0,1
2025-12-19 18:00:00,-0.1999999999999993,0.1999999999999993,-0.012987012987012941,1.0,-1.0,-1.0,2.0,1.0,1080,5.0,184.394,184.532,184.365,184.518,6461.0,18.0,75.36,0.359,0.51,0.395,185.072,181.755,75.43,82.58,58.83,29.31,7.33,76.09,182.61,62.17,0.164,0,0,0,0,0,1,0,0,1
